scenario,index,input_to_msg_ms,msg_to_present_ms,present_block_ms,present_to_display_ms,total_ms,has_display,points_in_frame,present_count
real-pen,0,6.264,37.699,0.697,0.000,38.396,0,4,0
real-pen,1,2.655,3.816,0.196,0.000,4.012,0,2,0
real-pen,2,4.233,5.486,1.292,0.000,6.777,0,2,0
real-pen,3,7.004,8.170,0.416,0.000,8.586,0,2,0
real-pen,4,2.359,4.496,0.136,0.000,4.632,0,3,0
real-pen,5,2.352,3.386,0.185,0.000,3.571,0,2,0
real-pen,6,3.459,5.017,0.198,0.000,5.215,0,2,0
real-pen,7,4.808,5.371,0.202,0.000,5.573,0,2,0
real-pen,8,1.173,2.308,0.184,0.000,2.493,0,3,0
real-pen,9,1.417,2.367,0.132,0.000,2.499,0,2,0
real-pen,10,2.759,3.735,0.244,0.000,3.979,0,2,0
real-pen,11,4.856,6.189,0.194,0.000,6.383,0,2,0
real-pen,12,0.199,14.752,0.188,0.000,14.940,0,1,0
real-pen,13,0.499,1.796,0.182,0.000,1.977,0,2,0
real-pen,14,2.300,3.251,0.139,0.000,3.390,0,2,0
real-pen,15,4.729,5.928,0.317,0.000,6.244,0,2,0
real-pen,16,6.570,8.060,0.225,0.000,8.285,0,3,0
real-pen,17,0.947,1.989,0.189,0.000,2.178,0,4,0
real-pen,18,0.945,1.391,0.237,0.000,1.628,0,2,0
real-pen,19,2.437,3.104,0.256,0.000,3.360,0,2,0
real-pen,20,4.747,5.697,0.309,0.000,6.006,0,2,0
real-pen,21,6.356,7.099,0.145,0.000,7.244,0,2,0
real-pen,22,0.789,1.727,0.146,0.000,1.873,0,2,0
real-pen,23,2.758,3.371,0.203,0.000,3.573,0,3,0
real-pen,24,11.242,11.989,0.269,0.000,12.257,0,2,0
real-pen,25,6.828,7.615,0.230,0.000,7.845,0,2,0
real-pen,26,0.476,1.084,0.228,0.000,1.312,0,3,0
real-pen,27,1.127,1.971,0.258,0.000,2.230,0,2,0
real-pen,28,2.338,3.091,0.231,0.000,3.322,0,2,0
real-pen,29,4.246,5.660,0.527,0.000,6.187,0,2,0
real-pen,30,6.692,8.058,0.314,0.000,8.372,0,2,0
real-pen,31,1.228,1.900,0.214,0.000,2.115,0,2,0
real-pen,32,1.831,2.570,0.166,0.000,2.735,0,2,0
real-pen,33,3.645,4.295,0.163,0.000,4.458,0,2,0
real-pen,34,4.301,4.871,0.131,0.000,5.002,0,2,0
real-pen,35,0.826,1.379,0.183,0.000,1.561,0,2,0
real-pen,36,1.366,2.144,0.204,0.000,2.348,0,2,0
real-pen,37,2.685,3.776,0.317,0.000,4.093,0,2,0
real-pen,38,4.425,4.971,0.184,0.000,5.155,0,2,0
real-pen,39,5.934,6.736,0.207,0.000,6.943,0,2,0
real-pen,40,0.737,1.378,0.228,0.000,1.606,0,2,0
real-pen,41,2.273,2.949,0.221,0.000,3.170,0,3,0
real-pen,42,4.000,4.552,0.306,0.000,4.858,0,3,0
real-pen,43,5.837,6.619,0.262,0.000,6.880,0,3,0
real-pen,44,7.184,8.028,0.202,0.000,8.229,0,2,0
real-pen,45,2.768,4.304,0.370,0.000,4.674,0,2,0
real-pen,46,3.624,4.951,0.238,0.000,5.189,0,2,0
real-pen,47,4.847,5.828,0.241,0.000,6.069,0,2,0
real-pen,48,5.633,6.361,0.253,0.000,6.614,0,2,0
real-pen,49,0.340,1.055,0.216,0.000,1.271,0,2,0
real-pen,50,2.889,3.804,0.153,0.000,3.957,0,2,0
real-pen,51,3.874,4.776,0.187,0.000,4.963,0,2,0
real-pen,52,5.313,6.150,0.144,0.000,6.294,0,2,0
real-pen,53,7.537,8.573,0.436,0.000,9.010,0,2,0
real-pen,54,0.968,1.870,0.140,0.000,2.009,0,2,0
real-pen,55,2.630,3.633,0.235,0.000,3.868,0,2,0
real-pen,56,5.083,6.219,0.305,0.000,6.524,0,2,0
real-pen,57,6.667,7.479,0.217,0.000,7.696,0,2,0
real-pen,58,0.874,1.720,0.199,0.000,1.919,0,2,0
real-pen,59,2.575,3.514,0.302,0.000,3.816,0,3,0
real-pen,60,4.359,5.134,0.152,0.000,5.286,0,3,0
real-pen,61,0.450,14.621,0.276,0.000,14.897,0,2,0
real-pen,62,1.626,2.569,0.285,0.000,2.854,0,6,0
real-pen,63,1.407,2.336,0.309,0.000,2.645,0,2,0
real-pen,64,2.505,3.355,0.204,0.000,3.558,0,2,0
real-pen,65,2.595,3.368,0.313,0.000,3.681,0,2,0
real-pen,66,5.709,6.416,0.169,0.000,6.585,0,2,0
real-pen,67,0.673,1.214,0.206,0.000,1.420,0,2,0
real-pen,68,1.840,2.502,0.278,0.000,2.780,0,2,0
real-pen,69,4.630,5.595,0.356,0.000,5.950,0,2,0
real-pen,70,6.106,6.998,0.454,0.000,7.451,0,2,0
real-pen,71,2.036,3.045,0.257,0.000,3.301,0,4,0
real-pen,72,1.965,2.869,0.399,0.000,3.268,0,2,0
real-pen,73,3.119,3.960,0.543,0.000,4.503,0,2,0
real-pen,74,4.458,5.239,0.493,0.000,5.731,0,2,0
real-pen,75,8.629,9.947,0.273,0.000,10.220,0,2,0
real-pen,76,1.104,1.858,0.249,0.000,2.107,0,3,0
real-pen,77,2.639,3.519,0.218,0.000,3.737,0,2,0
real-pen,78,4.119,4.807,0.187,0.000,4.995,0,2,0
real-pen,79,5.717,6.813,0.346,0.000,7.159,0,2,0
real-pen,80,0.590,1.129,0.175,0.000,1.304,0,3,0
real-pen,81,1.403,2.611,0.424,0.000,3.035,0,2,0
real-pen,82,3.091,4.407,0.490,0.000,4.897,0,2,0
real-pen,83,5.973,7.595,0.531,0.000,8.126,0,2,0
real-pen,84,6.237,6.975,0.215,0.000,7.190,0,2,0
real-pen,85,1.042,1.938,0.272,0.000,2.210,0,2,0
real-pen,86,2.559,3.306,0.229,0.000,3.535,0,2,0
real-pen,87,5.405,6.224,0.527,0.000,6.751,0,2,0
real-pen,88,6.225,7.037,0.589,0.000,7.626,0,3,0
real-pen,89,1.212,2.237,0.183,0.000,2.419,0,4,0
real-pen,90,2.004,3.086,0.188,0.000,3.274,0,2,0
real-pen,91,3.620,4.535,0.392,0.000,4.927,0,2,0
real-pen,92,5.279,6.307,0.460,0.000,6.768,0,2,0
real-pen,93,0.676,1.489,0.254,0.000,1.743,0,3,0
real-pen,94,1.300,2.039,0.247,0.000,2.286,0,2,0
real-pen,95,2.679,3.182,0.151,0.000,3.333,0,2,0
real-pen,96,4.129,5.952,0.446,0.000,6.397,0,2,0
real-pen,97,5.680,6.270,0.267,0.000,6.537,0,2,0
real-pen,98,0.336,0.918,0.189,0.000,1.107,0,2,0
real-pen,99,1.327,2.011,0.148,0.000,2.159,0,2,0
real-pen,100,3.327,3.921,0.235,0.000,4.156,0,2,0
real-pen,101,5.972,6.721,0.281,0.000,7.002,0,2,0
real-pen,102,6.683,7.320,0.193,0.000,7.513,0,2,0
real-pen,103,0.804,1.402,0.333,0.000,1.735,0,2,0
real-pen,104,2.368,3.180,0.357,0.000,3.537,0,2,0
real-pen,105,5.145,6.639,0.492,0.000,7.131,0,2,0
real-pen,106,6.832,7.883,0.225,0.000,8.108,0,2,0
real-pen,107,1.263,2.138,0.214,0.000,2.353,0,2,0
real-pen,108,1.798,2.442,0.166,0.000,2.608,0,2,0
real-pen,109,3.676,4.278,0.281,0.000,4.559,0,2,0
real-pen,110,4.002,4.650,0.233,0.000,4.883,0,2,0
real-pen,111,5.835,6.664,0.166,0.000,6.830,0,2,0
real-pen,112,0.461,1.403,0.167,0.000,1.570,0,2,0
real-pen,113,1.863,2.545,0.272,0.000,2.817,0,2,0
real-pen,114,3.713,4.484,0.299,0.000,4.783,0,2,0
real-pen,115,5.002,5.567,0.246,0.000,5.814,0,2,0
real-pen,116,0.496,1.223,0.181,0.000,1.404,0,2,0
real-pen,117,1.972,2.699,0.278,0.000,2.978,0,2,0
real-pen,118,3.066,4.137,0.375,0.000,4.512,0,2,0
real-pen,119,6.276,7.697,0.362,0.000,8.059,0,3,0
real-pen,120,8.841,9.859,0.255,0.000,10.114,0,3,0
real-pen,121,1.725,2.583,0.211,0.000,2.793,0,3,0
real-pen,122,3.323,4.068,0.272,0.000,4.340,0,3,0
real-pen,123,4.184,4.929,0.235,0.000,5.164,0,2,0
real-pen,124,5.295,5.999,0.260,0.000,6.259,0,2,0
real-pen,125,0.499,1.206,0.170,0.000,1.377,0,3,0
real-pen,126,1.959,2.687,0.220,0.000,2.906,0,2,0
real-pen,127,3.412,4.303,0.313,0.000,4.617,0,2,0
real-pen,128,5.241,5.974,0.242,0.000,6.216,0,2,0
real-pen,129,7.135,7.836,0.203,0.000,8.039,0,2,0
real-pen,130,1.037,1.919,0.334,0.000,2.253,0,2,0
real-pen,131,2.880,3.805,0.431,0.000,4.236,0,2,0
real-pen,132,4.436,5.396,0.306,0.000,5.702,0,2,0
real-pen,133,6.702,8.009,0.381,0.000,8.390,0,2,0
real-pen,134,1.699,2.932,0.308,0.000,3.240,0,2,0
real-pen,135,3.774,4.558,0.235,0.000,4.793,0,3,0
real-pen,136,4.510,5.432,0.305,0.000,5.737,0,2,0
real-pen,137,6.339,6.992,0.252,0.000,7.244,0,2,0
real-pen,138,0.588,1.547,0.316,0.000,1.863,0,2,0
real-pen,139,3.314,4.192,0.209,0.000,4.400,0,2,0
real-pen,140,3.481,4.292,0.179,0.000,4.471,0,2,0
real-pen,141,5.561,6.220,0.171,0.000,6.391,0,2,0
real-pen,142,1.237,1.944,0.190,0.000,2.134,0,2,0
real-pen,143,1.793,2.581,0.162,0.000,2.743,0,2,0
real-pen,144,2.024,2.566,0.115,0.000,2.681,0,2,0
real-pen,145,7.028,8.027,0.283,0.000,8.309,0,2,0
real-pen,146,0.781,15.708,0.609,0.000,16.317,0,2,0
real-pen,147,1.899,2.879,0.166,0.000,3.045,0,4,0
real-pen,148,1.152,2.150,0.221,0.000,2.371,0,2,0
real-pen,149,3.048,4.091,0.229,0.000,4.321,0,2,0
real-pen,150,3.645,4.469,0.235,0.000,4.704,0,2,0
real-pen,151,0.406,1.148,0.166,0.000,1.313,0,2,0
real-pen,152,2.174,2.918,0.190,0.000,3.108,0,3,0
real-pen,153,2.715,3.553,0.176,0.000,3.730,0,2,0
real-pen,154,5.054,5.681,0.185,0.000,5.865,0,2,0
real-pen,155,0.618,1.402,0.216,0.000,1.619,0,3,0
real-pen,156,0.571,1.457,0.254,0.000,1.711,0,2,0
real-pen,157,1.629,2.405,0.177,0.000,2.583,0,2,0
real-pen,158,3.709,4.482,0.178,0.000,4.660,0,2,0
real-pen,159,5.242,6.370,0.554,0.000,6.925,0,2,0
real-pen,160,1.881,3.107,0.224,0.000,3.331,0,2,0
real-pen,161,2.977,4.216,0.172,0.000,4.388,0,2,0
real-pen,162,2.969,3.705,0.153,0.000,3.858,0,2,0
real-pen,163,5.077,5.804,0.158,0.000,5.962,0,2,0
real-pen,164,0.685,1.324,0.188,0.000,1.513,0,3,0
real-pen,165,0.549,1.337,0.180,0.000,1.516,0,3,0
real-pen,166,2.432,3.242,0.347,0.000,3.589,0,2,0
real-pen,167,3.678,4.553,0.309,0.000,4.862,0,2,0
real-pen,168,5.779,6.570,0.202,0.000,6.772,0,2,0
real-pen,169,0.780,1.604,0.294,0.000,1.898,0,2,0
real-pen,170,1.645,2.333,0.171,0.000,2.504,0,2,0
real-pen,171,5.776,7.296,0.539,0.000,7.835,0,4,0
real-pen,172,7.136,8.070,0.176,0.000,8.246,0,3,0
real-pen,173,1.937,3.342,0.292,0.000,3.634,0,2,0
real-pen,174,1.838,2.816,0.240,0.000,3.056,0,2,0
real-pen,175,4.768,5.979,0.411,0.000,6.390,0,2,0
real-pen,176,5.597,6.635,0.305,0.000,6.940,0,2,0
real-pen,177,0.426,1.332,0.325,0.000,1.657,0,3,0
real-pen,178,2.140,3.035,0.212,0.000,3.247,0,2,0
real-pen,179,4.112,4.826,0.217,0.000,5.042,0,2,0
real-pen,180,4.765,5.614,0.272,0.000,5.886,0,2,0
real-pen,181,0.423,1.139,0.195,0.000,1.334,0,3,0
real-pen,182,1.056,2.068,0.276,0.000,2.344,0,2,0
real-pen,183,2.527,3.316,0.252,0.000,3.568,0,2,0
real-pen,184,4.055,5.055,0.286,0.000,5.341,0,2,0
real-pen,185,6.582,7.946,0.198,0.000,8.145,0,3,0
real-pen,186,1.961,3.067,0.212,0.000,3.279,0,2,0
real-pen,187,0.996,1.721,0.178,0.000,1.898,0,2,0
real-pen,188,2.604,3.723,0.225,0.000,3.948,0,2,0
real-pen,189,4.463,5.139,0.179,0.000,5.317,0,2,0
real-pen,190,6.297,7.224,0.191,0.000,7.414,0,2,0
real-pen,191,0.987,1.945,0.203,0.000,2.147,0,2,0
real-pen,192,2.836,3.524,0.213,0.000,3.737,0,2,0
real-pen,193,4.335,5.451,0.358,0.000,5.809,0,2,0
real-pen,194,4.946,5.574,0.193,0.000,5.767,0,2,0
real-pen,195,0.607,1.547,0.164,0.000,1.711,0,2,0
real-pen,196,1.578,2.258,0.210,0.000,2.467,0,2,0
real-pen,197,3.322,4.201,0.323,0.000,4.523,0,2,0
real-pen,198,3.690,4.213,0.154,0.000,4.366,0,2,0
real-pen,199,5.835,6.571,0.151,0.000,6.722,0,2,0
real-pen,200,1.160,1.864,0.315,0.000,2.179,0,2,0
real-pen,201,2.418,3.126,0.154,0.000,3.280,0,2,0
real-pen,202,4.877,5.680,0.328,0.000,6.008,0,2,0
real-pen,203,6.633,7.393,0.191,0.000,7.584,0,2,0
real-pen,204,0.801,1.606,0.255,0.000,1.861,0,3,0
real-pen,205,1.104,2.080,0.362,0.000,2.442,0,2,0
real-pen,206,1.272,2.159,0.324,0.000,2.483,0,2,0
real-pen,207,4.969,6.021,0.293,0.000,6.314,0,2,0
real-pen,208,5.957,6.660,0.159,0.000,6.819,0,2,0
real-pen,209,1.219,2.105,0.204,0.000,2.310,0,2,0
real-pen,210,2.329,3.044,0.184,0.000,3.228,0,3,0
real-pen,211,4.253,4.981,0.220,0.000,5.202,0,2,0
real-pen,212,4.696,5.485,0.151,0.000,5.635,0,2,0
real-pen,213,0.494,1.585,0.307,0.000,1.892,0,2,0
real-pen,214,1.436,2.434,0.225,0.000,2.659,0,2,0
real-pen,215,2.851,3.776,0.332,0.000,4.109,0,2,0
real-pen,216,5.079,5.813,0.278,0.000,6.091,0,2,0
real-pen,217,6.283,7.128,0.205,0.000,7.332,0,2,0
real-pen,218,1.360,2.775,0.348,0.000,3.122,0,2,0
real-pen,219,4.502,5.839,0.287,0.000,6.126,0,5,0
real-pen,220,6.026,7.021,0.215,0.000,7.236,0,2,0
real-pen,221,1.139,2.146,0.205,0.000,2.351,0,3,0
real-pen,222,1.707,2.527,0.220,0.000,2.746,0,2,0
real-pen,223,2.520,3.080,0.184,0.000,3.264,0,2,0
real-pen,224,4.536,5.403,0.264,0.000,5.667,0,2,0
real-pen,225,4.738,5.507,0.195,0.000,5.702,0,2,0
real-pen,226,1.234,1.911,0.216,0.000,2.127,0,2,0
real-pen,227,2.262,2.910,0.214,0.000,3.123,0,3,0
real-pen,228,4.931,5.694,0.255,0.000,5.949,0,2,0
real-pen,229,5.800,6.373,0.213,0.000,6.586,0,2,0
real-pen,230,0.688,1.784,0.406,0.000,2.190,0,3,0
real-pen,231,2.801,4.203,0.258,0.000,4.461,0,2,0
real-pen,232,3.786,5.426,0.295,0.000,5.722,0,2,0
real-pen,233,5.296,5.989,0.276,0.000,6.264,0,2,0
real-pen,234,7.673,8.622,0.223,0.000,8.845,0,2,0
real-pen,235,2.259,3.008,0.242,0.000,3.250,0,3,0
real-pen,236,2.802,3.640,0.255,0.000,3.895,0,2,0
real-pen,237,3.845,4.850,0.295,0.000,5.145,0,2,0
real-pen,238,6.355,7.103,0.263,0.000,7.366,0,2,0
real-pen,239,0.516,1.347,0.210,0.000,1.557,0,3,0
real-pen,240,1.689,2.481,0.193,0.000,2.674,0,2,0
real-pen,241,2.722,3.548,0.236,0.000,3.784,0,2,0
real-pen,242,5.410,6.353,0.211,0.000,6.564,0,2,0
real-pen,243,6.814,7.827,0.281,0.000,8.108,0,2,0
real-pen,244,1.470,2.542,0.588,0.000,3.130,0,2,0
real-pen,245,3.243,4.185,0.489,0.000,4.674,0,2,0
real-pen,246,3.553,4.460,0.302,0.000,4.762,0,2,0
real-pen,247,7.141,8.141,0.200,0.000,8.341,0,2,0
real-pen,248,2.169,3.117,0.218,0.000,3.335,0,4,0
real-pen,249,2.067,3.009,0.185,0.000,3.193,0,3,0
real-pen,250,1.415,2.356,0.312,0.000,2.668,0,2,0
real-pen,251,3.323,4.293,0.337,0.000,4.630,0,2,0
real-pen,252,8.031,8.830,0.222,0.000,9.051,0,2,0
real-pen,253,1.091,1.739,0.150,0.000,1.888,0,2,0
real-pen,254,3.073,3.816,0.192,0.000,4.007,0,3,0
real-pen,255,2.888,3.561,0.170,0.000,3.730,0,3,0
real-pen,256,6.149,6.976,0.201,0.000,7.177,0,2,0
real-pen,257,0.545,1.078,0.149,0.000,1.227,0,3,0
real-pen,258,1.286,2.344,0.166,0.000,2.510,0,2,0
real-pen,259,2.803,3.556,0.172,0.000,3.728,0,2,0
real-pen,260,5.222,6.180,0.315,0.000,6.495,0,2,0
real-pen,261,6.852,7.566,0.260,0.000,7.826,0,2,0
real-pen,262,1.259,3.558,0.152,0.000,3.710,0,4,0
real-pen,263,2.008,3.307,0.176,0.000,3.482,0,1,0
real-pen,264,3.864,4.643,0.275,0.000,4.918,0,1,0
real-pen,265,5.799,6.611,0.179,0.000,6.790,0,1,0
real-pen,266,0.225,1.158,0.229,0.000,1.388,0,1,0
real-pen,267,0.842,2.054,0.259,0.000,2.312,0,1,0
real-pen,268,3.667,4.396,0.249,0.000,4.645,0,1,0
real-pen,269,4.303,4.932,0.221,0.000,5.153,0,1,0
real-pen,270,8.035,8.946,0.283,0.000,9.229,0,1,0
real-pen,271,1.474,2.263,0.186,0.000,2.448,0,2,0
real-pen,272,2.946,3.693,0.211,0.000,3.904,0,1,0
real-pen,273,3.993,4.966,0.182,0.000,5.148,0,1,0
real-pen,274,5.571,6.563,0.393,0.000,6.956,0,1,0
real-pen,275,0.500,1.502,0.181,0.000,1.682,0,1,0
real-pen,276,1.361,1.998,0.132,0.000,2.131,0,1,0
real-pen,277,3.683,4.613,0.336,0.000,4.949,0,1,0
real-pen,278,5.956,7.327,0.269,0.000,7.596,0,1,0
real-pen,279,7.023,7.712,0.134,0.000,7.846,0,1,0
real-pen,280,1.741,3.393,0.231,0.000,3.624,0,3,0
real-pen,281,1.628,2.511,0.163,0.000,2.674,0,2,0
real-pen,282,3.061,3.806,0.190,0.000,3.996,0,2,0
real-pen,283,5.475,6.360,0.298,0.000,6.658,0,2,0
real-pen,284,0.380,0.975,0.157,0.000,1.132,0,3,0
real-pen,285,1.022,1.670,0.245,0.000,1.915,0,2,0
real-pen,286,3.259,3.998,0.202,0.000,4.199,0,2,0
real-pen,287,4.801,5.646,0.262,0.000,5.908,0,2,0
real-pen,288,0.423,1.238,0.388,0.000,1.625,0,3,0
real-pen,289,0.600,1.414,0.264,0.000,1.677,0,2,0
real-pen,290,2.087,2.878,0.336,0.000,3.214,0,2,0
real-pen,291,4.242,5.249,0.302,0.000,5.551,0,2,0
real-pen,292,0.971,6.280,0.578,0.000,6.858,0,2,0
real-pen,293,2.001,3.063,0.252,0.000,3.315,0,4,0
real-pen,294,1.415,2.132,0.163,0.000,2.295,0,2,0
real-pen,295,3.588,4.352,0.263,0.000,4.615,0,2,0
real-pen,296,4.318,5.230,0.266,0.000,5.495,0,2,0
real-pen,297,5.307,6.082,0.151,0.000,6.233,0,2,0
real-pen,298,0.973,1.929,0.302,0.000,2.231,0,2,0
real-pen,299,2.139,2.861,0.182,0.000,3.043,0,2,0
real-pen,300,4.586,5.602,0.234,0.000,5.836,0,2,0
real-pen,301,5.777,6.692,0.309,0.000,7.000,0,2,0
real-pen,302,0.341,0.964,0.151,0.000,1.115,0,3,0
real-pen,303,2.055,2.934,0.164,0.000,3.098,0,3,0
real-pen,304,2.604,3.249,0.225,0.000,3.473,0,2,0
real-pen,305,4.710,5.597,0.307,0.000,5.904,0,2,0
real-pen,306,0.644,1.462,0.287,0.000,1.749,0,5,0
real-pen,307,0.344,11.236,0.400,0.000,11.636,0,1,0
real-pen,308,2.502,3.995,0.303,0.000,4.298,0,3,0
real-pen,309,3.800,4.879,0.175,0.000,5.055,0,1,0
real-pen,310,5.998,6.853,0.324,0.000,7.177,0,1,0
real-pen,311,0.725,2.020,0.198,0.000,2.218,0,1,0
real-pen,312,2.193,3.104,0.215,0.000,3.319,0,1,0
real-pen,313,3.118,3.795,0.156,0.000,3.951,0,1,0
real-pen,314,5.031,5.967,0.252,0.000,6.219,0,1,0
real-pen,315,5.810,6.631,0.147,0.000,6.778,0,1,0
real-pen,316,1.329,1.987,0.168,0.000,2.155,0,1,0
real-pen,317,2.270,3.093,0.232,0.000,3.324,0,1,0
real-pen,318,3.514,4.139,0.266,0.000,4.404,0,1,0
real-pen,319,5.376,6.261,0.350,0.000,6.611,0,1,0
real-pen,320,0.739,1.774,0.265,0.000,2.038,0,1,0
real-pen,321,1.098,2.024,0.148,0.000,2.172,0,2,0
real-pen,322,2.119,2.864,0.128,0.000,2.992,0,1,0
real-pen,323,3.921,4.820,0.197,0.000,5.017,0,1,0
real-pen,324,6.294,7.224,0.246,0.000,7.470,0,1,0
real-pen,325,1.367,2.376,0.273,0.000,2.649,0,2,0
real-pen,326,2.090,2.833,0.166,0.000,2.999,0,1,0
real-pen,327,4.226,5.266,0.202,0.000,5.468,0,1,0
real-pen,328,5.930,6.728,0.252,0.000,6.980,0,1,0
real-pen,329,0.741,1.995,0.252,0.000,2.247,0,1,0
real-pen,330,1.756,2.589,0.197,0.000,2.786,0,2,0
real-pen,331,2.679,3.644,0.240,0.000,3.884,0,1,0
real-pen,332,5.386,6.455,0.590,0.000,7.045,0,1,0
real-pen,333,1.321,2.121,0.270,0.000,2.391,0,2,0
real-pen,334,1.418,3.719,0.196,0.000,3.915,0,2,0
real-pen,335,1.852,2.906,0.332,0.000,3.238,0,3,0
real-pen,336,2.783,3.609,0.332,0.000,3.941,0,2,0
real-pen,337,3.928,4.686,0.202,0.000,4.888,0,2,0
real-pen,338,0.498,1.388,0.179,0.000,1.567,0,2,0
real-pen,339,1.749,2.569,0.226,0.000,2.795,0,2,0
real-pen,340,0.248,4.544,0.210,0.000,4.755,0,1,0
real-pen,341,5.678,6.550,0.184,0.000,6.735,0,2,0
real-pen,342,1.177,2.041,0.243,0.000,2.284,0,2,0
real-pen,343,2.671,3.571,0.329,0.000,3.899,0,3,0
real-pen,344,4.353,5.254,0.248,0.000,5.502,0,3,0
real-pen,345,5.843,6.507,0.199,0.000,6.706,0,2,0
real-pen,346,0.659,1.565,0.324,0.000,1.889,0,3,0
real-pen,347,1.884,2.533,0.257,0.000,2.790,0,2,0
real-pen,348,2.012,2.720,0.237,0.000,2.958,0,2,0
real-pen,349,4.800,5.866,0.447,0.000,6.314,0,2,0
real-pen,350,6.751,8.037,0.230,0.000,8.267,0,2,0
real-pen,351,0.672,1.208,0.145,0.000,1.353,0,2,0
real-pen,352,1.758,2.604,0.141,0.000,2.745,0,2,0
real-pen,353,3.612,4.149,0.318,0.000,4.468,0,2,0
real-pen,354,6.418,7.067,0.172,0.000,7.239,0,2,0
real-pen,355,0.567,1.566,0.170,0.000,1.736,0,2,0
real-pen,356,0.913,1.719,0.247,0.000,1.966,0,2,0
real-pen,357,3.196,3.978,0.163,0.000,4.142,0,2,0
real-pen,358,4.825,5.712,0.217,0.000,5.929,0,2,0
real-pen,359,0.581,1.480,0.140,0.000,1.619,0,3,0
real-pen,360,1.247,1.867,0.191,0.000,2.058,0,2,0
real-pen,361,2.092,2.742,0.145,0.000,2.887,0,2,0
real-pen,362,4.427,5.061,0.335,0.000,5.396,0,2,0
real-pen,363,0.904,1.654,0.203,0.000,1.857,0,4,0
real-pen,364,0.431,1.210,0.195,0.000,1.404,0,1,0
real-pen,365,1.870,2.597,0.187,0.000,2.783,0,1,0
real-pen,366,2.385,3.108,0.285,0.000,3.393,0,1,0
real-pen,367,3.885,4.527,0.129,0.000,4.656,0,1,0
real-pen,368,6.106,7.273,0.314,0.000,7.588,0,1,0
real-pen,369,0.529,1.380,0.222,0.000,1.602,0,2,0
real-pen,370,2.265,3.109,0.290,0.000,3.399,0,1,0
real-pen,371,3.718,4.423,0.152,0.000,4.575,0,1,0
real-pen,372,6.321,6.931,0.181,0.000,7.112,0,1,0
real-pen,373,0.646,1.634,0.224,0.000,1.859,0,1,0
real-pen,374,0.177,0.797,0.189,0.000,0.986,0,3,0
real-pen,375,3.780,4.738,0.259,0.000,4.997,0,1,0
real-pen,376,9.810,11.135,0.281,0.000,11.416,0,2,0
real-pen,377,5.888,6.599,0.318,0.000,6.917,0,2,0
real-pen,378,2.149,3.291,0.283,0.000,3.574,0,3,0
real-pen,379,2.432,3.213,0.199,0.000,3.412,0,2,0
real-pen,380,4.786,6.003,0.201,0.000,6.204,0,2,0
real-pen,381,4.347,4.915,0.128,0.000,5.042,0,2,0
real-pen,382,0.264,1.111,0.305,0.000,1.416,0,2,0
real-pen,383,1.730,2.430,0.189,0.000,2.618,0,2,0
real-pen,384,3.332,4.048,0.240,0.000,4.288,0,3,0
real-pen,385,4.934,5.569,0.220,0.000,5.788,0,2,0
real-pen,386,7.571,8.588,0.207,0.000,8.795,0,2,0
real-pen,387,0.515,1.416,0.262,0.000,1.678,0,2,0
real-pen,388,1.977,2.681,0.214,0.000,2.895,0,2,0
real-pen,389,3.138,3.885,0.199,0.000,4.084,0,2,0
real-pen,390,5.462,6.706,0.288,0.000,6.994,0,2,0
real-pen,391,1.358,2.088,0.194,0.000,2.283,0,3,0
real-pen,392,2.481,3.441,0.197,0.000,3.638,0,2,0
real-pen,393,4.210,5.237,0.275,0.000,5.512,0,2,0
real-pen,394,5.685,6.591,0.311,0.000,6.902,0,2,0
real-pen,395,7.392,8.566,0.362,0.000,8.928,0,2,0
real-pen,396,1.202,1.767,0.152,0.000,1.919,0,2,0
real-pen,397,1.597,2.177,0.203,0.000,2.380,0,2,0
real-pen,398,3.563,4.175,0.265,0.000,4.440,0,2,0
real-pen,399,5.069,5.595,0.190,0.000,5.785,0,2,0
real-pen,400,0.453,1.148,0.193,0.000,1.341,0,2,0
real-pen,401,2.357,3.078,0.181,0.000,3.259,0,2,0
real-pen,402,3.034,3.855,0.227,0.000,4.082,0,2,0
real-pen,403,6.042,6.971,0.334,0.000,7.306,0,3,0
real-pen,404,6.676,7.382,0.325,0.000,7.708,0,3,0
real-pen,405,0.719,2.012,0.190,0.000,2.202,0,1,0
real-pen,406,2.826,3.555,0.242,0.000,3.797,0,1,0
real-pen,407,4.130,4.961,0.160,0.000,5.121,0,1,0
real-pen,408,3.763,4.402,0.138,0.000,4.540,0,1,0
real-pen,409,0.304,0.805,0.149,0.000,0.954,0,2,0
real-pen,410,1.327,1.855,0.120,0.000,1.975,0,1,0
real-pen,411,2.656,3.332,0.173,0.000,3.505,0,1,0
real-pen,412,4.268,5.172,0.221,0.000,5.393,0,1,0
real-pen,413,7.001,7.890,0.343,0.000,8.234,0,1,0
real-pen,414,0.761,1.607,0.210,0.000,1.817,0,1,0
real-pen,415,2.133,3.054,0.248,0.000,3.302,0,1,0
real-pen,416,3.407,4.032,0.153,0.000,4.185,0,1,0
real-pen,417,5.292,6.057,0.236,0.000,6.293,0,1,0
real-pen,418,0.668,2.029,0.291,0.000,2.320,0,3,0
real-pen,419,2.025,3.258,0.179,0.000,3.437,0,1,0
real-pen,420,3.280,4.030,0.197,0.000,4.227,0,1,0
real-pen,421,4.883,6.066,0.215,0.000,6.280,0,1,0
real-pen,422,6.224,7.181,0.298,0.000,7.479,0,1,0
real-pen,423,1.141,2.003,0.188,0.000,2.190,0,2,0
real-pen,424,1.883,2.615,0.180,0.000,2.795,0,1,0
real-pen,425,4.133,4.846,0.235,0.000,5.081,0,1,0
real-pen,426,5.621,6.572,0.270,0.000,6.842,0,1,0
real-pen,427,0.534,1.490,0.198,0.000,1.688,0,2,0
real-pen,428,1.581,2.408,0.252,0.000,2.660,0,2,0
real-pen,429,2.891,3.787,0.308,0.000,4.095,0,1,0
real-pen,430,1.327,2.295,0.199,0.000,2.494,0,3,0
real-pen,431,1.559,2.282,0.205,0.000,2.486,0,2,0
real-pen,432,1.235,1.916,0.208,0.000,2.124,0,4,0
real-pen,433,3.393,6.016,0.332,0.000,6.348,0,3,0
real-pen,434,2.774,3.393,0.201,0.000,3.594,0,2,0
real-pen,435,5.070,5.693,0.197,0.000,5.891,0,2,0
real-pen,436,0.873,1.331,0.141,0.000,1.472,0,3,0
real-pen,437,1.335,2.040,0.122,0.000,2.162,0,2,0
real-pen,438,3.412,4.067,0.176,0.000,4.243,0,3,0
real-pen,439,5.435,6.077,0.211,0.000,6.288,0,2,0
real-pen,440,0.293,0.866,0.215,0.000,1.081,0,3,0
real-pen,441,0.362,1.237,0.300,0.000,1.537,0,2,0
real-pen,442,3.373,4.256,0.328,0.000,4.584,0,2,0
real-pen,443,0.184,0.869,0.265,0.000,1.133,0,3,0
real-pen,444,0.706,1.516,0.241,0.000,1.757,0,3,0
real-pen,445,0.592,9.514,0.253,0.000,9.766,0,2,0
real-pen,446,1.218,2.099,0.197,0.000,2.296,0,2,0
real-pen,447,3.236,4.134,0.351,0.000,4.484,0,2,0
real-pen,448,4.110,5.003,0.227,0.000,5.230,0,2,0
real-pen,449,6.047,6.892,0.250,0.000,7.142,0,2,0
real-pen,450,8.157,8.721,0.211,0.000,8.932,0,2,0
real-pen,451,2.992,3.605,0.232,0.000,3.838,0,3,0
real-pen,452,4.116,5.022,0.296,0.000,5.318,0,2,0
real-pen,453,5.917,6.722,0.278,0.000,7.000,0,2,0
real-pen,454,0.564,1.521,0.291,0.000,1.813,0,2,0
real-pen,455,1.933,2.833,0.305,0.000,3.138,0,2,0
real-pen,456,3.058,3.931,0.221,0.000,4.152,0,2,0
real-pen,457,6.141,6.977,0.308,0.000,7.285,0,3,0
real-pen,458,1.839,14.547,0.492,0.000,15.039,0,2,0
real-pen,459,1.797,3.180,0.251,0.000,3.432,0,3,0
real-pen,460,2.283,3.605,0.149,0.000,3.754,0,3,0
real-pen,461,4.274,4.971,0.158,0.000,5.129,0,1,0
real-pen,462,5.633,6.333,0.204,0.000,6.537,0,1,0
real-pen,463,0.609,1.487,0.294,0.000,1.781,0,1,0
real-pen,464,2.179,2.803,0.220,0.000,3.023,0,1,0
real-pen,465,3.562,4.516,0.342,0.000,4.858,0,1,0
real-pen,466,5.147,5.909,0.237,0.000,6.146,0,1,0
real-pen,467,0.312,1.013,0.186,0.000,1.199,0,2,0
real-pen,468,1.562,2.298,0.249,0.000,2.547,0,1,0
real-pen,469,1.701,2.387,0.200,0.000,2.587,0,2,0
real-pen,470,4.770,5.840,0.199,0.000,6.039,0,2,0
real-pen,471,6.261,6.979,0.179,0.000,7.158,0,2,0
real-pen,472,1.034,1.865,0.378,0.000,2.243,0,2,0
real-pen,473,1.781,2.697,0.261,0.000,2.958,0,2,0
real-pen,474,4.181,5.215,0.238,0.000,5.453,0,2,0
real-pen,475,5.022,5.649,0.160,0.000,5.808,0,2,0
real-pen,476,0.343,1.006,0.230,0.000,1.236,0,3,0
real-pen,477,0.629,1.422,0.257,0.000,1.679,0,3,0
real-pen,478,1.558,2.288,0.248,0.000,2.536,0,2,0
real-pen,479,2.172,2.966,0.324,0.000,3.290,0,2,0
real-pen,480,3.753,4.557,0.269,0.000,4.826,0,2,0
real-pen,481,0.508,1.191,0.175,0.000,1.365,0,3,0
real-pen,482,1.641,2.271,0.173,0.000,2.443,0,2,0
real-pen,483,3.320,4.006,0.240,0.000,4.246,0,3,0
real-pen,484,5.292,6.085,0.230,0.000,6.316,0,2,0
real-pen,485,6.768,7.593,0.266,0.000,7.860,0,2,0
real-pen,486,0.646,1.450,0.195,0.000,1.645,0,2,0
real-pen,487,0.319,11.792,0.381,0.000,12.172,0,1,0
real-pen,488,4.686,5.638,0.177,0.000,5.814,0,2,0
real-pen,489,6.586,7.439,0.203,0.000,7.641,0,2,0
real-pen,490,1.726,2.786,0.263,0.000,3.049,0,3,0
real-pen,491,2.034,2.973,0.202,0.000,3.175,0,2,0
real-pen,492,3.928,4.368,0.161,0.000,4.529,0,2,0
real-pen,493,4.700,5.401,0.180,0.000,5.581,0,2,0
real-pen,494,7.205,7.885,0.152,0.000,8.037,0,2,0
real-pen,495,1.007,1.655,0.168,0.000,1.822,0,4,0
real-pen,496,2.211,2.737,0.142,0.000,2.879,0,1,0
real-pen,497,4.418,5.266,0.162,0.000,5.427,0,1,0
real-pen,498,6.327,7.080,0.172,0.000,7.252,0,1,0
real-pen,499,6.451,6.921,0.155,0.000,7.076,0,1,0
real-pen,500,2.068,3.711,0.276,0.000,3.986,0,1,0
real-pen,501,3.473,4.676,0.270,0.000,4.946,0,1,0
real-pen,502,5.496,6.444,0.375,0.000,6.820,0,1,0
real-pen,503,6.583,7.309,0.262,0.000,7.570,0,2,0
real-pen,504,0.959,1.599,0.205,0.000,1.805,0,2,0
real-pen,505,1.799,2.656,0.228,0.000,2.884,0,1,0
real-pen,506,2.997,3.871,0.226,0.000,4.097,0,1,0
real-pen,507,5.253,6.403,0.457,0.000,6.860,0,1,0
real-pen,508,0.324,1.295,0.199,0.000,1.494,0,2,0
real-pen,509,1.872,2.804,0.230,0.000,3.034,0,1,0
real-pen,510,3.840,4.740,0.308,0.000,5.048,0,1,0
real-pen,511,5.279,6.226,0.248,0.000,6.474,0,1,0
real-pen,512,7.085,8.323,0.439,0.000,8.761,0,1,0
real-pen,513,1.155,2.254,0.286,0.000,2.539,0,3,0
real-pen,514,2.783,3.788,0.266,0.000,4.054,0,1,0
real-pen,515,4.912,6.463,0.340,0.000,6.803,0,1,0
real-pen,516,5.944,7.064,0.339,0.000,7.403,0,1,0
real-pen,517,0.417,1.215,0.225,0.000,1.439,0,1,0
real-pen,518,7.997,10.097,0.158,0.000,10.255,0,1,0
real-pen,519,3.391,3.955,0.133,0.000,4.088,0,2,0
real-pen,520,4.474,5.045,0.250,0.000,5.295,0,2,0
real-pen,521,7.436,8.359,0.254,0.000,8.613,0,2,0
real-pen,522,0.651,1.739,0.141,0.000,1.880,0,2,0
real-pen,523,2.262,2.967,0.210,0.000,3.176,0,2,0
real-pen,524,3.206,3.859,0.207,0.000,4.066,0,2,0
real-pen,525,5.789,7.681,0.639,0.000,8.320,0,2,0
real-pen,526,1.610,2.340,0.192,0.000,2.532,0,3,0
real-pen,527,1.748,3.172,0.198,0.000,3.370,0,2,0
real-pen,528,3.415,4.502,0.202,0.000,4.703,0,2,0
real-pen,529,5.672,6.373,0.256,0.000,6.629,0,2,0
real-pen,530,6.691,7.321,0.183,0.000,7.504,0,2,0
real-pen,531,0.572,1.417,0.234,0.000,1.651,0,2,0
real-pen,532,2.021,2.845,0.269,0.000,3.113,0,2,0
real-pen,533,4.124,4.884,0.241,0.000,5.124,0,2,0
real-pen,534,6.218,7.014,0.367,0.000,7.381,0,2,0
real-pen,535,0.676,1.650,0.373,0.000,2.022,0,2,0
real-pen,536,8.841,9.763,0.318,0.000,10.081,0,2,0
real-pen,537,3.077,3.783,0.180,0.000,3.963,0,4,0
real-pen,538,4.733,5.419,0.209,0.000,5.627,0,2,0
real-pen,539,1.428,2.200,0.285,0.000,2.486,0,4,0
real-pen,540,0.877,1.780,0.283,0.000,2.063,0,3,0
real-pen,541,2.428,3.606,0.367,0.000,3.973,0,1,0
real-pen,542,3.788,4.843,0.189,0.000,5.032,0,1,0
real-pen,543,5.522,6.386,0.199,0.000,6.584,0,1,0
real-pen,544,6.821,7.691,0.253,0.000,7.944,0,1,0
real-pen,545,1.712,2.593,0.272,0.000,2.865,0,2,0
real-pen,546,3.066,3.900,0.208,0.000,4.108,0,1,0
real-pen,547,4.560,5.417,0.211,0.000,5.628,0,1,0
real-pen,548,6.707,7.662,0.229,0.000,7.891,0,1,0
real-pen,549,1.119,2.020,0.279,0.000,2.299,0,2,0
real-pen,550,1.695,2.642,0.169,0.000,2.811,0,1,0
real-pen,551,6.425,7.375,0.193,0.000,7.569,0,2,0
real-pen,552,5.975,7.157,0.181,0.000,7.338,0,2,0
real-pen,553,6.850,7.655,0.292,0.000,7.947,0,2,0
real-pen,554,2.422,3.394,0.188,0.000,3.582,0,2,0
real-pen,555,3.724,4.587,0.253,0.000,4.840,0,2,0
real-pen,556,7.112,9.140,0.321,0.000,9.460,0,2,0
real-pen,557,7.196,8.518,0.204,0.000,8.722,0,3,0
real-pen,558,0.406,1.310,0.211,0.000,1.521,0,3,0
real-pen,559,1.957,3.323,0.385,0.000,3.708,0,2,0
real-pen,560,3.764,4.707,0.247,0.000,4.954,0,2,0
real-pen,561,5.206,6.276,0.246,0.000,6.521,0,2,0
real-pen,562,0.490,1.510,0.249,0.000,1.758,0,2,0
real-pen,563,2.095,2.985,0.209,0.000,3.195,0,2,0
real-pen,564,2.990,3.494,0.160,0.000,3.654,0,2,0
real-pen,565,4.767,5.256,0.189,0.000,5.445,0,2,0
real-pen,566,6.434,7.044,0.181,0.000,7.224,0,2,0
real-pen,567,0.276,0.980,0.195,0.000,1.175,0,3,0
real-pen,568,1.761,2.507,0.256,0.000,2.763,0,2,0
real-pen,569,4.193,5.307,0.247,0.000,5.554,0,2,0
real-pen,570,5.399,6.105,0.237,0.000,6.342,0,2,0
real-pen,571,6.989,7.612,0.157,0.000,7.768,0,2,0
real-pen,572,1.910,3.253,0.522,0.000,3.776,0,2,0
real-pen,573,9.896,10.454,0.225,0.000,10.679,0,2,0
real-pen,574,4.979,5.522,0.222,0.000,5.745,0,2,0
real-pen,575,5.338,6.325,0.269,0.000,6.594,0,3,0
real-pen,576,0.555,1.273,0.195,0.000,1.468,0,2,0
real-pen,577,2.285,3.062,0.237,0.000,3.299,0,1,0
real-pen,578,4.429,5.237,0.246,0.000,5.483,0,1,0
real-pen,579,6.016,6.840,0.226,0.000,7.066,0,1,0
real-pen,580,0.648,1.450,0.194,0.000,1.644,0,2,0
real-pen,581,1.789,2.656,0.426,0.000,3.082,0,1,0
real-pen,582,3.403,4.674,0.247,0.000,4.921,0,1,0
real-pen,583,5.578,7.332,0.416,0.000,7.748,0,1,0
real-pen,584,7.648,9.418,0.352,0.000,9.770,0,2,0
real-pen,585,8.210,9.091,0.259,0.000,9.351,0,2,0
real-pen,586,1.163,1.930,0.204,0.000,2.134,0,1,0
real-pen,587,2.980,4.103,0.221,0.000,4.325,0,1,0
real-pen,588,4.338,5.007,0.219,0.000,5.227,0,1,0
real-pen,589,0.546,1.236,0.178,0.000,1.413,0,1,0
real-pen,590,1.128,1.853,0.224,0.000,2.077,0,2,0
real-pen,591,2.323,2.937,0.196,0.000,3.133,0,1,0
real-pen,592,4.430,5.383,0.271,0.000,5.653,0,1,0
real-pen,593,4.810,5.436,0.263,0.000,5.699,0,1,0
real-pen,594,1.046,2.062,0.190,0.000,2.252,0,2,0
real-pen,595,2.676,3.669,0.350,0.000,4.019,0,1,0
real-pen,596,3.265,4.210,0.348,0.000,4.558,0,1,0
real-pen,597,7.722,9.087,0.216,0.000,9.303,0,2,0
real-pen,598,2.198,3.169,0.169,0.000,3.338,0,3,0
real-pen,599,2.373,3.463,0.222,0.000,3.685,0,2,0
real-pen,600,3.938,5.200,0.319,0.000,5.519,0,2,0
real-pen,601,5.082,5.841,0.173,0.000,6.014,0,2,0
real-pen,602,6.349,7.215,0.225,0.000,7.440,0,2,0
real-pen,603,0.784,1.851,0.352,0.000,2.203,0,2,0
real-pen,604,2.328,2.969,0.198,0.000,3.167,0,2,0
real-pen,605,3.676,4.382,0.197,0.000,4.579,0,2,0
real-pen,606,5.380,6.143,0.178,0.000,6.321,0,2,0
real-pen,607,0.678,1.423,0.186,0.000,1.609,0,2,0
real-pen,608,2.055,2.746,0.191,0.000,2.938,0,2,0
real-pen,609,3.491,4.067,0.167,0.000,4.234,0,2,0
real-pen,610,0.683,13.117,0.269,0.000,13.385,0,2,0
real-pen,611,7.801,8.845,0.527,0.000,9.372,0,4,0
real-pen,612,1.320,2.385,0.213,0.000,2.598,0,3,0
real-pen,613,4.850,5.754,0.397,0.000,6.151,0,3,0
real-pen,614,3.800,4.356,0.151,0.000,4.507,0,1,0
real-pen,615,5.433,6.042,0.166,0.000,6.207,0,1,0
real-pen,616,0.280,0.929,0.379,0.000,1.308,0,2,0
real-pen,617,1.530,2.626,0.206,0.000,2.832,0,2,0
real-pen,618,3.086,4.035,0.239,0.000,4.274,0,1,0
real-pen,619,4.907,5.583,0.166,0.000,5.749,0,1,0
real-pen,620,7.182,7.807,0.212,0.000,8.019,0,1,0
real-pen,621,0.892,1.627,0.181,0.000,1.808,0,2,0
real-pen,622,9.495,10.044,0.152,0.000,10.196,0,1,0
real-pen,623,4.856,5.804,0.199,0.000,6.003,0,2,0
real-pen,624,6.060,6.782,0.140,0.000,6.922,0,2,0
real-pen,625,0.562,1.438,0.208,0.000,1.646,0,2,0
real-pen,626,1.121,1.838,0.252,0.000,2.090,0,2,0
real-pen,627,2.551,3.259,0.196,0.000,3.455,0,2,0
real-pen,628,4.867,5.888,0.711,0.000,6.598,0,2,0
real-pen,629,7.225,8.003,0.303,0.000,8.306,0,2,0
real-pen,630,1.382,2.282,0.254,0.000,2.536,0,2,0
real-pen,631,3.213,3.965,0.190,0.000,4.155,0,2,0
real-pen,632,4.118,4.755,0.132,0.000,4.887,0,2,0
real-pen,633,6.210,7.385,0.276,0.000,7.660,0,2,0
real-pen,634,0.654,1.302,0.194,0.000,1.496,0,3,0
real-pen,635,1.410,1.979,0.140,0.000,2.119,0,2,0
real-pen,636,2.544,3.232,0.177,0.000,3.409,0,2,0
real-pen,637,4.768,5.620,0.279,0.000,5.899,0,2,0
real-pen,638,6.465,7.199,0.206,0.000,7.405,0,2,0
real-pen,639,1.032,1.968,0.335,0.000,2.303,0,2,0
real-pen,640,2.601,3.192,0.209,0.000,3.400,0,3,0
real-pen,641,4.209,4.918,0.203,0.000,5.121,0,3,0
real-pen,642,5.604,6.443,0.245,0.000,6.688,0,2,0
real-pen,643,0.211,0.978,0.177,0.000,1.155,0,3,0
real-pen,644,1.596,2.156,0.204,0.000,2.361,0,1,0
real-pen,645,2.585,3.360,0.355,0.000,3.715,0,1,0
real-pen,646,4.637,6.094,0.360,0.000,6.455,0,1,0
real-pen,647,0.504,1.587,0.375,0.000,1.962,0,3,0
real-pen,648,1.281,2.237,0.184,0.000,2.421,0,1,0
real-pen,649,1.440,2.321,0.224,0.000,2.545,0,1,0
real-pen,650,2.452,3.268,0.180,0.000,3.448,0,1,0
real-pen,651,3.463,4.344,0.289,0.000,4.633,0,1,0
real-pen,652,0.709,1.470,0.158,0.000,1.628,0,1,0
real-pen,653,1.295,2.084,0.193,0.000,2.277,0,2,0
real-pen,654,3.166,3.943,0.220,0.000,4.163,0,1,0
real-pen,655,5.254,6.128,0.316,0.000,6.444,0,1,0
real-pen,656,0.269,1.142,0.209,0.000,1.351,0,1,0
real-pen,657,1.237,2.055,0.222,0.000,2.277,0,2,0
real-pen,658,2.472,3.337,0.223,0.000,3.560,0,1,0
real-pen,659,12.150,13.229,0.454,0.000,13.683,0,1,0
real-pen,660,6.985,8.610,0.178,0.000,8.788,0,1,0
real-pen,661,1.301,2.693,0.284,0.000,2.977,0,3,0
real-pen,662,0.713,2.038,0.241,0.000,2.279,0,3,0
real-pen,663,2.771,3.642,0.230,0.000,3.872,0,1,0
real-pen,664,5.018,6.273,0.436,0.000,6.710,0,1,0
real-pen,665,4.703,5.482,0.215,0.000,5.698,0,1,0
real-pen,666,0.398,1.250,0.167,0.000,1.417,0,2,0
real-pen,667,1.354,2.017,0.233,0.000,2.250,0,2,0
real-pen,668,3.465,4.346,0.192,0.000,4.538,0,2,0
real-pen,669,4.547,4.975,0.150,0.000,5.124,0,2,0
real-pen,670,0.991,1.670,0.258,0.000,1.928,0,2,0
real-pen,671,1.629,2.386,0.326,0.000,2.711,0,2,0
real-pen,672,2.549,3.246,0.246,0.000,3.492,0,2,0
real-pen,673,6.175,7.326,0.373,0.000,7.699,0,2,0
real-pen,674,7.983,8.883,0.254,0.000,9.137,0,2,0
real-pen,675,0.716,1.349,0.289,0.000,1.638,0,2,0
real-pen,676,0.744,1.504,0.155,0.000,1.659,0,2,0
real-pen,677,2.116,3.098,0.162,0.000,3.260,0,2,0
real-pen,678,4.738,5.332,0.199,0.000,5.530,0,2,0
real-pen,679,0.468,1.227,0.158,0.000,1.385,0,3,0
real-pen,680,1.304,1.827,0.136,0.000,1.963,0,2,0
real-pen,681,2.686,3.347,0.200,0.000,3.546,0,2,0
real-pen,682,5.007,5.966,0.164,0.000,6.130,0,2,0
real-pen,683,7.122,8.080,0.216,0.000,8.296,0,2,0
real-pen,684,0.608,1.415,0.272,0.000,1.687,0,3,0
real-pen,685,1.889,2.738,0.182,0.000,2.919,0,2,0
real-pen,686,3.278,4.038,0.271,0.000,4.309,0,2,0
real-pen,687,5.261,6.082,0.490,0.000,6.572,0,2,0
real-pen,688,2.108,3.042,0.223,0.000,3.264,0,3,0
real-pen,689,2.102,2.981,0.252,0.000,3.233,0,2,0
real-pen,690,3.912,4.693,0.172,0.000,4.865,0,2,0
real-pen,691,4.506,5.207,0.200,0.000,5.407,0,2,0
real-pen,692,5.684,6.589,0.236,0.000,6.825,0,2,0
real-pen,693,0.298,1.022,0.294,0.000,1.317,0,2,0
real-pen,694,1.682,2.295,0.190,0.000,2.485,0,2,0
real-pen,695,3.695,4.492,0.280,0.000,4.772,0,2,0
real-pen,696,0.369,14.653,0.265,0.000,14.918,0,1,0
real-pen,697,0.407,1.182,0.242,0.000,1.424,0,2,0
real-pen,698,1.631,2.241,0.158,0.000,2.399,0,2,0
real-pen,699,2.572,3.005,0.158,0.000,3.164,0,2,0
real-pen,700,4.302,4.984,0.445,0.000,5.428,0,2,0
real-pen,701,8.672,9.796,0.217,0.000,10.014,0,3,0
real-pen,702,1.263,2.011,0.216,0.000,2.227,0,4,0
real-pen,703,0.223,11.665,0.480,0.000,12.145,0,1,0
real-pen,704,2.495,3.709,0.313,0.000,4.022,0,3,0
real-pen,705,4.061,4.749,0.245,0.000,4.994,0,2,0
real-pen,706,0.683,1.576,0.342,0.000,1.919,0,2,0
real-pen,707,1.823,2.653,0.206,0.000,2.859,0,2,0
real-pen,708,3.179,3.811,0.164,0.000,3.975,0,2,0
real-pen,709,4.861,5.376,0.180,0.000,5.555,0,2,0
real-pen,710,6.674,7.109,0.239,0.000,7.348,0,2,0
real-pen,711,0.500,1.178,0.149,0.000,1.327,0,2,0
real-pen,712,1.683,2.199,0.238,0.000,2.436,0,3,0
real-pen,713,3.815,4.545,0.174,0.000,4.719,0,1,0
real-pen,714,5.977,6.756,0.250,0.000,7.006,0,1,0
real-pen,715,2.150,3.366,0.332,0.000,3.697,0,3,0
real-pen,716,3.153,3.954,0.217,0.000,4.171,0,1,0
real-pen,717,3.123,4.270,0.285,0.000,4.556,0,1,0
real-pen,718,4.455,5.817,0.338,0.000,6.155,0,1,0
real-pen,719,6.101,6.983,0.217,0.000,7.201,0,1,0
real-pen,720,0.861,1.548,0.291,0.000,1.839,0,2,0
real-pen,721,9.031,11.314,0.243,0.000,11.556,0,2,0
real-pen,722,3.212,4.154,0.172,0.000,4.326,0,2,0
real-pen,723,5.338,6.079,0.253,0.000,6.332,0,2,0
real-pen,724,0.665,1.639,0.300,0.000,1.939,0,2,0
real-pen,725,1.623,2.281,0.235,0.000,2.516,0,2,0
real-pen,726,2.327,2.925,0.179,0.000,3.104,0,2,0
real-pen,727,4.352,5.098,0.260,0.000,5.359,0,3,0
real-pen,728,7.608,9.071,0.300,0.000,9.371,0,2,0
real-pen,729,2.451,3.367,0.270,0.000,3.637,0,4,0
real-pen,730,2.267,3.300,0.352,0.000,3.652,0,3,0
real-pen,731,7.410,8.695,0.280,0.000,8.975,0,2,0
real-pen,732,5.059,5.770,0.236,0.000,6.006,0,2,0
real-pen,733,14.442,15.229,0.181,0.000,15.411,0,1,0
real-pen,734,1.063,1.783,0.278,0.000,2.061,0,2,0
real-pen,735,2.817,3.695,0.337,0.000,4.032,0,1,0
real-pen,736,4.578,5.171,0.272,0.000,5.444,0,1,0
real-pen,737,7.400,8.404,0.234,0.000,8.638,0,1,0
real-pen,738,0.797,1.992,0.241,0.000,2.233,0,2,0
real-pen,739,2.192,2.873,0.295,0.000,3.168,0,1,0
real-pen,740,3.853,4.804,0.199,0.000,5.003,0,1,0
real-pen,741,5.096,6.191,0.353,0.000,6.544,0,1,0
real-pen,742,1.028,2.054,0.195,0.000,2.250,0,2,0
real-pen,743,2.545,3.593,0.197,0.000,3.791,0,1,0
real-pen,744,3.630,4.726,0.227,0.000,4.954,0,1,0
real-pen,745,12.980,13.876,0.320,0.000,14.196,0,1,0
real-pen,746,6.352,7.252,0.258,0.000,7.510,0,1,0
real-pen,747,0.372,1.413,0.272,0.000,1.685,0,2,0
real-pen,748,2.085,2.905,0.227,0.000,3.133,0,1,0
real-pen,749,3.838,4.700,0.204,0.000,4.904,0,1,0
real-pen,750,5.162,5.962,0.223,0.000,6.185,0,1,0
real-pen,751,0.345,1.249,0.211,0.000,1.460,0,1,0
real-pen,752,2.319,5.088,0.266,0.000,5.354,0,1,0
real-pen,753,2.518,3.303,0.261,0.000,3.564,0,2,0
real-pen,754,4.084,4.905,0.186,0.000,5.091,0,2,0
real-pen,755,5.984,6.879,0.191,0.000,7.070,0,2,0
real-pen,756,2.760,4.256,0.258,0.000,4.514,0,2,0
real-pen,757,2.006,2.549,0.170,0.000,2.719,0,2,0
real-pen,758,3.851,4.899,0.179,0.000,5.078,0,2,0
real-pen,759,6.429,7.255,0.231,0.000,7.486,0,2,0
real-pen,760,2.424,3.564,0.275,0.000,3.839,0,5,0
real-pen,761,1.016,1.799,0.193,0.000,1.991,0,2,0
real-pen,762,2.927,3.756,0.190,0.000,3.946,0,2,0
real-pen,763,4.261,5.110,0.314,0.000,5.424,0,2,0
real-pen,764,6.265,7.082,0.191,0.000,7.273,0,2,0
real-pen,765,1.348,2.196,0.206,0.000,2.402,0,2,0
real-pen,766,2.385,3.107,0.212,0.000,3.319,0,3,0
real-pen,767,3.700,4.549,0.279,0.000,4.828,0,3,0
real-pen,768,5.688,6.345,0.296,0.000,6.641,0,3,0
real-pen,769,6.428,7.270,0.182,0.000,7.452,0,1,0
real-pen,770,0.780,1.686,0.288,0.000,1.974,0,2,0
real-pen,771,2.998,3.798,0.175,0.000,3.973,0,1,0
real-pen,772,0.780,1.777,0.225,0.000,2.002,0,2,0
real-pen,773,6.675,7.727,0.477,0.000,8.204,0,1,0
real-pen,774,0.482,1.600,0.281,0.000,1.881,0,2,0
real-pen,775,1.397,2.082,0.249,0.000,2.331,0,1,0
real-pen,776,3.632,4.420,0.242,0.000,4.662,0,1,0
real-pen,777,5.213,6.227,0.375,0.000,6.602,0,1,0
real-pen,778,1.636,2.721,0.185,0.000,2.905,0,1,0
real-pen,779,1.781,2.611,0.183,0.000,2.795,0,2,0
real-pen,780,2.830,3.462,0.244,0.000,3.706,0,3,0
real-pen,781,5.210,6.115,0.274,0.000,6.390,0,2,0
real-pen,782,2.136,13.309,1.062,0.000,14.371,0,2,0
real-pen,783,1.381,2.297,0.193,0.000,2.490,0,2,0
real-pen,784,3.360,4.493,0.274,0.000,4.767,0,2,0
real-pen,785,3.795,4.671,0.256,0.000,4.927,0,2,0
real-pen,786,5.103,5.932,0.197,0.000,6.129,0,2,0
real-pen,787,7.212,8.348,0.304,0.000,8.652,0,2,0
real-pen,788,1.560,2.545,0.379,0.000,2.924,0,2,0
real-pen,789,3.064,3.899,0.226,0.000,4.125,0,2,0
real-pen,790,4.416,5.416,0.180,0.000,5.596,0,3,0
real-pen,791,5.726,6.435,0.218,0.000,6.652,0,1,0
real-pen,792,0.437,1.866,0.354,0.000,2.220,0,2,0
real-pen,793,2.719,3.823,0.213,0.000,4.036,0,1,0
real-pen,794,3.124,3.546,0.153,0.000,3.698,0,1,0
real-pen,795,5.508,6.306,0.197,0.000,6.503,0,1,0
real-pen,796,1.294,2.548,0.404,0.000,2.953,0,2,0
real-pen,797,1.945,4.875,0.136,0.000,5.011,0,2,0
real-pen,798,4.330,5.481,0.415,0.000,5.896,0,1,0
real-pen,799,5.159,6.021,0.184,0.000,6.205,0,1,0
real-pen,800,5.890,6.517,0.254,0.000,6.771,0,1,0
real-pen,801,1.116,2.021,0.179,0.000,2.200,0,1,0
real-pen,802,3.186,4.362,0.226,0.000,4.587,0,1,0
real-pen,803,3.723,4.785,0.277,0.000,5.062,0,1,0
real-pen,804,5.072,5.934,0.325,0.000,6.259,0,1,0
real-pen,805,0.469,1.355,0.211,0.000,1.567,0,2,0
real-pen,806,1.569,2.451,0.267,0.000,2.718,0,1,0
real-pen,807,2.684,3.692,0.239,0.000,3.932,0,1,0
real-pen,808,4.730,5.435,0.256,0.000,5.691,0,1,0
real-pen,809,6.331,7.166,0.194,0.000,7.360,0,1,0
real-pen,810,1.207,2.158,0.437,0.000,2.595,0,2,0
real-pen,811,2.690,3.617,0.349,0.000,3.966,0,1,0
real-pen,812,4.547,7.677,0.264,0.000,7.941,0,1,0
real-pen,813,5.970,7.353,0.275,0.000,7.628,0,2,0
real-pen,814,0.774,2.105,0.380,0.000,2.485,0,2,0
real-pen,815,1.462,2.617,0.390,0.000,3.007,0,2,0
real-pen,816,2.837,3.800,0.440,0.000,4.240,0,2,0
real-pen,817,4.054,4.849,0.194,0.000,5.043,0,2,0
real-pen,818,5.098,5.707,0.173,0.000,5.880,0,2,0
real-pen,819,0.684,1.619,0.245,0.000,1.865,0,2,0
real-pen,820,2.287,3.090,0.201,0.000,3.291,0,2,0
real-pen,821,3.751,4.638,0.286,0.000,4.924,0,2,0
real-pen,822,5.559,6.399,0.268,0.000,6.667,0,2,0
real-pen,823,0.331,1.182,0.237,0.000,1.419,0,2,0
real-pen,824,1.188,1.720,0.217,0.000,1.937,0,2,0
real-pen,825,4.028,5.341,0.426,0.000,5.767,0,2,0
real-pen,826,5.372,6.271,0.321,0.000,6.592,0,2,0
real-pen,827,0.717,1.531,0.299,0.000,1.831,0,3,0
real-pen,828,0.787,1.658,0.330,0.000,1.988,0,3,0
real-pen,829,1.660,2.495,0.299,0.000,2.794,0,2,0
real-pen,830,3.543,4.234,0.167,0.000,4.401,0,2,0
real-pen,831,5.061,5.801,0.165,0.000,5.966,0,3,0
real-pen,832,0.224,0.955,0.212,0.000,1.167,0,1,0
real-pen,833,0.944,1.672,0.198,0.000,1.870,0,1,0
real-pen,834,2.608,3.366,0.212,0.000,3.578,0,1,0
real-pen,835,4.637,5.442,0.223,0.000,5.665,0,1,0
real-pen,836,1.040,2.190,0.240,0.000,2.430,0,2,0
real-pen,837,0.778,2.080,0.251,0.000,2.331,0,2,0
real-pen,838,3.079,4.489,0.348,0.000,4.837,0,1,0
real-pen,839,3.777,4.356,0.149,0.000,4.504,0,1,0
real-pen,840,12.441,14.418,0.240,0.000,14.658,0,1,0
real-pen,841,0.324,1.145,0.266,0.000,1.411,0,3,0
real-pen,842,0.558,1.259,0.118,0.000,1.377,0,2,0
real-pen,843,2.248,2.833,0.145,0.000,2.978,0,2,0
real-pen,844,3.629,4.285,0.238,0.000,4.523,0,2,0
real-pen,845,6.219,7.255,0.178,0.000,7.433,0,2,0
real-pen,846,1.010,1.637,0.219,0.000,1.856,0,2,0
real-pen,847,2.205,2.861,0.194,0.000,3.056,0,3,0
real-pen,848,3.627,4.251,0.203,0.000,4.453,0,2,0
real-pen,849,5.614,6.198,0.183,0.000,6.380,0,2,0
real-pen,850,1.020,1.955,0.396,0.000,2.350,0,3,0
real-pen,851,1.584,3.984,0.305,0.000,4.289,0,2,0
real-pen,852,2.179,3.062,0.197,0.000,3.259,0,2,0
real-pen,853,5.231,6.519,0.190,0.000,6.709,0,2,0
real-pen,854,6.419,7.280,0.394,0.000,7.674,0,2,0
real-pen,855,0.856,1.539,0.160,0.000,1.699,0,2,0
real-pen,856,0.876,1.327,0.145,0.000,1.472,0,2,0
real-pen,857,3.651,4.433,0.267,0.000,4.699,0,1,0
real-pen,858,6.626,7.848,0.309,0.000,8.157,0,1,0
real-pen,859,0.350,0.896,0.171,0.000,1.067,0,2,0
real-pen,860,1.260,1.930,0.235,0.000,2.165,0,2,0
real-pen,861,2.842,3.501,0.194,0.000,3.694,0,1,0
real-pen,862,0.008,0.671,0.336,0.000,1.006,0,2,0
real-pen,863,7.595,8.409,0.396,0.000,8.805,0,2,0
real-pen,864,1.828,3.305,0.453,0.000,3.757,0,2,0
real-pen,865,3.215,4.563,0.214,0.000,4.777,0,1,0
real-pen,866,5.023,6.155,0.376,0.000,6.531,0,1,0
real-pen,867,5.941,6.784,0.227,0.000,7.011,0,1,0
real-pen,868,7.429,8.247,0.270,0.000,8.516,0,2,0
real-pen,869,1.510,2.448,0.249,0.000,2.697,0,2,0
real-pen,870,2.839,3.720,0.228,0.000,3.948,0,1,0
real-pen,871,4.147,4.796,0.117,0.000,4.913,0,1,0
real-pen,872,5.955,6.788,0.223,0.000,7.011,0,1,0
real-pen,873,0.804,1.660,0.188,0.000,1.849,0,2,0
real-pen,874,2.846,3.688,0.249,0.000,3.937,0,1,0
real-pen,875,4.610,5.710,0.375,0.000,6.086,0,1,0
real-pen,876,13.528,17.256,0.460,0.000,17.717,0,1,0
real-pen,877,7.514,8.204,0.269,0.000,8.473,0,2,0
real-pen,878,1.435,2.050,0.312,0.000,2.363,0,2,0
real-pen,879,2.556,3.239,0.228,0.000,3.467,0,2,0
real-pen,880,3.922,4.713,0.111,0.000,4.825,0,2,0
real-pen,881,5.730,6.345,0.221,0.000,6.566,0,2,0
real-pen,882,1.167,2.044,0.292,0.000,2.336,0,2,0
real-pen,883,2.111,2.546,0.214,0.000,2.760,0,2,0
real-pen,884,4.689,5.423,0.166,0.000,5.589,0,2,0
real-pen,885,6.109,6.753,0.344,0.000,7.097,0,2,0
real-pen,886,7.458,8.289,0.301,0.000,8.590,0,2,0
real-pen,887,1.490,2.119,0.155,0.000,2.274,0,2,0
real-pen,888,2.227,2.690,0.167,0.000,2.857,0,2,0
real-pen,889,4.184,5.062,0.175,0.000,5.237,0,2,0
real-pen,890,0.822,5.123,0.495,0.000,5.618,0,3,0
real-pen,891,1.324,1.860,0.185,0.000,2.045,0,2,0
real-pen,892,2.305,2.851,0.153,0.000,3.004,0,2,0
real-pen,893,3.021,3.577,0.153,0.000,3.729,0,2,0
real-pen,894,5.272,6.372,0.325,0.000,6.697,0,3,0
real-pen,895,6.849,7.726,0.238,0.000,7.964,0,1,0
real-pen,896,2.220,2.848,0.187,0.000,3.034,0,2,0
real-pen,897,3.168,3.734,0.173,0.000,3.907,0,1,0
real-pen,898,4.958,5.471,0.238,0.000,5.710,0,1,0
real-pen,899,6.255,7.025,0.449,0.000,7.475,0,1,0
real-pen,900,1.060,2.019,0.182,0.000,2.201,0,1,0
real-pen,901,1.169,2.067,0.242,0.000,2.309,0,1,0
real-pen,902,2.908,3.810,0.157,0.000,3.967,0,1,0
real-pen,903,4.904,7.196,0.401,0.000,7.597,0,1,0
real-pen,904,0.394,1.219,0.300,0.000,1.519,0,3,0
real-pen,905,3.237,4.235,0.346,0.000,4.581,0,2,0
real-pen,906,5.173,5.762,0.256,0.000,6.018,0,2,0
real-pen,907,6.833,7.313,0.197,0.000,7.509,0,2,0
real-pen,908,0.414,1.153,0.262,0.000,1.415,0,2,0
real-pen,909,2.447,3.280,0.269,0.000,3.549,0,2,0
real-pen,910,4.152,4.830,0.218,0.000,5.048,0,2,0
real-pen,911,5.316,6.088,0.223,0.000,6.310,0,2,0
real-pen,912,2.136,3.443,0.376,0.000,3.818,0,2,0
real-pen,913,2.724,3.711,0.341,0.000,4.052,0,2,0
real-pen,914,3.581,4.222,0.215,0.000,4.438,0,2,0
real-pen,915,6.158,7.476,0.464,0.000,7.939,0,2,0
real-pen,916,6.557,7.572,0.172,0.000,7.744,0,3,0
real-pen,917,0.686,1.454,0.182,0.000,1.636,0,2,0
real-pen,918,1.972,2.758,0.157,0.000,2.915,0,1,0
real-pen,919,4.391,5.092,0.242,0.000,5.334,0,1,0
real-pen,920,4.940,5.703,0.238,0.000,5.941,0,1,0
real-pen,921,0.395,1.056,0.230,0.000,1.286,0,2,0
real-pen,922,1.141,1.993,0.209,0.000,2.202,0,1,0
real-pen,923,2.548,3.385,0.197,0.000,3.582,0,1,0
real-pen,924,4.680,5.722,0.334,0.000,6.056,0,1,0
real-pen,925,7.065,8.215,0.227,0.000,8.442,0,1,0
real-pen,926,0.290,1.254,0.259,0.000,1.512,0,2,0
real-pen,927,2.345,3.439,0.298,0.000,3.738,0,1,0
real-pen,928,4.649,6.499,0.384,0.000,6.883,0,1,0
real-pen,929,5.632,7.181,0.261,0.000,7.442,0,1,0
real-pen,930,0.849,1.784,0.244,0.000,2.028,0,2,0
real-pen,931,1.861,2.967,0.227,0.000,3.194,0,1,0
real-pen,932,2.372,3.063,0.188,0.000,3.251,0,1,0
real-pen,933,2.691,3.626,0.399,0.000,4.025,0,1,0
real-pen,934,4.075,4.979,0.433,0.000,5.413,0,1,0
real-pen,935,0.446,1.454,0.341,0.000,1.796,0,2,0
real-pen,936,2.036,2.997,0.276,0.000,3.273,0,1,0
real-pen,937,3.439,4.313,0.244,0.000,4.556,0,1,0
real-pen,938,6.964,8.162,0.262,0.000,8.425,0,2,0
real-pen,939,2.478,4.045,0.322,0.000,4.367,0,3,0
real-pen,940,2.532,3.675,0.267,0.000,3.941,0,2,0
real-pen,941,4.583,5.705,0.197,0.000,5.902,0,3,0
real-pen,942,0.441,15.118,0.188,0.000,15.306,0,1,0
real-pen,943,0.283,2.462,0.151,0.000,2.612,0,1,0
real-pen,944,0.894,4.402,0.192,0.000,4.594,0,2,0
real-pen,945,7.330,7.962,0.210,0.000,8.172,0,2,0
real-pen,946,1.469,2.183,0.234,0.000,2.417,0,2,0
real-pen,947,3.882,4.870,0.347,0.000,5.217,0,3,0
real-pen,948,4.530,4.989,0.222,0.000,5.211,0,3,0
real-pen,949,5.383,5.976,0.217,0.000,6.194,0,3,0
real-pen,950,1.514,2.938,0.445,0.000,3.383,0,2,0
real-pen,951,2.978,4.013,0.255,0.000,4.268,0,2,0
real-pen,952,3.917,5.205,0.228,0.000,5.434,0,2,0
real-pen,953,6.490,7.494,0.213,0.000,7.706,0,2,0
real-pen,954,0.354,0.993,0.226,0.000,1.219,0,2,0
real-pen,955,1.371,2.001,0.147,0.000,2.148,0,2,0
real-pen,956,3.061,3.586,0.193,0.000,3.779,0,3,0
real-pen,957,5.018,5.711,0.226,0.000,5.937,0,2,0
real-pen,958,7.762,8.492,0.175,0.000,8.667,0,2,0
real-pen,959,1.150,2.078,0.226,0.000,2.303,0,2,0
real-pen,960,2.036,2.774,0.214,0.000,2.988,0,2,0
real-pen,961,3.007,3.575,0.175,0.000,3.750,0,2,0
real-pen,962,5.550,6.796,0.488,0.000,7.284,0,2,0
real-pen,963,2.905,3.795,0.222,0.000,4.017,0,3,0
real-pen,964,2.977,4.337,0.255,0.000,4.591,0,2,0
real-pen,965,3.654,4.371,0.200,0.000,4.571,0,2,0
real-pen,966,5.503,6.402,0.217,0.000,6.619,0,2,0
real-pen,967,7.760,8.720,0.237,0.000,8.957,0,2,0
real-pen,968,0.706,1.359,0.183,0.000,1.542,0,2,0
real-pen,969,2.383,3.353,0.146,0.000,3.499,0,2,0
real-pen,970,4.146,4.878,0.174,0.000,5.052,0,2,0
real-pen,971,5.598,6.381,0.265,0.000,6.646,0,2,0
real-pen,972,0.658,1.226,0.130,0.000,1.356,0,4,0
real-pen,973,0.510,1.181,0.203,0.000,1.384,0,2,0
real-pen,974,1.989,2.620,0.136,0.000,2.756,0,2,0
real-pen,975,4.233,5.055,0.188,0.000,5.242,0,2,0
real-pen,976,5.546,6.181,0.121,0.000,6.301,0,2,0
real-pen,977,1.120,1.886,0.223,0.000,2.109,0,2,0
real-pen,978,2.833,3.588,0.460,0.000,4.048,0,2,0
real-pen,979,3.629,4.384,0.423,0.000,4.807,0,2,0
real-pen,980,6.954,8.018,0.214,0.000,8.232,0,2,0
real-pen,981,1.347,2.141,0.242,0.000,2.383,0,4,0
real-pen,982,0.579,1.463,0.335,0.000,1.798,0,2,0
real-pen,983,2.018,2.568,0.173,0.000,2.741,0,2,0
real-pen,984,3.595,4.382,0.217,0.000,4.599,0,1,0
real-pen,985,5.993,6.804,0.225,0.000,7.029,0,1,0
real-pen,986,0.325,1.297,0.318,0.000,1.615,0,1,0
real-pen,987,2.883,3.876,0.257,0.000,4.133,0,1,0
real-pen,988,4.331,5.280,0.277,0.000,5.557,0,1,0
real-pen,989,6.386,7.158,0.224,0.000,7.382,0,1,0
real-pen,990,0.415,1.594,0.204,0.000,1.799,0,1,0
real-pen,991,2.003,2.949,0.363,0.000,3.312,0,1,0
real-pen,992,3.249,4.128,0.226,0.000,4.354,0,1,0
real-pen,993,4.055,4.733,0.226,0.000,4.959,0,1,0
real-pen,994,6.471,7.703,0.315,0.000,8.018,0,1,0
real-pen,995,1.768,3.072,0.304,0.000,3.376,0,2,0
real-pen,996,2.659,4.260,0.219,0.000,4.480,0,1,0
real-pen,997,4.606,5.999,0.239,0.000,6.238,0,1,0
real-pen,998,6.181,7.009,0.250,0.000,7.259,0,1,0
real-pen,999,0.734,1.932,0.315,0.000,2.246,0,4,0
real-pen,1000,1.100,2.006,0.207,0.000,2.213,0,1,0
real-pen,1001,2.549,3.420,0.332,0.000,3.752,0,1,0
real-pen,1002,3.165,4.083,0.338,0.000,4.420,0,1,0
real-pen,1003,5.726,6.880,0.225,0.000,7.105,0,1,0
real-pen,1004,1.152,2.074,0.322,0.000,2.395,0,2,0
real-pen,1005,2.620,3.494,0.319,0.000,3.813,0,1,0
real-pen,1006,10.454,13.644,0.323,0.000,13.967,0,1,0
real-pen,1007,5.783,6.588,0.246,0.000,6.833,0,2,0
real-pen,1008,0.906,1.720,0.259,0.000,1.979,0,2,0
real-pen,1009,1.722,2.289,0.208,0.000,2.497,0,2,0
real-pen,1010,2.979,3.942,0.442,0.000,4.384,0,2,0
real-pen,1011,4.624,5.482,0.190,0.000,5.672,0,2,0
real-pen,1012,0.425,6.703,0.499,0.000,7.202,0,1,0
real-pen,1013,1.293,2.266,0.392,0.000,2.659,0,5,0
real-pen,1014,2.017,3.003,0.364,0.000,3.368,0,2,0
real-pen,1015,2.858,3.557,0.184,0.000,3.741,0,2,0
real-pen,1016,5.050,5.827,0.257,0.000,6.085,0,2,0
real-pen,1017,6.929,7.902,0.210,0.000,8.112,0,2,0
real-pen,1018,0.607,1.444,0.153,0.000,1.597,0,3,0
real-pen,1019,3.110,3.813,0.191,0.000,4.004,0,1,0
real-pen,1020,5.013,5.752,0.264,0.000,6.016,0,1,0
real-pen,1021,6.723,7.620,0.227,0.000,7.847,0,1,0
real-pen,1022,1.135,2.045,0.301,0.000,2.346,0,2,0
real-pen,1023,2.710,3.676,0.268,0.000,3.944,0,1,0
real-pen,1024,3.573,4.393,0.326,0.000,4.719,0,1,0
real-pen,1025,6.394,7.351,0.254,0.000,7.605,0,1,0
real-pen,1026,7.111,7.810,0.184,0.000,7.994,0,2,0
real-pen,1027,1.641,2.279,0.148,0.000,2.427,0,2,0
real-pen,1028,1.811,2.465,0.245,0.000,2.709,0,1,0
real-pen,1029,6.436,8.490,0.484,0.000,8.974,0,1,0
real-pen,1030,7.139,8.257,0.208,0.000,8.465,0,2,0
real-pen,1031,1.474,2.332,0.242,0.000,2.574,0,2,0
real-pen,1032,1.073,1.877,0.144,0.000,2.021,0,1,0
real-pen,1033,3.181,4.193,0.196,0.000,4.389,0,1,0
real-pen,1034,6.763,8.065,0.263,0.000,8.328,0,1,0
real-pen,1035,0.343,0.957,0.184,0.000,1.141,0,3,0
real-pen,1036,1.716,2.466,0.276,0.000,2.742,0,3,0
real-pen,1037,3.108,3.890,0.233,0.000,4.123,0,2,0
real-pen,1038,4.666,5.416,0.229,0.000,5.645,0,2,0
real-pen,1039,5.328,6.194,0.194,0.000,6.388,0,3,0
real-pen,1040,1.065,1.717,0.152,0.000,1.870,0,1,0
real-pen,1041,2.104,2.821,0.273,0.000,3.094,0,1,0
real-pen,1042,3.166,4.038,0.318,0.000,4.356,0,1,0
real-pen,1043,5.699,6.581,0.474,0.000,7.055,0,1,0
real-pen,1044,1.492,2.675,0.268,0.000,2.944,0,2,0
real-pen,1045,1.516,2.883,0.283,0.000,3.166,0,2,0
real-pen,1046,0.888,2.194,0.233,0.000,2.427,0,1,0
real-pen,1047,4.977,5.961,0.321,0.000,6.281,0,1,0
real-pen,1048,6.393,7.587,0.377,0.000,7.964,0,1,0
real-pen,1049,0.893,1.687,0.233,0.000,1.920,0,1,0
real-pen,1050,2.669,3.438,0.229,0.000,3.667,0,1,0
real-pen,1051,4.695,5.694,0.277,0.000,5.971,0,1,0
real-pen,1052,6.184,7.042,0.262,0.000,7.304,0,1,0
real-pen,1053,0.233,1.148,0.318,0.000,1.466,0,1,0
real-pen,1054,1.677,2.533,0.246,0.000,2.779,0,1,0
real-pen,1055,2.338,2.870,0.158,0.000,3.028,0,1,0
real-pen,1056,3.761,4.564,0.451,0.000,5.015,0,1,0
real-pen,1057,6.615,8.063,0.463,0.000,8.526,0,1,0
real-pen,1058,1.039,2.290,0.243,0.000,2.533,0,2,0
real-pen,1059,1.757,3.351,0.269,0.000,3.620,0,2,0
real-pen,1060,2.390,3.461,0.214,0.000,3.675,0,2,0
real-pen,1061,3.872,4.764,0.309,0.000,5.073,0,1,0
real-pen,1062,0.474,1.764,0.226,0.000,1.990,0,1,0
real-pen,1063,1.148,2.291,0.282,0.000,2.573,0,2,0
real-pen,1064,3.188,4.087,0.254,0.000,4.341,0,1,0
real-pen,1065,5.362,6.215,0.247,0.000,6.462,0,1,0
real-pen,1066,6.320,7.258,0.234,0.000,7.492,0,1,0
real-pen,1067,1.022,2.016,0.345,0.000,2.361,0,2,0
real-pen,1068,2.476,3.366,0.244,0.000,3.610,0,1,0
real-pen,1069,4.841,5.652,0.216,0.000,5.869,0,2,0
real-pen,1070,5.295,5.937,0.168,0.000,6.105,0,2,0
real-pen,1071,0.577,1.653,0.440,0.000,2.094,0,3,0
real-pen,1072,0.976,2.060,0.324,0.000,2.384,0,2,0
real-pen,1073,3.970,4.992,0.252,0.000,5.245,0,2,0
real-pen,1074,4.038,5.054,0.161,0.000,5.214,0,2,0
real-pen,1075,6.621,7.361,0.260,0.000,7.620,0,2,0
real-pen,1076,0.676,1.450,0.336,0.000,1.786,0,2,0
real-pen,1077,2.216,3.091,0.257,0.000,3.348,0,2,0
real-pen,1078,3.825,4.780,0.322,0.000,5.102,0,2,0
real-pen,1079,6.287,7.255,0.355,0.000,7.610,0,2,0
real-pen,1080,0.406,1.350,0.335,0.000,1.685,0,2,0
real-pen,1081,1.176,2.018,0.238,0.000,2.256,0,2,0
real-pen,1082,3.040,3.778,0.253,0.000,4.031,0,2,0
real-pen,1083,4.466,5.213,0.209,0.000,5.422,0,2,0
real-pen,1084,5.741,6.597,0.244,0.000,6.841,0,2,0
real-pen,1085,6.507,7.119,0.214,0.000,7.333,0,2,0
real-pen,1086,1.881,2.449,0.192,0.000,2.641,0,3,0
real-pen,1087,3.938,5.095,0.271,0.000,5.366,0,1,0
real-pen,1088,5.722,6.388,0.313,0.000,6.701,0,1,0
real-pen,1089,6.715,7.574,0.163,0.000,7.737,0,1,0
real-pen,1090,1.424,2.270,0.198,0.000,2.468,0,2,0
real-pen,1091,2.223,2.780,0.329,0.000,3.109,0,1,0
real-pen,1092,4.211,4.967,0.174,0.000,5.140,0,1,0
real-pen,1093,5.998,7.264,0.239,0.000,7.503,0,1,0
real-pen,1094,0.464,1.041,0.153,0.000,1.194,0,2,0
real-pen,1095,2.250,2.919,0.185,0.000,3.104,0,1,0
real-pen,1096,4.171,4.920,0.215,0.000,5.135,0,1,0
real-pen,1097,5.146,5.755,0.159,0.000,5.915,0,1,0
real-pen,1098,6.072,7.199,0.171,0.000,7.370,0,1,0
real-pen,1099,1.345,2.038,0.171,0.000,2.209,0,2,0
real-pen,1100,2.491,3.229,0.278,0.000,3.507,0,1,0
real-pen,1101,4.841,6.232,0.362,0.000,6.594,0,1,0
real-pen,1102,0.939,2.020,0.290,0.000,2.310,0,2,0
real-pen,1103,1.334,2.160,0.222,0.000,2.382,0,1,0
real-pen,1104,0.686,2.057,0.324,0.000,2.381,0,1,0
real-pen,1105,3.169,6.715,0.216,0.000,6.931,0,1,0
real-pen,1106,4.418,5.185,0.222,0.000,5.407,0,2,0
real-pen,1107,0.523,1.111,0.163,0.000,1.274,0,2,0
real-pen,1108,2.309,3.212,0.203,0.000,3.415,0,2,0
real-pen,1109,2.497,3.164,0.181,0.000,3.345,0,2,0
real-pen,1110,4.309,4.966,0.159,0.000,5.125,0,2,0
real-pen,1111,6.532,7.112,0.197,0.000,7.308,0,2,0
real-pen,1112,0.618,1.400,0.202,0.000,1.603,0,1,0
real-pen,1113,2.306,2.971,0.205,0.000,3.176,0,1,0
real-pen,1114,3.441,4.226,0.209,0.000,4.435,0,1,0
real-pen,1115,4.647,5.416,0.131,0.000,5.547,0,1,0
real-pen,1116,0.961,1.886,0.478,0.000,2.364,0,2,0
real-pen,1117,0.710,1.971,0.182,0.000,2.153,0,1,0
real-pen,1118,2.921,3.641,0.178,0.000,3.819,0,1,0
real-pen,1119,4.132,4.765,0.248,0.000,5.012,0,1,0
real-pen,1120,6.654,7.256,0.166,0.000,7.422,0,1,0
real-pen,1121,0.216,0.845,0.163,0.000,1.008,0,3,0
real-pen,1122,1.709,2.408,0.197,0.000,2.606,0,1,0
real-pen,1123,3.363,4.338,0.301,0.000,4.640,0,1,0
real-pen,1124,6.611,7.731,0.181,0.000,7.912,0,1,0
real-pen,1125,6.278,6.971,0.224,0.000,7.194,0,2,0
real-pen,1126,1.139,1.865,0.205,0.000,2.069,0,2,0
real-pen,1127,3.119,3.795,0.237,0.000,4.032,0,2,0
real-pen,1128,4.101,4.859,0.349,0.000,5.207,0,3,0
real-pen,1129,7.675,8.597,0.252,0.000,8.848,0,3,0
real-pen,1130,1.346,2.243,0.351,0.000,2.594,0,4,0
real-pen,1131,2.716,3.669,0.232,0.000,3.901,0,1,0
real-pen,1132,3.969,5.295,0.318,0.000,5.612,0,1,0
real-pen,1133,5.496,6.283,0.295,0.000,6.578,0,1,0
real-pen,1134,6.754,7.530,0.218,0.000,7.748,0,1,0
real-pen,1135,1.455,2.296,0.318,0.000,2.615,0,1,0
real-pen,1136,2.759,3.452,0.213,0.000,3.665,0,1,0
real-pen,1137,4.906,6.176,0.379,0.000,6.554,0,1,0
real-pen,1138,6.717,8.417,0.483,0.000,8.901,0,1,0
real-pen,1139,0.255,1.014,0.241,0.000,1.256,0,3,0
real-pen,1140,2.270,2.828,0.148,0.000,2.976,0,1,0
real-pen,1141,4.476,5.050,0.128,0.000,5.179,0,1,0
real-pen,1142,5.317,6.178,0.288,0.000,6.465,0,1,0
real-pen,1143,0.320,0.972,0.181,0.000,1.153,0,2,0
real-pen,1144,1.254,2.157,0.341,0.000,2.498,0,1,0
real-pen,1145,3.591,4.234,0.180,0.000,4.414,0,1,0
real-pen,1146,4.434,5.107,0.434,0.000,5.541,0,1,0
real-pen,1147,7.347,8.992,0.464,0.000,9.456,0,1,0
real-pen,1148,7.340,8.078,0.325,0.000,8.403,0,2,0
real-pen,1149,1.796,2.572,0.231,0.000,2.804,0,2,0
real-pen,1150,3.058,3.966,0.172,0.000,4.138,0,1,0
real-pen,1151,6.053,7.158,0.216,0.000,7.373,0,2,0
real-pen,1152,6.487,7.264,0.140,0.000,7.404,0,2,0
real-pen,1153,1.544,2.197,0.135,0.000,2.333,0,2,0
real-pen,1154,3.428,4.202,0.220,0.000,4.422,0,2,0
real-pen,1155,4.596,5.211,0.163,0.000,5.373,0,2,0
real-pen,1156,6.605,7.183,0.183,0.000,7.365,0,2,0
real-pen,1157,0.305,0.891,0.151,0.000,1.042,0,3,0
real-pen,1158,2.055,2.828,0.234,0.000,3.062,0,2,0
real-pen,1159,2.845,3.410,0.159,0.000,3.569,0,2,0
real-pen,1160,5.009,5.813,0.578,0.000,6.391,0,2,0
real-pen,1161,6.715,7.315,0.197,0.000,7.511,0,2,0
real-pen,1162,1.703,2.579,0.471,0.000,3.050,0,2,0
real-pen,1163,4.290,5.233,0.435,0.000,5.669,0,2,0
real-pen,1164,5.745,6.654,0.286,0.000,6.940,0,2,0
real-pen,1165,0.395,1.088,0.179,0.000,1.266,0,4,0
real-pen,1166,0.562,1.565,0.224,0.000,1.789,0,3,0
real-pen,1167,0.834,1.831,0.280,0.000,2.110,0,2,0
real-pen,1168,2.727,3.602,0.267,0.000,3.869,0,2,0
real-pen,1169,4.515,5.373,0.330,0.000,5.704,0,2,0
real-pen,1170,0.329,1.067,0.312,0.000,1.378,0,2,0
real-pen,1171,0.586,9.104,0.314,0.000,9.418,0,2,0
real-pen,1172,1.296,1.915,0.248,0.000,2.162,0,2,0
real-pen,1173,4.783,5.560,0.242,0.000,5.802,0,2,0
real-pen,1174,6.779,7.540,0.207,0.000,7.747,0,2,0
real-pen,1175,2.045,3.086,0.526,0.000,3.611,0,2,0
real-pen,1176,3.018,4.316,0.251,0.000,4.567,0,2,0
real-pen,1177,4.248,5.335,0.276,0.000,5.611,0,2,0
real-pen,1178,6.409,7.470,0.247,0.000,7.717,0,2,0
real-pen,1179,7.687,9.164,0.360,0.000,9.524,0,2,0
real-pen,1180,1.648,2.433,0.244,0.000,2.676,0,2,0
real-pen,1181,2.992,3.945,0.368,0.000,4.313,0,2,0
real-pen,1182,4.593,5.391,0.251,0.000,5.641,0,2,0
real-pen,1183,6.185,6.998,0.197,0.000,7.195,0,2,0
real-pen,1184,1.451,2.147,0.264,0.000,2.411,0,2,0
real-pen,1185,1.934,2.597,0.146,0.000,2.743,0,2,0
real-pen,1186,3.697,4.474,0.309,0.000,4.783,0,2,0
real-pen,1187,4.975,5.671,0.243,0.000,5.914,0,2,0
real-pen,1188,7.044,8.037,0.325,0.000,8.363,0,2,0
real-pen,1189,2.730,3.537,0.424,0.000,3.961,0,2,0
real-pen,1190,3.884,4.811,0.169,0.000,4.979,0,2,0
real-pen,1191,5.033,5.688,0.197,0.000,5.885,0,2,0
real-pen,1192,6.645,7.450,0.267,0.000,7.716,0,2,0
real-pen,1193,0.603,1.472,0.309,0.000,1.782,0,2,0
real-pen,1194,2.024,2.772,0.237,0.000,3.009,0,2,0
real-pen,1195,3.475,4.174,0.248,0.000,4.423,0,2,0
real-pen,1196,4.608,5.305,0.276,0.000,5.582,0,2,0
real-pen,1197,6.338,6.994,0.170,0.000,7.164,0,2,0
real-pen,1198,1.479,2.371,0.230,0.000,2.601,0,2,0
real-pen,1199,2.814,3.661,0.322,0.000,3.983,0,2,0
real-pen,1200,4.358,5.220,0.357,0.000,5.577,0,2,0
real-pen,1201,7.025,8.403,0.440,0.000,8.843,0,3,0
real-pen,1202,0.744,1.595,0.278,0.000,1.873,0,3,0
real-pen,1203,2.076,2.677,0.289,0.000,2.966,0,3,0
real-pen,1204,2.721,3.306,0.203,0.000,3.508,0,2,0
real-pen,1205,4.203,4.952,0.260,0.000,5.212,0,2,0
real-pen,1206,0.225,0.870,0.164,0.000,1.034,0,3,0
real-pen,1207,0.705,1.327,0.170,0.000,1.497,0,1,0
real-pen,1208,9.979,10.447,0.163,0.000,10.609,0,1,0
real-pen,1209,4.368,5.134,0.243,0.000,5.377,0,1,0
real-pen,1210,6.044,6.580,0.131,0.000,6.711,0,1,0
real-pen,1211,1.135,2.119,0.383,0.000,2.503,0,1,0
real-pen,1212,2.190,3.004,0.301,0.000,3.305,0,1,0
real-pen,1213,4.256,5.046,0.136,0.000,5.182,0,1,0
real-pen,1214,12.289,14.017,0.172,0.000,14.189,0,1,0
real-pen,1215,1.189,2.418,0.222,0.000,2.640,0,3,0
real-pen,1216,1.278,1.860,0.193,0.000,2.053,0,2,0
real-pen,1217,3.245,3.926,0.289,0.000,4.215,0,2,0
real-pen,1218,5.459,6.203,0.288,0.000,6.491,0,2,0
real-pen,1219,5.553,6.273,0.211,0.000,6.484,0,3,0
real-pen,1220,8.003,8.561,0.248,0.000,8.808,0,1,0
real-pen,1221,1.909,2.553,0.202,0.000,2.754,0,1,0
real-pen,1222,3.029,3.786,0.248,0.000,4.033,0,1,0
real-pen,1223,5.751,6.673,0.333,0.000,7.006,0,1,0
real-pen,1224,0.503,1.567,0.248,0.000,1.816,0,3,0
real-pen,1225,0.866,1.431,0.203,0.000,1.635,0,2,0
real-pen,1226,3.168,3.967,0.265,0.000,4.232,0,1,0
real-pen,1227,4.247,5.039,0.243,0.000,5.283,0,1,0
real-pen,1228,6.567,7.618,0.260,0.000,7.878,0,1,0
real-pen,1229,0.994,2.637,0.329,0.000,2.966,0,2,0
real-pen,1230,2.841,3.640,0.209,0.000,3.848,0,1,0
real-pen,1231,4.014,5.402,0.247,0.000,5.648,0,1,0
real-pen,1232,5.691,6.896,0.239,0.000,7.134,0,1,0
real-pen,1233,0.527,1.318,0.261,0.000,1.579,0,2,0
real-pen,1234,1.597,2.927,0.289,0.000,3.216,0,2,0
real-pen,1235,2.003,2.748,0.252,0.000,3.001,0,2,0
real-pen,1236,3.428,4.451,0.177,0.000,4.628,0,1,0
real-pen,1237,5.274,5.921,0.205,0.000,6.126,0,1,0
real-pen,1238,0.635,1.748,0.162,0.000,1.910,0,1,0
real-pen,1239,3.258,4.346,0.288,0.000,4.634,0,2,0
real-pen,1240,3.014,3.827,0.313,0.000,4.140,0,2,0
real-pen,1241,5.021,5.865,0.246,0.000,6.110,0,2,0
real-pen,1242,7.034,7.999,0.320,0.000,8.319,0,2,0
real-pen,1243,0.262,0.894,0.156,0.000,1.050,0,2,0
real-pen,1244,1.976,2.535,0.195,0.000,2.730,0,2,0
real-pen,1245,13.580,14.579,0.292,0.000,14.871,0,2,0
real-pen,1246,7.232,7.978,0.318,0.000,8.296,0,4,0
real-pen,1247,0.540,1.728,0.189,0.000,1.917,0,2,0
real-pen,1248,2.148,2.832,0.197,0.000,3.028,0,1,0
real-pen,1249,3.315,4.260,0.221,0.000,4.481,0,1,0
real-pen,1250,5.425,6.304,0.389,0.000,6.693,0,1,0
real-pen,1251,6.199,6.831,0.201,0.000,7.032,0,1,0
real-pen,1252,1.141,2.000,0.286,0.000,2.286,0,2,0
real-pen,1253,2.049,3.025,0.248,0.000,3.273,0,1,0
real-pen,1254,3.687,4.972,0.262,0.000,5.234,0,1,0
real-pen,1255,6.322,7.585,0.248,0.000,7.833,0,1,0
real-pen,1256,2.137,3.671,0.489,0.000,4.160,0,2,0
real-pen,1257,0.322,10.794,0.233,0.000,11.027,0,1,0
real-pen,1258,3.844,4.516,0.243,0.000,4.759,0,4,0
real-pen,1259,4.417,5.291,0.331,0.000,5.622,0,2,0
real-pen,1260,8.041,9.348,0.382,0.000,9.729,0,2,0
real-pen,1261,1.743,2.268,0.162,0.000,2.430,0,2,0
real-pen,1262,2.723,3.507,0.232,0.000,3.739,0,2,0
real-pen,1263,3.723,4.491,0.203,0.000,4.695,0,2,0
real-pen,1264,5.589,6.461,0.256,0.000,6.717,0,2,0
real-pen,1265,1.195,2.334,0.305,0.000,2.639,0,3,0
real-pen,1266,1.475,2.423,0.303,0.000,2.726,0,2,0
real-pen,1267,4.744,5.808,0.319,0.000,6.126,0,2,0
real-pen,1268,4.854,5.580,0.245,0.000,5.825,0,2,0
real-pen,1269,6.948,8.034,0.189,0.000,8.223,0,2,0
real-pen,1270,0.642,1.347,0.151,0.000,1.498,0,3,0
real-pen,1271,3.350,4.132,0.187,0.000,4.319,0,2,0
real-pen,1272,4.901,5.776,0.189,0.000,5.965,0,3,0
real-pen,1273,6.237,6.843,0.223,0.000,7.065,0,2,0
real-pen,1274,2.382,3.224,0.174,0.000,3.398,0,2,0
real-pen,1275,1.962,2.756,0.183,0.000,2.939,0,2,0
real-pen,1276,3.095,3.812,0.172,0.000,3.984,0,2,0
real-pen,1277,4.687,5.230,0.232,0.000,5.462,0,2,0
real-pen,1278,0.451,1.167,0.215,0.000,1.381,0,2,0
real-pen,1279,1.214,1.909,0.190,0.000,2.099,0,2,0
real-pen,1280,2.340,2.900,0.196,0.000,3.096,0,2,0
real-pen,1281,4.437,5.244,0.275,0.000,5.519,0,2,0
real-pen,1282,5.924,6.977,0.352,0.000,7.328,0,2,0
real-pen,1283,0.861,1.758,0.248,0.000,2.005,0,2,0
real-pen,1284,1.119,1.885,0.198,0.000,2.083,0,3,0
real-pen,1285,3.244,3.750,0.240,0.000,3.991,0,1,0
real-pen,1286,5.192,5.926,0.205,0.000,6.132,0,1,0
real-pen,1287,7.585,8.533,0.421,0.000,8.954,0,1,0
real-pen,1288,1.231,2.313,0.490,0.000,2.804,0,2,0
real-pen,1289,3.595,5.008,0.355,0.000,5.362,0,1,0
real-pen,1290,4.908,6.181,0.287,0.000,6.468,0,1,0
real-pen,1291,6.111,7.143,0.333,0.000,7.475,0,1,0
real-pen,1292,1.669,2.869,0.242,0.000,3.111,0,3,0
real-pen,1293,2.171,3.061,0.254,0.000,3.315,0,1,0
real-pen,1294,11.434,12.773,0.321,0.000,13.094,0,1,0
real-pen,1295,7.272,8.351,0.211,0.000,8.562,0,2,0
real-pen,1296,5.230,6.280,0.287,0.000,6.567,0,2,0
real-pen,1297,1.194,2.168,0.323,0.000,2.491,0,3,0
real-pen,1298,2.696,3.506,0.257,0.000,3.764,0,3,0
real-pen,1299,4.282,4.934,0.158,0.000,5.092,0,2,0
real-pen,1300,6.127,6.961,0.288,0.000,7.249,0,2,0
real-pen,1301,0.331,0.881,0.217,0.000,1.098,0,4,0
real-pen,1302,1.568,2.177,0.184,0.000,2.360,0,2,0
real-pen,1303,2.972,3.810,0.258,0.000,4.067,0,1,0
real-pen,1304,0.889,1.766,0.224,0.000,1.990,0,2,0
real-pen,1305,7.134,7.599,0.198,0.000,7.797,0,1,0
real-pen,1306,0.977,2.398,0.227,0.000,2.626,0,2,0
real-pen,1307,1.895,2.872,0.224,0.000,3.096,0,1,0
real-pen,1308,2.868,3.490,0.196,0.000,3.686,0,1,0
real-pen,1309,4.762,5.455,0.235,0.000,5.690,0,1,0
real-pen,1310,0.710,1.619,0.377,0.000,1.996,0,1,0
real-pen,1311,1.766,2.365,0.234,0.000,2.599,0,1,0
real-pen,1312,3.193,3.925,0.197,0.000,4.122,0,1,0
real-pen,1313,5.261,6.014,0.297,0.000,6.310,0,1,0
real-pen,1314,7.073,8.184,0.275,0.000,8.459,0,1,0
real-pen,1315,0.973,1.724,0.214,0.000,1.938,0,2,0
real-pen,1316,2.731,3.577,0.453,0.000,4.030,0,1,0
real-pen,1317,5.084,6.596,0.363,0.000,6.959,0,1,0
real-pen,1318,0.724,1.623,0.243,0.000,1.866,0,2,0
real-pen,1319,0.580,1.568,0.356,0.000,1.924,0,1,0
real-pen,1320,1.831,2.850,0.424,0.000,3.274,0,1,0
real-pen,1321,2.801,3.690,0.326,0.000,4.016,0,1,0
real-pen,1322,4.225,5.143,0.318,0.000,5.461,0,1,0
real-pen,1323,1.098,2.084,0.250,0.000,2.335,0,2,0
real-pen,1324,0.396,1.379,0.477,0.000,1.855,0,2,0
real-pen,1325,2.412,3.401,0.204,0.000,3.605,0,2,0
real-pen,1326,4.153,5.126,0.272,0.000,5.398,0,2,0
real-pen,1327,4.979,5.465,0.224,0.000,5.689,0,2,0
real-pen,1328,0.487,0.910,0.125,0.000,1.034,0,3,0
real-pen,1329,2.250,3.110,0.198,0.000,3.308,0,2,0
real-pen,1330,3.792,4.522,0.171,0.000,4.693,0,2,0
real-pen,1331,13.240,13.803,0.207,0.000,14.010,0,2,0
real-pen,1332,7.238,8.095,0.467,0.000,8.561,0,3,0
real-pen,1333,1.581,3.077,0.232,0.000,3.309,0,3,0
real-pen,1334,1.937,2.488,0.201,0.000,2.689,0,2,0
real-pen,1335,4.173,4.657,0.185,0.000,4.842,0,2,0
real-pen,1336,6.455,7.197,0.246,0.000,7.443,0,1,0
real-pen,1337,0.485,1.232,0.222,0.000,1.454,0,2,0
real-pen,1338,1.322,2.170,0.277,0.000,2.447,0,1,0
real-pen,1339,2.950,3.804,0.231,0.000,4.035,0,1,0
real-pen,1340,5.393,6.196,0.271,0.000,6.467,0,1,0
real-pen,1341,7.010,7.999,0.279,0.000,8.278,0,1,0
real-pen,1342,1.204,2.168,0.305,0.000,2.473,0,2,0
real-pen,1343,9.889,10.613,0.289,0.000,10.902,0,1,0
real-pen,1344,5.019,6.174,0.189,0.000,6.363,0,1,0
real-pen,1345,5.768,6.549,0.353,0.000,6.902,0,3,0
real-pen,1346,2.579,3.587,0.178,0.000,3.765,0,4,0
real-pen,1347,3.091,3.699,0.177,0.000,3.876,0,4,0
real-pen,1348,3.477,4.369,0.154,0.000,4.523,0,1,0
real-pen,1349,4.777,5.215,0.135,0.000,5.349,0,1,0
real-pen,1350,6.396,7.233,0.369,0.000,7.602,0,1,0
real-pen,1351,0.980,1.655,0.239,0.000,1.894,0,2,0
real-pen,1352,3.089,3.951,0.245,0.000,4.196,0,1,0
real-pen,1353,11.440,14.174,0.318,0.000,14.492,0,1,0
real-pen,1354,6.255,7.059,0.157,0.000,7.216,0,2,0
real-pen,1355,0.679,1.673,0.222,0.000,1.895,0,2,0
real-pen,1356,1.722,2.584,0.203,0.000,2.787,0,2,0
real-pen,1357,3.711,4.377,0.185,0.000,4.562,0,2,0
real-pen,1358,4.270,4.858,0.264,0.000,5.123,0,2,0
real-pen,1359,6.604,7.322,0.271,0.000,7.593,0,1,0
real-pen,1360,0.229,0.949,0.235,0.000,1.184,0,2,0
real-pen,1361,3.550,4.900,0.341,0.000,5.241,0,1,0
real-pen,1362,5.194,6.699,0.290,0.000,6.989,0,1,0
real-pen,1363,0.904,1.701,0.264,0.000,1.964,0,2,0
real-pen,1364,2.027,3.510,0.285,0.000,3.795,0,3,0
real-pen,1365,2.139,3.077,0.234,0.000,3.311,0,1,0
real-pen,1366,2.361,3.880,0.366,0.000,4.246,0,1,0
real-pen,1367,5.046,6.105,0.317,0.000,6.422,0,1,0
real-pen,1368,13.962,14.605,0.233,0.000,14.838,0,1,0
real-pen,1369,0.952,1.756,0.292,0.000,2.048,0,1,0
real-pen,1370,2.173,3.046,0.387,0.000,3.434,0,1,0
real-pen,1371,4.139,4.986,0.300,0.000,5.286,0,1,0
real-pen,1372,5.930,6.894,0.222,0.000,7.116,0,1,0
real-pen,1373,0.689,1.757,0.253,0.000,2.011,0,2,0
real-pen,1374,2.297,3.290,0.502,0.000,3.792,0,1,0
real-pen,1375,3.634,4.697,0.490,0.000,5.187,0,1,0
real-pen,1376,5.708,6.889,0.237,0.000,7.126,0,1,0
real-pen,1377,6.497,7.539,0.309,0.000,7.848,0,2,0
real-pen,1378,0.928,1.620,0.226,0.000,1.846,0,3,0
real-pen,1379,1.887,2.883,0.252,0.000,3.136,0,1,0
real-pen,1380,12.162,13.148,0.519,0.000,13.667,0,1,0
real-pen,1381,6.635,7.700,0.293,0.000,7.993,0,1,0
real-pen,1382,0.425,1.545,0.338,0.000,1.883,0,2,0
real-pen,1383,1.705,2.675,0.274,0.000,2.949,0,1,0
real-pen,1384,2.786,3.725,0.260,0.000,3.985,0,1,0
real-pen,1385,5.796,7.052,0.677,0.000,7.730,0,1,0
real-pen,1386,7.642,8.655,0.440,0.000,9.095,0,1,0
real-pen,1387,1.055,2.082,0.310,0.000,2.392,0,2,0
real-pen,1388,3.252,4.462,0.421,0.000,4.883,0,1,0
real-pen,1389,5.714,7.496,0.263,0.000,7.759,0,1,0
real-pen,1390,0.991,2.032,0.230,0.000,2.262,0,3,0
real-pen,1391,0.619,1.697,0.174,0.000,1.871,0,2,0
real-pen,1392,1.298,2.281,0.329,0.000,2.610,0,2,0
real-pen,1393,2.012,2.698,0.194,0.000,2.892,0,2,0
real-pen,1394,3.030,3.971,0.155,0.000,4.127,0,2,0
real-pen,1395,5.986,6.721,0.343,0.000,7.064,0,2,0
real-pen,1396,1.234,1.905,0.244,0.000,2.149,0,2,0
real-pen,1397,2.757,3.387,0.205,0.000,3.592,0,2,0
real-pen,1398,4.925,5.555,0.179,0.000,5.734,0,2,0
real-pen,1399,6.956,8.051,0.449,0.000,8.500,0,2,0
real-pen,1400,0.938,1.875,0.387,0.000,2.262,0,2,0
real-pen,1401,1.892,2.892,0.242,0.000,3.134,0,3,0
real-pen,1402,3.039,3.764,0.170,0.000,3.933,0,1,0
real-pen,1403,4.823,5.449,0.240,0.000,5.689,0,1,0
real-pen,1404,0.422,1.021,0.175,0.000,1.195,0,2,0
real-pen,1405,3.279,4.297,0.202,0.000,4.499,0,3,0
real-pen,1406,4.112,4.825,0.240,0.000,5.065,0,1,0
real-pen,1407,5.548,6.485,0.216,0.000,6.701,0,1,0
real-pen,1408,0.307,1.079,0.329,0.000,1.408,0,1,0
real-pen,1409,1.659,2.440,0.155,0.000,2.595,0,1,0
real-pen,1410,2.622,3.210,0.227,0.000,3.437,0,1,0
real-pen,1411,5.178,5.942,0.236,0.000,6.177,0,1,0
real-pen,1412,6.752,7.567,0.200,0.000,7.767,0,1,0
real-pen,1413,0.675,1.645,0.160,0.000,1.805,0,2,0
real-pen,1414,2.206,2.813,0.234,0.000,3.047,0,1,0
real-pen,1415,4.371,5.123,0.130,0.000,5.253,0,1,0
real-pen,1416,12.563,13.554,0.203,0.000,13.758,0,1,0
real-pen,1417,0.867,2.050,0.188,0.000,2.238,0,1,0
real-pen,1418,2.008,2.911,0.211,0.000,3.122,0,1,0
real-pen,1419,5.126,5.750,0.184,0.000,5.934,0,1,0
real-pen,1420,6.050,6.858,0.166,0.000,7.025,0,2,0
real-pen,1421,7.222,8.238,0.384,0.000,8.623,0,2,0
real-pen,1422,0.534,1.318,0.152,0.000,1.470,0,2,0
real-pen,1423,2.248,2.903,0.181,0.000,3.084,0,2,0
real-pen,1424,3.748,4.515,0.285,0.000,4.800,0,2,0
real-pen,1425,5.534,6.461,0.277,0.000,6.738,0,2,0
real-pen,1426,0.572,1.363,0.244,0.000,1.607,0,2,0
real-pen,1427,1.839,2.669,0.256,0.000,2.925,0,3,0
real-pen,1428,3.475,4.006,0.214,0.000,4.220,0,3,0
real-pen,1429,5.431,6.324,0.234,0.000,6.558,0,3,0
real-pen,1430,7.162,8.188,0.266,0.000,8.454,0,2,0
real-pen,1431,3.088,4.455,0.257,0.000,4.712,0,3,0
real-pen,1432,3.662,4.756,0.250,0.000,5.007,0,2,0
real-pen,1433,4.132,4.914,0.157,0.000,5.070,0,2,0
real-pen,1434,4.746,5.302,0.271,0.000,5.573,0,2,0
real-pen,1435,0.453,1.061,0.277,0.000,1.337,0,2,0
real-pen,1436,1.572,2.353,0.241,0.000,2.594,0,2,0
real-pen,1437,3.111,3.873,0.235,0.000,4.108,0,2,0
real-pen,1438,5.364,6.270,0.362,0.000,6.632,0,2,0
real-pen,1439,7.064,7.966,0.224,0.000,8.190,0,2,0
real-pen,1440,1.068,1.959,0.285,0.000,2.245,0,2,0
real-pen,1441,2.063,2.866,0.340,0.000,3.205,0,2,0
real-pen,1442,4.130,4.963,0.301,0.000,5.263,0,2,0
real-pen,1443,5.839,6.962,0.274,0.000,7.236,0,2,0
real-pen,1444,0.900,1.745,0.461,0.000,2.206,0,2,0
real-pen,1445,2.261,3.531,0.639,0.000,4.170,0,2,0
real-pen,1446,7.040,8.326,0.281,0.000,8.607,0,2,0
real-pen,1447,6.646,7.544,0.179,0.000,7.723,0,3,0
real-pen,1448,1.917,2.743,0.176,0.000,2.919,0,3,0
real-pen,1449,0.684,1.312,0.200,0.000,1.513,0,2,0
real-pen,1450,2.226,2.913,0.182,0.000,3.095,0,2,0
real-pen,1451,4.664,6.040,0.342,0.000,6.381,0,2,0
real-pen,1452,6.172,7.848,0.493,0.000,8.340,0,2,0
real-pen,1453,0.714,1.653,0.200,0.000,1.853,0,2,0
real-pen,1454,1.792,2.795,0.166,0.000,2.961,0,2,0
real-pen,1455,3.337,4.100,0.293,0.000,4.393,0,2,0
real-pen,1456,5.470,6.266,0.249,0.000,6.515,0,2,0
real-pen,1457,0.854,1.708,0.265,0.000,1.973,0,2,0
real-pen,1458,0.794,1.548,0.193,0.000,1.741,0,2,0
real-pen,1459,2.239,2.986,0.152,0.000,3.137,0,2,0
real-pen,1460,3.582,4.318,0.207,0.000,4.525,0,2,0
real-pen,1461,6.551,7.825,0.404,0.000,8.229,0,2,0
real-pen,1462,1.803,2.672,0.282,0.000,2.954,0,3,0
real-pen,1463,1.741,2.949,0.286,0.000,3.236,0,2,0
real-pen,1464,4.056,4.941,0.259,0.000,5.200,0,2,0
real-pen,1465,5.980,6.832,0.211,0.000,7.042,0,2,0
real-pen,1466,6.385,7.073,0.221,0.000,7.294,0,2,0
real-pen,1467,0.800,1.753,0.273,0.000,2.026,0,2,0
real-pen,1468,2.580,3.226,0.190,0.000,3.416,0,2,0
real-pen,1469,3.453,4.116,0.157,0.000,4.273,0,2,0
real-pen,1470,5.606,6.184,0.171,0.000,6.355,0,2,0
real-pen,1471,0.651,1.572,0.189,0.000,1.760,0,2,0
real-pen,1472,2.000,2.859,0.316,0.000,3.175,0,2,0
real-pen,1473,4.152,4.881,0.187,0.000,5.067,0,3,0
real-pen,1474,5.203,6.228,0.188,0.000,6.416,0,3,0
real-pen,1475,1.218,2.119,0.187,0.000,2.305,0,2,0
real-pen,1476,1.136,2.213,0.258,0.000,2.472,0,1,0
real-pen,1477,2.833,3.721,0.243,0.000,3.964,0,1,0
real-pen,1478,4.761,5.640,0.312,0.000,5.952,0,1,0
real-pen,1479,6.436,7.142,0.213,0.000,7.354,0,1,0
real-pen,1480,0.572,1.318,0.238,0.000,1.555,0,2,0
real-pen,1481,1.631,2.353,0.180,0.000,2.533,0,1,0
real-pen,1482,3.213,4.245,0.245,0.000,4.490,0,1,0
real-pen,1483,5.942,6.671,0.288,0.000,6.959,0,1,0
real-pen,1484,1.198,2.231,0.263,0.000,2.494,0,2,0
real-pen,1485,2.337,3.098,0.186,0.000,3.283,0,2,0
real-pen,1486,2.822,3.594,0.249,0.000,3.843,0,2,0
real-pen,1487,3.303,4.163,0.271,0.000,4.434,0,3,0
real-pen,1488,5.975,6.604,0.386,0.000,6.989,0,1,0
real-pen,1489,0.197,1.102,0.509,0.000,1.611,0,1,0
real-pen,1490,2.035,3.317,0.231,0.000,3.548,0,2,0
real-pen,1491,3.967,4.776,0.239,0.000,5.015,0,1,0
real-pen,1492,5.541,6.510,0.439,0.000,6.949,0,1,0
real-pen,1493,0.426,1.004,0.150,0.000,1.153,0,3,0
real-pen,1494,0.704,1.529,0.205,0.000,1.734,0,2,0
real-pen,1495,2.671,3.475,0.319,0.000,3.793,0,1,0
real-pen,1496,4.014,4.742,0.285,0.000,5.027,0,1,0
real-pen,1497,5.574,6.544,0.256,0.000,6.800,0,1,0
real-pen,1498,0.551,1.471,0.316,0.000,1.787,0,2,0
real-pen,1499,2.062,2.957,0.209,0.000,3.165,0,1,0
real-pen,1500,3.361,4.309,0.340,0.000,4.649,0,1,0
real-pen,1501,5.038,5.958,0.251,0.000,6.209,0,1,0
real-pen,1502,14.435,15.311,0.199,0.000,15.510,0,1,0
real-pen,1503,1.189,2.647,0.311,0.000,2.958,0,3,0
real-pen,1504,3.401,4.909,0.254,0.000,5.163,0,1,0
real-pen,1505,4.242,9.085,0.230,0.000,9.315,0,1,0
real-pen,1506,0.648,1.249,0.173,0.000,1.421,0,3,0
real-pen,1507,0.763,1.409,0.199,0.000,1.608,0,2,0
real-pen,1508,2.385,3.412,0.287,0.000,3.698,0,3,0
real-pen,1509,3.605,4.005,0.128,0.000,4.133,0,1,0
real-pen,1510,4.457,4.934,0.132,0.000,5.066,0,1,0
real-pen,1511,6.092,6.714,0.265,0.000,6.980,0,1,0
real-pen,1512,1.630,2.856,0.264,0.000,3.121,0,1,0
real-pen,1513,2.021,2.652,0.133,0.000,2.785,0,1,0
real-pen,1514,3.371,4.032,0.208,0.000,4.240,0,1,0
real-pen,1515,5.421,6.152,0.190,0.000,6.341,0,1,0
real-pen,1516,7.195,8.752,0.282,0.000,9.033,0,1,0
real-pen,1517,3.982,5.573,0.175,0.000,5.747,0,2,0
real-pen,1518,3.350,4.117,0.218,0.000,4.335,0,2,0
real-pen,1519,5.696,6.655,0.256,0.000,6.911,0,2,0
real-pen,1520,7.835,9.373,0.226,0.000,9.599,0,2,0
real-pen,1521,0.372,0.765,0.129,0.000,0.894,0,2,0
real-pen,1522,1.354,2.018,0.223,0.000,2.242,0,2,0
real-pen,1523,2.643,3.366,0.175,0.000,3.541,0,2,0
real-pen,1524,5.642,6.612,0.553,0.000,7.165,0,2,0
real-pen,1525,0.362,1.020,0.182,0.000,1.202,0,4,0
real-pen,1526,1.421,2.100,0.188,0.000,2.288,0,2,0
real-pen,1527,1.593,2.221,0.164,0.000,2.385,0,1,0
real-pen,1528,5.461,6.387,0.300,0.000,6.687,0,1,0
real-pen,1529,7.189,8.259,0.293,0.000,8.552,0,1,0
real-pen,1530,1.140,2.155,0.366,0.000,2.522,0,2,0
real-pen,1531,2.484,3.351,0.253,0.000,3.604,0,1,0
real-pen,1532,4.654,5.735,0.444,0.000,6.178,0,1,0
real-pen,1533,5.700,7.143,0.304,0.000,7.447,0,1,0
real-pen,1534,1.161,2.443,0.283,0.000,2.727,0,1,0
real-pen,1535,1.705,3.349,0.254,0.000,3.603,0,1,0
real-pen,1536,1.669,2.568,0.281,0.000,2.849,0,1,0
real-pen,1537,3.635,5.882,0.252,0.000,6.135,0,1,0
real-pen,1538,5.150,6.026,0.233,0.000,6.258,0,2,0
real-pen,1539,0.655,1.488,0.226,0.000,1.713,0,3,0
real-pen,1540,2.459,3.143,0.303,0.000,3.446,0,2,0
real-pen,1541,3.854,4.430,0.139,0.000,4.568,0,2,0
real-pen,1542,5.357,6.521,0.220,0.000,6.741,0,3,0
real-pen,1543,0.978,1.702,0.423,0.000,2.125,0,4,0
real-pen,1544,1.566,2.400,0.244,0.000,2.644,0,2,0
real-pen,1545,2.517,3.184,0.394,0.000,3.577,0,2,0
real-pen,1546,5.103,5.857,0.384,0.000,6.241,0,2,0
real-pen,1547,7.854,9.586,0.239,0.000,9.825,0,2,0
real-pen,1548,1.097,2.011,0.258,0.000,2.269,0,2,0
real-pen,1549,2.978,3.794,0.189,0.000,3.983,0,2,0
real-pen,1550,3.786,4.638,0.330,0.000,4.968,0,2,0
real-pen,1551,4.848,5.660,0.234,0.000,5.894,0,2,0
real-pen,1552,0.880,1.773,0.222,0.000,1.994,0,2,0
real-pen,1553,1.677,2.443,0.180,0.000,2.622,0,2,0
real-pen,1554,2.142,2.688,0.148,0.000,2.836,0,2,0
real-pen,1555,5.094,5.888,0.223,0.000,6.111,0,2,0
real-pen,1556,6.557,7.507,0.362,0.000,7.869,0,2,0
real-pen,1557,0.668,1.683,0.215,0.000,1.898,0,2,0
real-pen,1558,2.304,3.062,0.275,0.000,3.336,0,2,0
real-pen,1559,4.099,4.683,0.224,0.000,4.906,0,3,0
real-pen,1560,5.914,6.817,0.190,0.000,7.008,0,1,0
real-pen,1561,0.987,2.192,0.395,0.000,2.587,0,2,0
real-pen,1562,1.495,2.380,0.310,0.000,2.689,0,1,0
real-pen,1563,1.556,2.798,0.308,0.000,3.106,0,1,0
real-pen,1564,3.779,4.737,0.302,0.000,5.039,0,1,0
real-pen,1565,0.463,1.139,0.214,0.000,1.353,0,2,0
real-pen,1566,0.361,1.307,0.237,0.000,1.544,0,1,0
real-pen,1567,1.998,2.834,0.192,0.000,3.026,0,2,0
real-pen,1568,5.041,5.676,0.166,0.000,5.842,0,1,0
real-pen,1569,6.553,7.308,0.200,0.000,7.508,0,1,0
real-pen,1570,0.507,1.502,0.265,0.000,1.766,0,2,0
real-pen,1571,2.491,3.409,0.212,0.000,3.621,0,4,0
real-pen,1572,2.748,3.429,0.176,0.000,3.604,0,2,0
real-pen,1573,4.257,4.840,0.153,0.000,4.993,0,2,0
real-pen,1574,6.933,7.978,0.234,0.000,8.212,0,2,0
real-pen,1575,1.694,2.556,0.230,0.000,2.786,0,2,0
real-pen,1576,1.563,2.089,0.227,0.000,2.316,0,2,0
real-pen,1577,2.932,3.981,0.202,0.000,4.183,0,2,0
real-pen,1578,5.284,5.916,0.217,0.000,6.133,0,1,0
real-pen,1579,6.936,7.935,0.220,0.000,8.154,0,1,0
real-pen,1580,1.380,2.122,0.197,0.000,2.319,0,2,0
real-pen,1581,2.740,3.382,0.164,0.000,3.546,0,1,0
real-pen,1582,4.658,5.678,0.237,0.000,5.915,0,1,0
real-pen,1583,6.481,7.583,0.230,0.000,7.813,0,1,0
real-pen,1584,0.735,1.635,0.288,0.000,1.923,0,2,0
real-pen,1585,2.887,3.822,0.257,0.000,4.078,0,1,0
real-pen,1586,4.377,5.249,0.246,0.000,5.495,0,1,0
real-pen,1587,6.336,7.346,0.744,0.000,8.090,0,1,0
real-pen,1588,0.826,2.170,0.201,0.000,2.371,0,3,0
real-pen,1589,2.720,3.726,0.157,0.000,3.883,0,1,0
real-pen,1590,2.906,4.004,0.293,0.000,4.297,0,1,0
real-pen,1591,4.576,5.502,0.243,0.000,5.745,0,1,0
real-pen,1592,5.719,6.677,0.224,0.000,6.900,0,1,0
real-pen,1593,0.936,1.682,0.284,0.000,1.966,0,2,0
real-pen,1594,1.658,2.338,0.236,0.000,2.575,0,1,0
real-pen,1595,3.242,3.708,0.217,0.000,3.925,0,1,0
real-pen,1596,6.007,6.884,0.307,0.000,7.191,0,1,0
real-pen,1597,0.368,1.283,0.283,0.000,1.566,0,3,0
real-pen,1598,0.909,1.677,0.300,0.000,1.977,0,1,0
real-pen,1599,2.446,3.389,0.330,0.000,3.719,0,1,0
real-pen,1600,5.152,6.233,0.218,0.000,6.451,0,1,0
real-pen,1601,1.638,2.811,0.241,0.000,3.052,0,1,0
real-pen,1602,0.409,1.634,0.229,0.000,1.863,0,2,0
real-pen,1603,1.635,2.268,0.210,0.000,2.479,0,3,0
real-pen,1604,2.758,3.381,0.198,0.000,3.578,0,2,0
real-pen,1605,3.787,4.724,0.153,0.000,4.877,0,2,0
real-pen,1606,6.902,8.044,0.237,0.000,8.281,0,2,0
real-pen,1607,2.314,3.038,0.276,0.000,3.314,0,2,0
real-pen,1608,3.196,4.081,0.324,0.000,4.405,0,3,0
real-pen,1609,5.216,5.975,0.255,0.000,6.229,0,2,0
real-pen,1610,1.503,2.554,0.368,0.000,2.922,0,3,0
real-pen,1611,0.992,1.838,0.249,0.000,2.087,0,2,0
real-pen,1612,2.211,3.013,0.484,0.000,3.497,0,2,0
real-pen,1613,0.360,2.954,0.270,0.000,3.224,0,2,0
real-pen,1614,6.046,7.053,0.234,0.000,7.287,0,2,0
real-pen,1615,1.819,2.623,0.346,0.000,2.969,0,4,0
real-pen,1616,1.652,2.145,0.189,0.000,2.334,0,1,0
real-pen,1617,2.206,3.107,0.210,0.000,3.316,0,1,0
real-pen,1618,3.723,4.578,0.221,0.000,4.798,0,1,0
real-pen,1619,5.540,6.291,0.208,0.000,6.499,0,1,0
real-pen,1620,0.502,1.290,0.225,0.000,1.515,0,2,0
real-pen,1621,2.104,2.932,0.312,0.000,3.245,0,1,0
real-pen,1622,4.107,4.883,0.293,0.000,5.175,0,1,0
real-pen,1623,6.206,6.997,0.263,0.000,7.260,0,1,0
real-pen,1624,0.520,2.074,0.258,0.000,2.332,0,1,0
real-pen,1625,1.040,2.419,0.366,0.000,2.786,0,3,0
real-pen,1626,5.221,7.057,0.190,0.000,7.247,0,2,0
real-pen,1627,6.068,6.833,0.209,0.000,7.042,0,2,0
real-pen,1628,8.358,9.176,0.196,0.000,9.372,0,2,0
real-pen,1629,1.287,2.048,0.143,0.000,2.191,0,2,0
real-pen,1630,1.538,2.270,0.158,0.000,2.428,0,2,0
real-pen,1631,3.005,3.489,0.304,0.000,3.792,0,1,0
real-pen,1632,4.699,5.577,0.181,0.000,5.758,0,1,0
real-pen,1633,0.613,1.445,0.209,0.000,1.654,0,2,0
real-pen,1634,1.276,2.103,0.173,0.000,2.275,0,1,0
real-pen,1635,3.139,3.872,0.235,0.000,4.107,0,1,0
real-pen,1636,4.985,5.745,0.215,0.000,5.960,0,1,0
real-pen,1637,1.679,2.593,0.363,0.000,2.956,0,2,0
real-pen,1638,0.391,1.272,0.206,0.000,1.477,0,2,0
real-pen,1639,1.140,1.814,0.120,0.000,1.933,0,2,0
real-pen,1640,3.555,4.380,0.238,0.000,4.618,0,2,0
real-pen,1641,5.943,7.143,0.242,0.000,7.385,0,2,0
real-pen,1642,0.854,1.543,0.241,0.000,1.784,0,3,0
real-pen,1643,1.610,2.385,0.233,0.000,2.617,0,2,0
real-pen,1644,3.182,3.733,0.220,0.000,3.953,0,2,0
real-pen,1645,4.370,4.841,0.136,0.000,4.977,0,3,0
real-pen,1646,6.621,7.283,0.386,0.000,7.669,0,1,0
real-pen,1647,0.360,1.340,0.177,0.000,1.516,0,2,0
real-pen,1648,2.390,3.080,0.200,0.000,3.279,0,1,0
real-pen,1649,3.786,4.449,0.203,0.000,4.652,0,1,0
real-pen,1650,5.204,6.057,0.311,0.000,6.368,0,1,0
real-pen,1651,0.388,1.063,0.210,0.000,1.273,0,2,0
real-pen,1652,1.507,2.260,0.151,0.000,2.411,0,1,0
real-pen,1653,3.074,4.071,0.287,0.000,4.358,0,1,0
real-pen,1654,5.255,8.638,0.327,0.000,8.965,0,1,0
real-pen,1655,2.610,3.949,0.344,0.000,4.293,0,3,0
real-pen,1656,2.851,3.927,0.285,0.000,4.213,0,2,0
real-pen,1657,3.587,4.648,0.271,0.000,4.918,0,2,0
real-pen,1658,5.599,6.913,0.320,0.000,7.233,0,2,0
real-pen,1659,5.078,5.785,0.164,0.000,5.948,0,2,0
real-pen,1660,0.638,1.157,0.194,0.000,1.351,0,3,0
real-pen,1661,1.536,2.011,0.196,0.000,2.207,0,3,0
real-pen,1662,1.205,2.023,0.214,0.000,2.237,0,1,0
real-pen,1663,4.409,4.987,0.210,0.000,5.197,0,1,0
real-pen,1664,7.150,8.061,0.317,0.000,8.378,0,1,0
real-pen,1665,0.876,1.937,0.309,0.000,2.247,0,2,0
real-pen,1666,2.806,3.571,0.222,0.000,3.793,0,1,0
real-pen,1667,3.849,4.314,0.224,0.000,4.539,0,1,0
real-pen,1668,5.197,5.635,0.135,0.000,5.770,0,1,0
real-pen,1669,2.373,3.561,0.229,0.000,3.791,0,2,0
real-pen,1670,1.472,2.160,0.163,0.000,2.322,0,2,0
real-pen,1671,3.096,3.630,0.146,0.000,3.776,0,2,0
real-pen,1672,5.948,6.631,0.197,0.000,6.827,0,2,0
real-pen,1673,8.213,9.419,0.510,0.000,9.928,0,3,0
real-pen,1674,1.624,2.074,0.159,0.000,2.234,0,4,0
real-pen,1675,2.393,3.052,0.182,0.000,3.234,0,1,0
real-pen,1676,3.772,4.385,0.188,0.000,4.573,0,1,0
real-pen,1677,6.300,7.151,0.181,0.000,7.332,0,1,0
real-pen,1678,0.581,1.144,0.128,0.000,1.272,0,1,0
real-pen,1679,2.078,2.979,0.299,0.000,3.279,0,1,0
real-pen,1680,4.062,4.977,0.164,0.000,5.141,0,1,0
real-pen,1681,5.472,6.335,0.205,0.000,6.540,0,1,0
real-pen,1682,1.178,2.838,0.406,0.000,3.244,0,3,0
real-pen,1683,0.608,1.504,0.125,0.000,1.628,0,2,0
real-pen,1684,2.588,3.363,0.129,0.000,3.492,0,2,0
real-pen,1685,4.248,4.764,0.205,0.000,4.970,0,3,0
real-pen,1686,5.777,6.402,0.160,0.000,6.562,0,1,0
real-pen,1687,0.371,1.212,0.227,0.000,1.439,0,2,0
real-pen,1688,3.384,5.224,0.440,0.000,5.664,0,1,0
real-pen,1689,3.251,3.688,0.206,0.000,3.894,0,1,0
real-pen,1690,4.701,5.370,0.178,0.000,5.549,0,1,0
real-pen,1691,6.817,7.919,0.173,0.000,8.091,0,1,0
real-pen,1692,2.423,3.949,0.217,0.000,4.166,0,2,0
real-pen,1693,2.234,3.056,0.173,0.000,3.229,0,2,0
real-pen,1694,4.207,4.707,0.118,0.000,4.825,0,3,0
real-pen,1695,5.876,6.549,0.151,0.000,6.700,0,1,0
real-pen,1696,6.599,7.200,0.194,0.000,7.394,0,1,0
real-pen,1697,1.518,2.075,0.139,0.000,2.214,0,2,0
real-pen,1698,3.265,3.910,0.197,0.000,4.107,0,1,0
real-pen,1699,3.575,4.249,0.258,0.000,4.507,0,1,0
real-pen,1700,5.971,6.806,0.212,0.000,7.018,0,1,0
real-pen,1701,0.915,1.859,0.250,0.000,2.109,0,2,0
real-pen,1702,2.589,3.493,0.456,0.000,3.949,0,1,0
real-pen,1703,0.616,1.689,0.314,0.000,2.002,0,2,0
real-pen,1704,6.530,7.806,0.147,0.000,7.952,0,2,0
real-pen,1705,6.550,7.623,0.304,0.000,7.928,0,2,0
real-pen,1706,1.927,2.610,0.179,0.000,2.789,0,2,0
real-pen,1707,3.954,5.002,0.276,0.000,5.278,0,2,0
real-pen,1708,4.652,5.204,0.146,0.000,5.349,0,2,0
real-pen,1709,6.487,7.492,0.474,0.000,7.966,0,2,0
real-pen,1710,0.924,1.796,0.329,0.000,2.125,0,2,0
real-pen,1711,1.519,2.170,0.246,0.000,2.416,0,2,0
real-pen,1712,3.850,4.641,0.288,0.000,4.929,0,2,0
real-pen,1713,4.919,5.461,0.235,0.000,5.696,0,2,0
real-pen,1714,6.833,7.469,0.173,0.000,7.641,0,2,0
real-pen,1715,0.805,1.356,0.176,0.000,1.532,0,2,0
real-pen,1716,4.060,4.934,0.232,0.000,5.166,0,2,0
real-pen,1717,5.690,6.168,0.221,0.000,6.389,0,3,0
real-pen,1718,6.371,7.014,0.222,0.000,7.236,0,1,0
real-pen,1719,0.303,0.919,0.191,0.000,1.110,0,1,0
real-pen,1720,1.963,2.783,0.270,0.000,3.052,0,1,0
real-pen,1721,2.113,2.786,0.244,0.000,3.029,0,1,0
real-pen,1722,5.380,6.375,0.412,0.000,6.787,0,1,0
real-pen,1723,5.742,6.512,0.228,0.000,6.739,0,2,0
real-pen,1724,1.494,2.417,0.207,0.000,2.624,0,1,0
real-pen,1725,2.560,3.253,0.208,0.000,3.461,0,1,0
real-pen,1726,6.016,6.974,0.212,0.000,7.187,0,2,0
real-pen,1727,5.991,6.996,0.210,0.000,7.206,0,2,0
real-pen,1728,0.474,0.913,0.192,0.000,1.105,0,4,0
real-pen,1729,1.686,2.292,0.298,0.000,2.590,0,1,0
real-pen,1730,4.147,5.396,0.274,0.000,5.670,0,1,0
real-pen,1731,6.011,6.639,0.179,0.000,6.817,0,1,0
real-pen,1732,0.334,1.182,0.176,0.000,1.358,0,2,0
real-pen,1733,1.021,1.852,0.200,0.000,2.052,0,2,0
real-pen,1734,1.738,2.515,0.273,0.000,2.788,0,1,0
real-pen,1735,3.811,4.645,0.258,0.000,4.903,0,1,0
real-pen,1736,1.389,2.347,0.255,0.000,2.602,0,2,0
real-pen,1737,0.720,1.389,0.181,0.000,1.570,0,3,0
real-pen,1738,1.433,2.109,0.283,0.000,2.392,0,2,0
real-pen,1739,3.956,4.734,0.228,0.000,4.962,0,2,0
real-pen,1740,5.709,6.684,0.216,0.000,6.899,0,2,0
real-pen,1741,6.866,7.347,0.201,0.000,7.548,0,2,0
real-pen,1742,2.722,3.439,0.124,0.000,3.563,0,2,0
real-pen,1743,2.974,3.540,0.211,0.000,3.751,0,3,0
real-pen,1744,6.026,7.160,0.421,0.000,7.581,0,2,0
real-pen,1745,6.753,7.898,0.249,0.000,8.147,0,2,0
real-pen,1746,2.034,2.755,0.232,0.000,2.987,0,3,0
real-pen,1747,2.014,3.147,0.139,0.000,3.286,0,2,0
real-pen,1748,3.840,4.418,0.175,0.000,4.593,0,2,0
real-pen,1749,5.149,5.726,0.116,0.000,5.842,0,2,0
real-pen,1750,1.200,1.923,0.256,0.000,2.180,0,3,0
real-pen,1751,1.500,1.951,0.139,0.000,2.091,0,2,0
real-pen,1752,3.012,3.523,0.147,0.000,3.670,0,3,0
real-pen,1753,4.894,5.503,0.153,0.000,5.656,0,3,0
real-pen,1754,6.470,7.211,0.160,0.000,7.370,0,2,0
real-pen,1755,2.582,3.624,0.257,0.000,3.881,0,3,0
real-pen,1756,2.543,3.340,0.142,0.000,3.482,0,2,0
real-pen,1757,4.074,5.288,0.456,0.000,5.744,0,2,0
real-pen,1758,5.807,6.543,0.279,0.000,6.821,0,2,0
real-pen,1759,6.852,7.731,0.166,0.000,7.896,0,2,0
real-pen,1760,1.184,1.672,0.126,0.000,1.798,0,2,0
real-pen,1761,2.262,2.913,0.164,0.000,3.077,0,2,0
real-pen,1762,4.485,5.128,0.258,0.000,5.385,0,2,0
real-pen,1763,7.179,8.192,0.228,0.000,8.419,0,2,0
real-pen,1764,0.352,1.073,0.246,0.000,1.319,0,2,0
real-pen,1765,1.478,2.294,0.214,0.000,2.508,0,2,0
real-pen,1766,3.316,4.020,0.241,0.000,4.261,0,2,0
real-pen,1767,5.461,6.471,0.365,0.000,6.836,0,2,0
real-pen,1768,7.646,9.168,0.344,0.000,9.512,0,2,0
real-pen,1769,3.303,4.188,0.210,0.000,4.399,0,2,0
real-pen,1770,5.164,6.280,0.251,0.000,6.531,0,2,0
real-pen,1771,4.849,5.676,0.245,0.000,5.921,0,3,0
real-pen,1772,0.706,1.374,0.189,0.000,1.563,0,5,0
real-pen,1773,0.766,1.697,0.234,0.000,1.930,0,2,0
real-pen,1774,1.828,2.502,0.188,0.000,2.691,0,2,0
real-pen,1775,3.498,4.080,0.150,0.000,4.231,0,2,0
real-pen,1776,5.363,6.083,0.197,0.000,6.280,0,2,0
real-pen,1777,0.422,1.123,0.283,0.000,1.406,0,2,0
real-pen,1778,2.634,3.314,0.229,0.000,3.542,0,2,0
real-pen,1779,3.773,4.347,0.227,0.000,4.574,0,2,0
real-pen,0,0.083,37.885,0.604,0.000,38.489,0,3,0
real-pen,1,0.247,34.519,0.343,0.000,34.861,0,1,0
real-pen,2,0.268,4.016,2.229,0.000,6.245,0,2,0
real-pen,3,0.064,11.501,0.611,0.000,12.111,0,1,0
real-pen,4,1.288,2.807,0.242,0.000,3.049,0,2,0
real-pen,5,0.236,1.445,0.347,0.000,1.792,0,2,0
real-pen,6,0.557,1.483,0.324,0.000,1.806,0,2,0
real-pen,7,4.223,4.990,0.163,0.000,5.152,0,3,0
real-pen,8,5.793,6.740,0.188,0.000,6.928,0,2,0
real-pen,9,1.799,3.161,0.278,0.000,3.439,0,2,0
real-pen,10,7.294,9.037,0.244,0.000,9.281,0,3,0
real-pen,11,1.031,2.251,0.386,0.000,2.637,0,3,0
real-pen,12,1.990,3.232,0.230,0.000,3.462,0,3,0
real-pen,13,2.339,3.381,0.218,0.000,3.599,0,2,0
real-pen,14,4.941,6.046,0.193,0.000,6.239,0,2,0
real-pen,15,1.458,2.250,0.196,0.000,2.446,0,2,0
real-pen,16,2.564,3.703,0.230,0.000,3.934,0,3,0
real-pen,17,3.922,4.518,0.178,0.000,4.697,0,2,0
real-pen,18,5.555,6.631,0.144,0.000,6.775,0,2,0
real-pen,19,0.681,1.549,0.252,0.000,1.801,0,2,0
real-pen,20,1.849,2.898,0.180,0.000,3.078,0,2,0
real-pen,21,3.290,4.370,0.275,0.000,4.644,0,2,0
real-pen,22,5.124,6.405,0.382,0.000,6.787,0,2,0
real-pen,23,1.294,2.796,0.210,0.000,3.006,0,3,0
real-pen,24,0.990,1.787,0.181,0.000,1.968,0,2,0
real-pen,25,3.136,4.403,0.333,0.000,4.736,0,2,0
real-pen,26,5.240,6.375,0.349,0.000,6.724,0,2,0
real-pen,27,0.302,0.898,0.193,0.000,1.091,0,3,0
real-pen,28,1.625,2.597,0.299,0.000,2.896,0,2,0
real-pen,29,3.359,3.993,0.179,0.000,4.172,0,2,0
real-pen,30,4.435,5.094,0.152,0.000,5.246,0,2,0
real-pen,31,6.390,7.313,0.236,0.000,7.549,0,2,0
real-pen,32,0.922,2.011,0.235,0.000,2.246,0,2,0
real-pen,33,1.328,1.946,0.304,0.000,2.250,0,2,0
real-pen,34,4.051,4.794,0.245,0.000,5.039,0,2,0
real-pen,35,7.323,9.021,0.371,0.000,9.393,0,3,0
real-pen,36,1.302,2.135,0.285,0.000,2.419,0,4,0
real-pen,37,1.431,2.596,0.149,0.000,2.746,0,2,0
real-pen,38,2.926,3.907,0.208,0.000,4.115,0,3,0
real-pen,39,4.571,5.370,0.277,0.000,5.647,0,2,0
real-pen,40,5.553,6.182,0.156,0.000,6.337,0,2,0
real-pen,41,1.299,1.891,0.201,0.000,2.093,0,2,0
real-pen,42,2.585,3.417,0.231,0.000,3.648,0,2,0
real-pen,43,4.701,5.832,0.348,0.000,6.180,0,3,0
real-pen,44,6.283,7.317,0.168,0.000,7.484,0,2,0
real-pen,45,0.283,0.939,0.190,0.000,1.129,0,2,0
real-pen,46,0.992,1.805,0.285,0.000,2.090,0,2,0
real-pen,47,3.791,4.402,0.416,0.000,4.818,0,2,0
real-pen,48,5.036,5.804,0.229,0.000,6.033,0,3,0
real-pen,49,6.842,7.701,0.486,0.000,8.187,0,2,0
real-pen,50,1.914,3.440,0.285,0.000,3.725,0,4,0
real-pen,51,3.091,4.202,0.337,0.000,4.539,0,2,0
real-pen,52,4.874,6.316,0.215,0.000,6.531,0,2,0
real-pen,53,5.945,6.940,0.244,0.000,7.184,0,2,0
real-pen,54,0.615,1.538,0.382,0.000,1.920,0,2,0
real-pen,55,3.076,4.411,0.223,0.000,4.634,0,2,0
real-pen,56,3.797,4.445,0.137,0.000,4.582,0,2,0
real-pen,57,7.000,7.635,0.193,0.000,7.828,0,2,0
real-pen,58,0.287,0.965,0.158,0.000,1.123,0,2,0
real-pen,59,2.285,3.271,0.243,0.000,3.514,0,2,0
real-pen,60,2.814,3.451,0.209,0.000,3.661,0,2,0
real-pen,61,6.003,6.904,0.264,0.000,7.168,0,2,0
real-pen,62,7.115,7.859,0.300,0.000,8.158,0,2,0
real-pen,63,2.039,2.806,0.175,0.000,2.981,0,2,0
real-pen,64,2.694,3.730,0.111,0.000,3.841,0,2,0
real-pen,65,2.964,3.533,0.146,0.000,3.678,0,2,0
real-pen,66,6.410,7.573,0.178,0.000,7.751,0,2,0
real-pen,67,0.756,1.366,0.210,0.000,1.575,0,2,0
real-pen,68,2.338,3.145,0.249,0.000,3.394,0,2,0
real-pen,69,4.223,5.172,0.391,0.000,5.563,0,2,0
real-pen,70,6.076,6.990,0.232,0.000,7.222,0,2,0
real-pen,71,0.613,1.486,0.313,0.000,1.799,0,2,0
real-pen,72,1.134,2.250,0.562,0.000,2.812,0,2,0
real-pen,73,3.777,4.909,0.326,0.000,5.235,0,2,0
real-pen,74,6.184,7.580,0.246,0.000,7.826,0,2,0
real-pen,75,7.485,8.575,0.353,0.000,8.928,0,2,0
real-pen,76,1.290,2.055,0.239,0.000,2.294,0,4,0
real-pen,77,2.307,3.026,0.198,0.000,3.225,0,2,0
real-pen,78,3.884,4.605,0.215,0.000,4.820,0,2,0
real-pen,79,5.448,6.486,0.228,0.000,6.714,0,2,0
real-pen,80,0.550,1.664,0.257,0.000,1.921,0,2,0
real-pen,81,2.079,3.147,0.277,0.000,3.424,0,2,0
real-pen,82,3.901,4.688,0.182,0.000,4.869,0,3,0
real-pen,83,5.195,5.782,0.318,0.000,6.099,0,2,0
real-pen,84,7.042,8.136,0.182,0.000,8.317,0,2,0
real-pen,85,0.715,2.299,0.288,0.000,2.587,0,2,0
real-pen,86,3.670,4.723,0.214,0.000,4.937,0,2,0
real-pen,87,4.420,5.988,0.278,0.000,6.265,0,2,0
real-pen,88,5.623,6.356,0.179,0.000,6.535,0,2,0
real-pen,89,1.845,2.750,0.215,0.000,2.965,0,3,0
real-pen,90,2.127,2.986,0.298,0.000,3.283,0,2,0
real-pen,91,3.300,4.351,0.359,0.000,4.710,0,2,0
real-pen,92,5.522,6.581,0.279,0.000,6.860,0,2,0
real-pen,93,5.856,6.796,0.205,0.000,7.001,0,2,0
real-pen,94,0.325,1.497,0.366,0.000,1.863,0,2,0
real-pen,95,2.050,2.826,0.290,0.000,3.116,0,2,0
real-pen,96,3.738,4.589,0.188,0.000,4.777,0,2,0
real-pen,97,5.078,6.384,0.292,0.000,6.677,0,3,0
real-pen,98,0.536,1.413,0.329,0.000,1.741,0,2,0
real-pen,99,3.338,4.948,0.388,0.000,5.336,0,2,0
real-pen,100,7.873,10.488,0.636,0.000,11.124,0,2,0
real-pen,101,4.891,5.411,0.169,0.000,5.580,0,3,0
real-pen,102,8.427,10.146,0.545,0.000,10.691,0,2,0
real-pen,103,4.811,5.785,0.240,0.000,6.025,0,4,0
real-pen,104,2.139,2.809,0.194,0.000,3.003,0,2,0
real-pen,105,4.369,5.123,0.245,0.000,5.369,0,2,0
real-pen,106,5.519,6.379,0.214,0.000,6.593,0,2,0
real-pen,107,6.835,8.158,0.232,0.000,8.390,0,2,0
real-pen,108,1.657,2.066,0.143,0.000,2.209,0,2,0
real-pen,109,1.057,1.594,0.198,0.000,1.791,0,2,0
real-pen,110,5.069,5.844,0.366,0.000,6.210,0,2,0
real-pen,111,6.801,7.777,0.190,0.000,7.967,0,2,0
real-pen,112,0.706,1.834,0.317,0.000,2.151,0,3,0
real-pen,113,2.333,3.179,0.296,0.000,3.475,0,2,0
real-pen,114,4.140,5.251,0.296,0.000,5.547,0,2,0
real-pen,115,6.548,7.846,0.303,0.000,8.150,0,2,0
real-pen,116,2.595,3.808,0.310,0.000,4.118,0,3,0
real-pen,117,2.631,4.064,0.256,0.000,4.320,0,2,0
real-pen,118,4.303,5.580,0.278,0.000,5.858,0,2,0
real-pen,119,4.953,5.919,0.267,0.000,6.186,0,3,0
real-pen,120,6.442,7.452,0.218,0.000,7.669,0,2,0
real-pen,121,0.957,1.884,0.334,0.000,2.218,0,2,0
real-pen,122,1.796,2.673,0.226,0.000,2.899,0,2,0
real-pen,123,1.276,2.396,0.254,0.000,2.650,0,2,0
real-pen,124,5.117,5.823,0.180,0.000,6.003,0,2,0
real-pen,125,0.547,1.185,0.299,0.000,1.484,0,2,0
real-pen,126,1.002,1.698,0.166,0.000,1.864,0,3,0
real-pen,127,2.663,3.294,0.155,0.000,3.450,0,2,0
real-pen,128,4.831,5.625,0.272,0.000,5.897,0,2,0
real-pen,129,7.037,7.851,0.179,0.000,8.030,0,2,0
real-pen,130,1.053,1.943,0.338,0.000,2.280,0,2,0
real-pen,131,3.616,4.787,0.305,0.000,5.092,0,2,0
real-pen,132,4.284,4.885,0.312,0.000,5.196,0,2,0
real-pen,133,5.589,6.385,0.452,0.000,6.837,0,2,0
real-pen,134,0.339,1.004,0.381,0.000,1.385,0,4,0
real-pen,135,1.651,2.277,0.229,0.000,2.506,0,2,0
real-pen,136,3.450,3.936,0.151,0.000,4.088,0,3,0
real-pen,137,4.024,4.589,0.214,0.000,4.802,0,2,0
real-pen,138,7.168,8.131,0.353,0.000,8.484,0,2,0
real-pen,139,1.122,1.977,0.141,0.000,2.118,0,2,0
real-pen,140,2.350,3.159,0.148,0.000,3.306,0,2,0
real-pen,141,3.649,4.424,0.144,0.000,4.568,0,2,0
real-pen,142,6.481,7.593,0.256,0.000,7.849,0,2,0
real-pen,143,1.188,2.129,0.229,0.000,2.358,0,2,0
real-pen,144,2.554,3.481,0.180,0.000,3.661,0,2,0
real-pen,145,3.355,4.203,0.303,0.000,4.506,0,2,0
real-pen,146,4.489,5.229,0.208,0.000,5.437,0,2,0
real-pen,147,6.727,7.291,0.168,0.000,7.459,0,2,0
real-pen,148,0.348,1.190,0.237,0.000,1.427,0,2,0
real-pen,149,1.936,2.737,0.169,0.000,2.906,0,2,0
real-pen,150,3.656,4.558,0.237,0.000,4.795,0,2,0
real-pen,151,5.882,6.485,0.272,0.000,6.757,0,2,0
real-pen,152,0.488,1.196,0.172,0.000,1.368,0,2,0
real-pen,153,1.294,2.137,0.310,0.000,2.447,0,2,0
real-pen,154,3.370,4.102,0.232,0.000,4.335,0,2,0
real-pen,155,5.213,6.374,0.264,0.000,6.639,0,2,0
real-pen,156,5.804,6.424,0.125,0.000,6.549,0,2,0
real-pen,157,1.901,2.686,0.341,0.000,3.027,0,2,0
real-pen,158,3.564,4.598,0.196,0.000,4.794,0,2,0
real-pen,159,3.746,4.450,0.220,0.000,4.670,0,2,0
real-pen,160,6.601,7.468,0.344,0.000,7.812,0,2,0
real-pen,161,0.654,1.535,0.296,0.000,1.830,0,2,0
real-pen,162,1.101,2.111,0.142,0.000,2.253,0,2,0
real-pen,163,3.149,3.727,0.150,0.000,3.877,0,2,0
real-pen,164,4.720,5.482,0.270,0.000,5.752,0,2,0
real-pen,165,0.406,1.131,0.193,0.000,1.325,0,3,0
real-pen,166,1.529,2.419,0.259,0.000,2.678,0,2,0
real-pen,167,3.409,4.139,0.185,0.000,4.324,0,3,0
real-pen,168,3.989,4.533,0.134,0.000,4.667,0,3,0
real-pen,169,5.840,6.738,0.223,0.000,6.961,0,2,0
real-pen,170,7.944,8.912,0.506,0.000,9.418,0,2,0
real-pen,171,2.083,3.101,0.674,0.000,3.776,0,3,0
real-pen,172,3.745,4.902,0.391,0.000,5.294,0,2,0
real-pen,173,5.098,6.142,0.413,0.000,6.555,0,2,0
real-pen,174,7.174,8.218,0.313,0.000,8.532,0,2,0
real-pen,175,0.743,1.811,0.263,0.000,2.075,0,2,0
real-pen,176,3.078,3.876,0.237,0.000,4.112,0,3,0
real-pen,177,4.178,5.110,0.356,0.000,5.466,0,2,0
real-pen,178,6.502,7.343,0.207,0.000,7.550,0,2,0
real-pen,179,0.624,1.602,0.300,0.000,1.902,0,2,0
real-pen,180,1.412,2.394,0.313,0.000,2.707,0,2,0
real-pen,181,3.056,4.006,0.343,0.000,4.348,0,2,0
real-pen,182,5.504,6.405,0.326,0.000,6.732,0,2,0
real-pen,183,5.981,6.876,0.435,0.000,7.311,0,2,0
real-pen,184,2.555,4.258,0.352,0.000,4.610,0,2,0
real-pen,185,3.835,5.462,0.372,0.000,5.833,0,2,0
real-pen,186,5.459,6.926,0.574,0.000,7.500,0,2,0
real-pen,187,5.813,6.623,0.211,0.000,6.834,0,2,0
real-pen,188,0.653,1.318,0.191,0.000,1.509,0,3,0
real-pen,189,1.223,1.930,0.226,0.000,2.157,0,2,0
real-pen,190,3.515,4.473,0.306,0.000,4.779,0,2,0
real-pen,191,4.479,5.389,0.370,0.000,5.759,0,2,0
real-pen,192,6.695,7.527,0.363,0.000,7.891,0,2,0
real-pen,193,1.793,2.726,0.241,0.000,2.967,0,2,0
real-pen,194,2.845,3.562,0.196,0.000,3.758,0,3,0
real-pen,195,4.139,5.069,0.347,0.000,5.416,0,3,0
real-pen,196,6.984,7.959,0.537,0.000,8.496,0,3,0
real-pen,197,2.206,3.665,0.502,0.000,4.167,0,2,0
real-pen,198,2.512,3.558,0.299,0.000,3.857,0,2,0
real-pen,199,3.879,5.015,0.261,0.000,5.276,0,2,0
real-pen,200,5.537,6.324,0.261,0.000,6.585,0,2,0
real-pen,201,1.823,3.080,0.216,0.000,3.296,0,3,0
real-pen,202,1.089,1.919,0.302,0.000,2.220,0,2,0
real-pen,203,3.002,3.917,0.340,0.000,4.257,0,2,0
real-pen,204,3.888,4.862,0.326,0.000,5.188,0,2,0
real-pen,205,14.047,15.093,0.412,0.000,15.504,0,2,0
real-pen,206,0.278,1.406,0.204,0.000,1.611,0,3,0
real-pen,207,1.095,1.786,0.154,0.000,1.940,0,2,0
real-pen,208,3.158,4.066,0.301,0.000,4.367,0,2,0
real-pen,209,5.062,6.066,0.332,0.000,6.397,0,2,0
real-pen,210,6.247,7.006,0.214,0.000,7.219,0,2,0
real-pen,211,1.063,2.153,0.248,0.000,2.400,0,2,0
real-pen,212,3.617,5.059,0.277,0.000,5.335,0,2,0
real-pen,213,4.575,5.424,0.200,0.000,5.624,0,2,0
real-pen,214,7.017,8.068,0.225,0.000,8.293,0,2,0
real-pen,215,0.646,1.463,0.211,0.000,1.673,0,4,0
real-pen,216,1.140,2.305,0.266,0.000,2.570,0,2,0
real-pen,217,2.808,3.523,0.242,0.000,3.765,0,2,0
real-pen,218,2.924,3.693,0.300,0.000,3.994,0,2,0
real-pen,219,4.645,5.593,0.139,0.000,5.732,0,2,0
real-pen,220,1.070,1.698,0.282,0.000,1.979,0,4,0
real-pen,221,4.654,5.428,0.168,0.000,5.595,0,2,0
real-pen,222,5.681,6.273,0.189,0.000,6.462,0,2,0
real-pen,223,0.696,1.528,0.138,0.000,1.665,0,3,0
real-pen,224,1.434,2.095,0.172,0.000,2.267,0,2,0
real-pen,225,2.846,3.459,0.137,0.000,3.596,0,2,0
real-pen,226,4.601,5.361,0.293,0.000,5.653,0,2,0
real-pen,227,5.896,6.791,0.523,0.000,7.314,0,2,0
real-pen,228,1.848,2.978,0.263,0.000,3.241,0,2,0
real-pen,229,3.012,4.368,0.235,0.000,4.603,0,2,0
real-pen,230,5.495,7.521,0.322,0.000,7.843,0,3,0
real-pen,231,5.370,6.226,0.200,0.000,6.426,0,2,0
real-pen,232,0.479,1.440,0.184,0.000,1.624,0,3,0
real-pen,233,0.706,1.460,0.246,0.000,1.706,0,2,0
real-pen,234,2.841,3.717,0.151,0.000,3.868,0,2,0
real-pen,235,4.705,5.596,0.302,0.000,5.898,0,2,0
real-pen,236,6.022,6.870,0.220,0.000,7.090,0,2,0
real-pen,237,1.233,2.151,0.262,0.000,2.413,0,2,0
real-pen,238,2.578,3.522,0.221,0.000,3.743,0,3,0
real-pen,239,3.998,4.794,0.165,0.000,4.959,0,3,0
real-pen,240,5.876,6.768,0.200,0.000,6.968,0,3,0
real-pen,241,1.954,2.749,0.210,0.000,2.959,0,5,0
real-pen,242,1.952,2.832,0.198,0.000,3.030,0,3,0
real-pen,243,2.389,3.266,0.169,0.000,3.436,0,2,0
real-pen,244,4.341,5.141,0.168,0.000,5.309,0,2,0
real-pen,245,5.174,6.279,0.210,0.000,6.489,0,2,0
real-pen,246,0.668,1.476,0.158,0.000,1.633,0,2,0
real-pen,247,2.647,3.425,0.182,0.000,3.607,0,2,0
real-pen,248,3.923,4.978,0.239,0.000,5.218,0,2,0
real-pen,249,5.593,6.556,0.380,0.000,6.937,0,3,0
real-pen,250,0.355,0.980,0.171,0.000,1.151,0,3,0
real-pen,251,1.310,2.111,0.272,0.000,2.383,0,2,0
real-pen,252,3.044,3.887,0.174,0.000,4.061,0,2,0
real-pen,253,4.115,4.875,0.169,0.000,5.045,0,2,0
real-pen,254,5.851,6.567,0.173,0.000,6.740,0,2,0
real-pen,255,7.814,8.602,0.145,0.000,8.747,0,2,0
real-pen,256,2.512,3.588,0.338,0.000,3.925,0,2,0
real-pen,257,4.826,5.984,0.420,0.000,6.404,0,2,0
real-pen,258,6.423,7.573,0.277,0.000,7.850,0,2,0
real-pen,259,0.521,1.591,0.267,0.000,1.859,0,2,0
real-pen,260,1.808,2.694,0.242,0.000,2.936,0,2,0
real-pen,261,3.148,3.993,0.209,0.000,4.202,0,2,0
real-pen,262,4.613,5.600,0.240,0.000,5.839,0,3,0
real-pen,263,5.174,6.209,0.357,0.000,6.566,0,2,0
real-pen,264,0.727,1.843,0.289,0.000,2.132,0,2,0
real-pen,265,2.427,3.059,0.162,0.000,3.220,0,2,0
real-pen,266,3.472,4.122,0.226,0.000,4.348,0,2,0
real-pen,267,4.784,5.246,0.153,0.000,5.399,0,2,0
real-pen,268,0.463,1.388,0.264,0.000,1.652,0,2,0
real-pen,269,1.612,2.466,0.286,0.000,2.752,0,2,0
real-pen,270,2.748,3.581,0.292,0.000,3.873,0,2,0
real-pen,271,5.552,6.904,0.322,0.000,7.226,0,2,0
real-pen,272,1.691,2.911,0.233,0.000,3.144,0,3,0
real-pen,273,1.615,2.639,0.298,0.000,2.937,0,4,0
real-pen,274,0.845,2.060,0.338,0.000,2.398,0,2,0
real-pen,275,1.967,3.077,0.352,0.000,3.429,0,2,0
real-pen,276,3.874,4.908,0.292,0.000,5.199,0,2,0
real-pen,277,0.708,1.653,0.237,0.000,1.890,0,2,0
real-pen,278,2.038,3.006,0.315,0.000,3.321,0,3,0
real-pen,279,3.245,6.246,0.163,0.000,6.408,0,3,0
real-pen,280,4.703,5.605,0.207,0.000,5.812,0,1,0
real-pen,281,0.612,2.035,0.222,0.000,2.258,0,2,0
real-pen,282,1.388,2.260,0.232,0.000,2.492,0,1,0
real-pen,283,2.188,3.182,0.305,0.000,3.487,0,1,0
real-pen,284,5.027,6.511,0.220,0.000,6.732,0,1,0
real-pen,285,6.263,8.296,0.329,0.000,8.625,0,2,0
real-pen,286,0.604,1.425,0.213,0.000,1.638,0,2,0
real-pen,287,1.701,2.659,0.235,0.000,2.894,0,1,0
real-pen,288,1.541,2.553,0.446,0.000,2.999,0,1,0
real-pen,289,5.081,5.901,0.197,0.000,6.099,0,1,0
real-pen,290,6.991,8.216,0.228,0.000,8.444,0,1,0
real-pen,291,1.140,2.081,0.316,0.000,2.397,0,2,0
real-pen,292,8.968,9.621,0.188,0.000,9.809,0,1,0
real-pen,293,0.873,2.768,0.465,0.000,3.232,0,2,0
real-pen,294,5.168,6.212,0.262,0.000,6.473,0,2,0
real-pen,295,0.485,1.312,0.255,0.000,1.567,0,3,0
real-pen,296,1.445,2.187,0.374,0.000,2.560,0,2,0
real-pen,297,3.879,4.998,0.538,0.000,5.536,0,2,0
real-pen,298,6.049,6.596,0.213,0.000,6.808,0,2,0
real-pen,299,8.138,9.795,0.261,0.000,10.056,0,2,0
real-pen,300,0.712,1.815,0.271,0.000,2.086,0,3,0
real-pen,301,2.367,3.243,0.228,0.000,3.471,0,2,0
real-pen,302,2.886,3.917,0.372,0.000,4.289,0,2,0
real-pen,303,5.466,6.275,0.244,0.000,6.519,0,2,0
real-pen,304,5.347,6.182,0.328,0.000,6.510,0,2,0
real-pen,305,1.229,2.270,0.383,0.000,2.653,0,2,0
real-pen,306,3.139,3.842,0.254,0.000,4.095,0,2,0
real-pen,307,5.863,6.950,0.383,0.000,7.333,0,3,0
real-pen,308,6.282,7.511,0.476,0.000,7.987,0,2,0
real-pen,309,2.186,3.479,0.308,0.000,3.787,0,2,0
real-pen,310,4.165,5.735,0.294,0.000,6.029,0,2,0
real-pen,311,4.739,5.791,0.203,0.000,5.994,0,2,0
real-pen,312,5.516,6.283,0.288,0.000,6.571,0,2,0
real-pen,313,0.448,1.128,0.172,0.000,1.301,0,2,0
real-pen,314,0.943,1.790,0.246,0.000,2.036,0,2,0
real-pen,315,2.518,3.253,0.324,0.000,3.577,0,2,0
real-pen,316,5.082,5.884,0.225,0.000,6.109,0,2,0
real-pen,317,6.067,6.862,0.208,0.000,7.070,0,2,0
real-pen,318,1.404,2.036,0.172,0.000,2.208,0,2,0
real-pen,319,2.219,3.466,0.237,0.000,3.703,0,2,0
real-pen,320,4.254,5.133,0.259,0.000,5.392,0,3,0
real-pen,321,6.414,7.385,0.412,0.000,7.797,0,3,0
real-pen,322,1.193,1.862,0.290,0.000,2.151,0,5,0
real-pen,323,2.093,2.979,0.223,0.000,3.202,0,3,0
real-pen,324,1.438,2.586,0.387,0.000,2.973,0,2,0
real-pen,325,4.561,5.430,0.305,0.000,5.734,0,2,0
real-pen,326,6.236,7.253,0.287,0.000,7.541,0,2,0
real-pen,327,1.786,2.520,0.179,0.000,2.699,0,2,0
real-pen,328,2.771,3.806,0.347,0.000,4.153,0,2,0
real-pen,329,4.165,4.913,0.176,0.000,5.089,0,2,0
real-pen,330,5.286,5.940,0.159,0.000,6.099,0,2,0
real-pen,331,0.812,1.890,0.261,0.000,2.151,0,2,0
real-pen,332,2.138,3.240,0.385,0.000,3.625,0,2,0
real-pen,333,3.187,4.024,0.303,0.000,4.327,0,2,0
real-pen,334,4.989,6.051,0.396,0.000,6.447,0,2,0
real-pen,335,1.204,2.257,0.169,0.000,2.426,0,3,0
real-pen,336,0.713,1.667,0.167,0.000,1.834,0,2,0
real-pen,337,1.201,2.214,0.228,0.000,2.442,0,1,0
real-pen,338,1.577,2.619,0.199,0.000,2.818,0,1,0
real-pen,339,6.676,9.144,0.303,0.000,9.448,0,1,0
real-pen,340,7.198,8.504,0.231,0.000,8.735,0,2,0
real-pen,341,9.972,10.653,0.186,0.000,10.839,0,2,0
real-pen,342,3.106,3.591,0.174,0.000,3.765,0,1,0
real-pen,343,5.546,6.079,0.160,0.000,6.239,0,1,0
real-pen,344,0.872,2.040,0.220,0.000,2.260,0,2,0
real-pen,345,0.376,0.901,0.198,0.000,1.099,0,2,0
real-pen,346,1.498,2.219,0.221,0.000,2.440,0,2,0
real-pen,347,3.531,4.067,0.189,0.000,4.256,0,2,0
real-pen,348,5.579,6.198,0.159,0.000,6.357,0,2,0
real-pen,349,6.493,7.107,0.135,0.000,7.242,0,2,0
real-pen,350,1.365,1.906,0.137,0.000,2.043,0,3,0
real-pen,351,3.048,5.164,0.150,0.000,5.314,0,1,0
real-pen,352,4.332,5.152,0.210,0.000,5.362,0,1,0
real-pen,353,0.803,1.850,0.269,0.000,2.119,0,2,0
real-pen,354,1.020,1.973,0.313,0.000,2.287,0,2,0
real-pen,355,2.042,3.011,0.302,0.000,3.314,0,1,0
real-pen,356,4.108,5.102,0.235,0.000,5.337,0,1,0
real-pen,357,6.199,7.033,0.221,0.000,7.255,0,1,0
real-pen,358,0.419,1.512,0.291,0.000,1.803,0,2,0
real-pen,359,1.822,2.695,0.194,0.000,2.889,0,1,0
real-pen,360,3.538,4.601,0.245,0.000,4.846,0,1,0
real-pen,361,5.316,6.357,0.262,0.000,6.619,0,1,0
real-pen,362,5.626,6.270,0.238,0.000,6.508,0,1,0
real-pen,363,1.486,2.256,0.258,0.000,2.513,0,1,0
real-pen,364,2.827,4.628,0.321,0.000,4.949,0,1,0
real-pen,365,4.466,6.994,0.272,0.000,7.266,0,1,0
real-pen,366,6.139,7.158,0.236,0.000,7.394,0,2,0
real-pen,367,0.761,1.914,0.221,0.000,2.134,0,2,0
real-pen,368,2.332,3.500,0.182,0.000,3.682,0,2,0
real-pen,369,3.444,4.537,0.314,0.000,4.851,0,2,0
real-pen,370,4.668,5.626,0.301,0.000,5.928,0,2,0
real-pen,371,6.331,6.980,0.177,0.000,7.157,0,2,0
real-pen,372,0.464,1.918,0.233,0.000,2.152,0,3,0
real-pen,373,2.509,3.416,0.173,0.000,3.589,0,1,0
real-pen,374,3.562,4.246,0.221,0.000,4.467,0,1,0
real-pen,375,4.972,5.560,0.159,0.000,5.718,0,1,0
real-pen,376,6.450,7.257,0.241,0.000,7.499,0,1,0
real-pen,377,1.215,1.951,0.211,0.000,2.162,0,2,0
real-pen,378,10.669,11.460,0.259,0.000,11.719,0,1,0
real-pen,379,5.225,6.443,0.227,0.000,6.670,0,1,0
real-pen,380,2.358,3.396,0.308,0.000,3.704,0,2,0
real-pen,381,1.246,2.460,0.231,0.000,2.691,0,1,0
real-pen,382,4.338,6.050,0.519,0.000,6.569,0,2,0
real-pen,383,3.287,4.218,0.216,0.000,4.433,0,2,0
real-pen,384,5.057,5.786,0.232,0.000,6.018,0,2,0
real-pen,385,0.629,1.526,0.312,0.000,1.838,0,2,0
real-pen,386,1.773,2.355,0.248,0.000,2.603,0,2,0
real-pen,387,2.755,3.507,0.202,0.000,3.708,0,2,0
real-pen,388,5.206,6.130,0.308,0.000,6.438,0,2,0
real-pen,389,6.855,7.976,0.453,0.000,8.429,0,2,0
real-pen,390,1.374,2.236,0.221,0.000,2.457,0,3,0
real-pen,391,1.477,2.107,0.148,0.000,2.256,0,3,0
real-pen,392,3.081,3.650,0.186,0.000,3.836,0,1,0
real-pen,393,5.334,6.019,0.203,0.000,6.222,0,1,0
real-pen,394,1.891,3.072,0.200,0.000,3.273,0,1,0
real-pen,395,1.236,3.616,0.144,0.000,3.760,0,2,0
real-pen,396,3.467,4.602,0.213,0.000,4.815,0,1,0
real-pen,397,5.688,6.533,0.256,0.000,6.790,0,1,0
real-pen,398,7.333,8.248,0.246,0.000,8.494,0,1,0
real-pen,399,0.696,1.520,0.181,0.000,1.701,0,2,0
real-pen,400,2.523,3.101,0.152,0.000,3.253,0,1,0
real-pen,401,4.791,5.927,0.289,0.000,6.216,0,1,0
real-pen,402,12.380,15.242,0.243,0.000,15.485,0,1,0
real-pen,403,7.228,8.157,0.155,0.000,8.312,0,2,0
real-pen,404,1.790,2.490,0.133,0.000,2.623,0,2,0
real-pen,405,3.164,4.025,0.259,0.000,4.284,0,2,0
real-pen,406,5.486,6.036,0.204,0.000,6.240,0,2,0
real-pen,407,6.422,7.037,0.163,0.000,7.200,0,2,0
real-pen,408,1.298,1.860,0.142,0.000,2.001,0,2,0
real-pen,409,2.327,3.080,0.388,0.000,3.469,0,2,0
real-pen,410,4.516,5.367,0.241,0.000,5.609,0,2,0
real-pen,411,6.638,7.637,0.276,0.000,7.913,0,2,0
real-pen,412,0.301,0.975,0.151,0.000,1.126,0,3,0
real-pen,413,1.218,1.906,0.182,0.000,2.087,0,2,0
real-pen,414,2.932,3.576,0.202,0.000,3.778,0,2,0
real-pen,415,12.321,12.851,0.150,0.000,13.001,0,2,0
real-pen,416,6.464,7.097,0.208,0.000,7.305,0,2,0
real-pen,417,0.369,1.388,0.196,0.000,1.584,0,2,0
real-pen,418,2.107,2.709,0.135,0.000,2.844,0,2,0
real-pen,419,3.829,4.401,0.164,0.000,4.565,0,2,0
real-pen,420,4.970,5.600,0.183,0.000,5.783,0,2,0
real-pen,421,6.669,7.203,0.164,0.000,7.367,0,2,0
real-pen,422,1.099,1.801,0.152,0.000,1.953,0,2,0
real-pen,423,3.422,4.673,0.263,0.000,4.936,0,2,0
real-pen,424,6.267,7.449,0.202,0.000,7.651,0,2,0
real-pen,425,0.894,1.892,0.361,0.000,2.253,0,4,0
real-pen,426,0.717,1.634,0.223,0.000,1.856,0,3,0
real-pen,427,0.338,11.252,0.258,0.000,11.509,0,1,0
real-pen,428,2.730,3.512,0.176,0.000,3.687,0,2,0
real-pen,429,4.243,5.080,0.217,0.000,5.297,0,2,0
real-pen,430,6.654,7.492,0.209,0.000,7.702,0,2,0
real-pen,431,1.473,2.165,0.235,0.000,2.400,0,2,0
real-pen,432,2.962,3.756,0.171,0.000,3.927,0,3,0
real-pen,433,5.615,6.514,0.234,0.000,6.748,0,2,0
real-pen,434,6.418,7.518,0.271,0.000,7.789,0,2,0
real-pen,435,0.700,1.803,0.311,0.000,2.114,0,2,0
real-pen,436,2.229,3.334,0.286,0.000,3.619,0,2,0
real-pen,437,4.239,5.175,0.328,0.000,5.503,0,2,0
real-pen,438,6.034,6.896,0.237,0.000,7.133,0,2,0
real-pen,439,0.319,1.182,0.307,0.000,1.490,0,3,0
real-pen,440,2.092,5.508,0.299,0.000,5.806,0,2,0
real-pen,441,4.896,6.189,0.771,0.000,6.960,0,2,0
real-pen,442,5.600,6.426,0.312,0.000,6.739,0,2,0
real-pen,443,0.324,1.003,0.121,0.000,1.124,0,3,0
real-pen,444,0.827,1.639,0.198,0.000,1.837,0,2,0
real-pen,445,2.083,2.686,0.191,0.000,2.877,0,2,0
real-pen,446,3.134,3.838,0.498,0.000,4.337,0,2,0
real-pen,447,4.380,4.919,0.184,0.000,5.103,0,2,0
real-pen,448,0.300,1.004,0.212,0.000,1.216,0,2,0
real-pen,449,2.245,3.151,0.285,0.000,3.435,0,3,0
real-pen,450,3.920,4.938,0.305,0.000,5.244,0,3,0
real-pen,451,4.581,5.272,0.175,0.000,5.447,0,3,0
real-pen,452,14.272,15.180,0.312,0.000,15.493,0,2,0
real-pen,453,2.109,3.154,0.263,0.000,3.417,0,3,0
real-pen,454,2.999,4.137,0.340,0.000,4.478,0,2,0
real-pen,455,4.014,5.389,0.379,0.000,5.768,0,2,0
real-pen,456,6.853,8.217,0.231,0.000,8.448,0,2,0
real-pen,457,0.452,1.266,0.206,0.000,1.472,0,2,0
real-pen,458,1.525,2.246,0.191,0.000,2.438,0,2,0
real-pen,459,3.670,4.639,0.181,0.000,4.819,0,3,0
real-pen,460,4.196,4.768,0.144,0.000,4.912,0,2,0
real-pen,461,6.887,7.938,0.287,0.000,8.225,0,2,0
real-pen,462,1.308,1.859,0.150,0.000,2.009,0,2,0
real-pen,463,2.141,2.718,0.213,0.000,2.931,0,2,0
real-pen,464,0.344,12.247,0.301,0.000,12.548,0,1,0
real-pen,465,5.181,5.734,0.189,0.000,5.922,0,3,0
real-pen,466,0.252,0.895,0.231,0.000,1.126,0,2,0
real-pen,467,2.399,3.306,0.243,0.000,3.549,0,2,0
real-pen,468,3.624,4.714,0.386,0.000,5.100,0,2,0
real-pen,469,5.804,7.606,0.677,0.000,8.283,0,3,0
real-pen,470,0.908,1.464,0.169,0.000,1.633,0,4,0
real-pen,471,0.853,9.923,0.227,0.000,10.150,0,1,0
real-pen,472,1.203,2.067,0.239,0.000,2.306,0,2,0
real-pen,473,2.739,3.573,0.276,0.000,3.849,0,2,0
real-pen,474,3.361,4.315,0.161,0.000,4.477,0,2,0
real-pen,475,0.314,0.942,0.183,0.000,1.125,0,3,0
real-pen,476,2.225,3.104,0.336,0.000,3.440,0,3,0
real-pen,477,3.409,4.205,0.328,0.000,4.533,0,2,0
real-pen,478,5.695,6.523,0.226,0.000,6.748,0,2,0
real-pen,479,7.567,8.633,0.323,0.000,8.956,0,2,0
real-pen,480,0.643,1.598,0.273,0.000,1.870,0,2,0
real-pen,481,2.372,3.591,0.283,0.000,3.874,0,2,0
real-pen,482,5.024,6.233,0.387,0.000,6.620,0,2,0
real-pen,483,5.940,7.407,0.275,0.000,7.683,0,2,0
real-pen,484,1.339,2.197,0.258,0.000,2.454,0,3,0
real-pen,485,1.806,2.908,0.198,0.000,3.107,0,2,0
real-pen,486,3.038,3.945,0.214,0.000,4.159,0,2,0
real-pen,487,5.037,6.030,0.222,0.000,6.253,0,2,0
real-pen,488,5.798,6.715,0.283,0.000,6.998,0,2,0
real-pen,489,0.614,1.467,0.234,0.000,1.700,0,2,0
real-pen,490,1.916,2.658,0.188,0.000,2.846,0,2,0
real-pen,491,3.302,3.672,0.116,0.000,3.788,0,2,0
real-pen,492,5.706,6.379,0.193,0.000,6.572,0,2,0
real-pen,493,0.287,0.895,0.188,0.000,1.082,0,3,0
real-pen,494,1.340,2.059,0.221,0.000,2.280,0,2,0
real-pen,495,4.229,4.887,0.248,0.000,5.136,0,3,0
real-pen,496,4.605,5.682,0.356,0.000,6.038,0,2,0
real-pen,497,8.226,9.459,0.249,0.000,9.708,0,3,0
real-pen,498,0.680,1.802,0.349,0.000,2.151,0,2,0
real-pen,499,2.060,3.218,0.140,0.000,3.357,0,2,0
real-pen,500,4.221,5.832,0.141,0.000,5.973,0,2,0
real-pen,501,0.278,15.630,0.689,0.000,16.319,0,1,0
real-pen,502,6.516,7.506,0.167,0.000,7.673,0,4,0
real-pen,503,1.211,1.949,0.181,0.000,2.130,0,2,0
real-pen,504,3.525,4.484,0.335,0.000,4.818,0,2,0
real-pen,505,4.678,5.500,0.229,0.000,5.729,0,2,0
real-pen,506,6.438,7.334,0.442,0.000,7.776,0,2,0
real-pen,507,1.109,2.050,0.302,0.000,2.352,0,2,0
real-pen,508,1.586,2.438,0.196,0.000,2.634,0,3,0
real-pen,509,3.437,4.135,0.271,0.000,4.406,0,2,0
real-pen,510,5.647,6.795,0.592,0.000,7.387,0,2,0
real-pen,511,1.776,2.806,0.251,0.000,3.056,0,3,0
real-pen,512,1.901,2.796,0.192,0.000,2.988,0,4,0
real-pen,513,2.696,4.050,0.213,0.000,4.263,0,3,0
real-pen,514,4.381,5.165,0.326,0.000,5.491,0,2,0
real-pen,515,6.346,6.954,0.147,0.000,7.101,0,2,0
real-pen,516,1.550,2.433,0.188,0.000,2.620,0,2,0
real-pen,517,2.239,3.180,0.305,0.000,3.485,0,2,0
real-pen,518,4.266,5.263,0.323,0.000,5.586,0,3,0
real-pen,519,4.879,5.416,0.149,0.000,5.565,0,2,0
real-pen,520,6.098,6.717,0.297,0.000,7.014,0,2,0
real-pen,521,1.440,2.192,0.197,0.000,2.389,0,2,0
real-pen,522,1.846,2.523,0.245,0.000,2.768,0,2,0
real-pen,523,4.167,4.891,0.178,0.000,5.070,0,2,0
real-pen,524,5.915,6.401,0.117,0.000,6.518,0,2,0
real-pen,525,0.956,1.529,0.132,0.000,1.661,0,2,0
real-pen,526,3.700,4.520,0.170,0.000,4.689,0,4,0
real-pen,527,7.407,8.680,0.334,0.000,9.014,0,2,0
real-pen,528,0.814,1.725,0.259,0.000,1.984,0,3,0
real-pen,529,0.512,1.504,0.189,0.000,1.694,0,2,0
real-pen,530,2.678,3.481,0.235,0.000,3.716,0,2,0
real-pen,531,3.816,4.628,0.273,0.000,4.901,0,2,0
real-pen,532,5.377,6.229,0.221,0.000,6.450,0,2,0
real-pen,533,1.504,2.635,0.170,0.000,2.805,0,2,0
real-pen,534,2.261,2.886,0.193,0.000,3.079,0,3,0
real-pen,535,4.015,4.892,0.412,0.000,5.304,0,3,0
real-pen,536,6.535,7.473,0.215,0.000,7.687,0,2,0
real-pen,537,1.613,2.974,0.255,0.000,3.229,0,2,0
real-pen,538,2.531,3.686,0.260,0.000,3.946,0,3,0
real-pen,539,3.703,4.725,0.342,0.000,5.067,0,2,0
real-pen,540,5.358,6.678,0.254,0.000,6.932,0,2,0
real-pen,541,6.332,7.312,0.313,0.000,7.625,0,2,0
real-pen,542,4.072,4.601,0.199,0.000,4.799,0,2,0
real-pen,543,1.966,2.549,0.159,0.000,2.708,0,2,0
real-pen,544,3.474,4.254,0.227,0.000,4.481,0,2,0
real-pen,545,5.036,5.876,0.331,0.000,6.207,0,3,0
real-pen,546,6.238,6.862,0.181,0.000,7.042,0,2,0
real-pen,547,1.061,1.749,0.207,0.000,1.956,0,2,0
real-pen,548,2.546,3.382,0.246,0.000,3.628,0,2,0
real-pen,549,4.715,5.433,0.208,0.000,5.641,0,2,0
real-pen,550,6.660,7.529,0.246,0.000,7.775,0,2,0
real-pen,551,1.648,2.694,0.443,0.000,3.137,0,2,0
real-pen,552,4.876,5.543,0.220,0.000,5.763,0,3,0
real-pen,553,4.746,5.836,0.204,0.000,6.040,0,2,0
real-pen,554,5.803,6.882,0.333,0.000,7.215,0,2,0
real-pen,555,1.019,1.774,0.209,0.000,1.983,0,2,0
real-pen,556,0.965,1.643,0.246,0.000,1.888,0,2,0
real-pen,557,2.232,2.931,0.183,0.000,3.113,0,2,0
real-pen,558,4.157,5.060,0.323,0.000,5.383,0,2,0
real-pen,559,2.021,3.122,0.205,0.000,3.327,0,3,0
real-pen,560,0.926,1.711,0.203,0.000,1.914,0,2,0
real-pen,561,2.490,3.302,0.302,0.000,3.604,0,2,0
real-pen,562,4.378,5.674,0.198,0.000,5.872,0,3,0
real-pen,563,5.224,6.168,0.389,0.000,6.557,0,2,0
real-pen,564,0.743,2.202,0.211,0.000,2.413,0,2,0
real-pen,565,2.354,3.325,0.271,0.000,3.597,0,2,0
real-pen,566,4.070,5.387,0.278,0.000,5.665,0,2,0
real-pen,567,4.773,5.671,0.253,0.000,5.924,0,2,0
real-pen,568,6.237,7.152,0.354,0.000,7.506,0,2,0
real-pen,569,0.931,1.774,0.181,0.000,1.955,0,2,0
real-pen,570,2.596,3.567,0.334,0.000,3.901,0,2,0
real-pen,571,4.413,5.420,0.381,0.000,5.801,0,2,0
real-pen,572,5.468,6.371,0.261,0.000,6.632,0,2,0
real-pen,573,0.656,1.474,0.205,0.000,1.679,0,3,0
real-pen,574,0.320,1.155,0.262,0.000,1.417,0,2,0
real-pen,575,2.349,3.215,0.262,0.000,3.477,0,2,0
real-pen,576,4.079,4.710,0.207,0.000,4.917,0,2,0
real-pen,577,6.721,7.706,0.327,0.000,8.033,0,2,0
real-pen,578,5.221,6.505,0.306,0.000,6.811,0,2,0
real-pen,579,1.757,2.381,0.365,0.000,2.747,0,3,0
real-pen,580,4.434,5.605,0.265,0.000,5.870,0,2,0
real-pen,581,6.488,7.034,0.190,0.000,7.224,0,2,0
real-pen,582,0.505,1.378,0.199,0.000,1.577,0,3,0
real-pen,583,1.862,2.646,0.192,0.000,2.837,0,2,0
real-pen,584,2.643,3.416,0.175,0.000,3.591,0,2,0
real-pen,585,4.473,5.350,0.184,0.000,5.534,0,2,0
real-pen,586,0.215,14.999,0.224,0.000,15.223,0,1,0
real-pen,587,1.205,2.362,0.160,0.000,2.523,0,4,0
real-pen,588,2.007,2.841,0.285,0.000,3.126,0,3,0
real-pen,589,4.397,6.060,0.191,0.000,6.251,0,2,0
real-pen,590,6.129,7.113,0.347,0.000,7.460,0,2,0
real-pen,591,2.547,3.724,0.224,0.000,3.948,0,4,0
real-pen,592,3.851,4.994,0.219,0.000,5.214,0,3,0
real-pen,593,3.535,4.687,0.191,0.000,4.878,0,2,0
real-pen,594,4.269,5.126,0.237,0.000,5.363,0,2,0
real-pen,595,6.899,7.894,0.269,0.000,8.163,0,2,0
real-pen,596,1.420,2.409,0.305,0.000,2.715,0,2,0
real-pen,597,1.720,2.288,0.142,0.000,2.430,0,3,0
real-pen,598,4.558,5.380,0.215,0.000,5.594,0,2,0
real-pen,599,5.682,6.406,0.198,0.000,6.604,0,2,0
real-pen,600,1.217,2.014,0.216,0.000,2.230,0,4,0
real-pen,601,1.613,2.453,0.241,0.000,2.694,0,2,0
real-pen,602,2.544,3.478,0.318,0.000,3.796,0,2,0
real-pen,603,4.553,5.538,0.300,0.000,5.838,0,2,0
real-pen,604,2.604,3.577,0.235,0.000,3.812,0,3,0
real-pen,605,1.993,2.941,0.204,0.000,3.145,0,2,0
real-pen,606,3.388,4.594,0.298,0.000,4.892,0,2,0
real-pen,607,5.128,6.150,0.305,0.000,6.454,0,2,0
real-pen,608,5.385,6.224,0.207,0.000,6.431,0,2,0
real-pen,609,7.323,8.476,0.228,0.000,8.704,0,2,0
real-pen,610,1.034,1.587,0.128,0.000,1.714,0,2,0
real-pen,611,3.408,4.046,0.190,0.000,4.236,0,3,0
real-pen,612,6.950,7.642,0.206,0.000,7.847,0,2,0
real-pen,613,1.283,2.054,0.193,0.000,2.247,0,2,0
real-pen,614,1.942,2.704,0.159,0.000,2.863,0,2,0
real-pen,615,3.278,3.876,0.158,0.000,4.034,0,2,0
real-pen,616,5.143,5.945,0.311,0.000,6.256,0,3,0
real-pen,617,1.305,17.034,0.431,0.000,17.465,0,2,0
real-pen,618,3.083,6.617,0.211,0.000,6.828,0,4,0
real-pen,619,1.910,2.502,0.157,0.000,2.660,0,2,0
real-pen,620,5.379,6.072,0.219,0.000,6.292,0,2,0
real-pen,621,7.014,7.941,0.153,0.000,8.093,0,2,0
real-pen,622,1.062,1.746,0.211,0.000,1.957,0,2,0
real-pen,623,1.238,1.633,0.140,0.000,1.773,0,2,0
real-pen,624,3.599,4.622,0.332,0.000,4.954,0,2,0
real-pen,625,3.534,4.365,0.224,0.000,4.589,0,2,0
real-pen,626,6.817,7.535,0.183,0.000,7.718,0,2,0
real-pen,627,1.907,2.524,0.278,0.000,2.802,0,2,0
real-pen,628,2.709,3.280,0.131,0.000,3.411,0,3,0
real-pen,629,4.653,5.213,0.172,0.000,5.385,0,2,0
real-pen,630,6.233,6.900,0.243,0.000,7.143,0,2,0
real-pen,631,0.975,1.586,0.253,0.000,1.839,0,2,0
real-pen,632,3.495,4.854,0.277,0.000,5.132,0,2,0
real-pen,633,4.761,6.745,0.326,0.000,7.071,0,2,0
real-pen,634,7.971,9.675,0.356,0.000,10.031,0,2,0
real-pen,635,0.416,1.352,0.287,0.000,1.639,0,2,0
real-pen,636,1.914,2.657,0.226,0.000,2.883,0,2,0
real-pen,637,3.036,3.810,0.167,0.000,3.977,0,2,0
real-pen,638,4.800,5.400,0.216,0.000,5.616,0,2,0
real-pen,639,6.664,7.741,0.376,0.000,8.117,0,2,0
real-pen,640,0.554,1.472,0.146,0.000,1.617,0,2,0
real-pen,641,1.446,1.975,0.145,0.000,2.120,0,2,0
real-pen,642,3.665,4.340,0.236,0.000,4.576,0,2,0
real-pen,643,6.589,7.394,0.323,0.000,7.717,0,2,0
real-pen,644,0.619,2.011,0.392,0.000,2.403,0,3,0
real-pen,645,0.947,1.537,0.350,0.000,1.887,0,2,0
real-pen,646,4.299,5.328,0.202,0.000,5.531,0,2,0
real-pen,647,4.977,5.939,0.296,0.000,6.235,0,2,0
real-pen,648,6.359,7.665,0.186,0.000,7.851,0,2,0
real-pen,649,0.197,0.659,0.154,0.000,0.812,0,4,0
real-pen,650,2.121,2.951,0.229,0.000,3.180,0,1,0
real-pen,651,3.757,4.477,0.322,0.000,4.799,0,1,0
real-pen,652,6.260,7.385,0.218,0.000,7.603,0,1,0
real-pen,653,0.867,1.990,0.237,0.000,2.227,0,2,0
real-pen,654,2.018,3.026,0.307,0.000,3.333,0,1,0
real-pen,655,3.554,4.532,0.254,0.000,4.785,0,1,0
real-pen,656,3.963,5.037,0.211,0.000,5.247,0,1,0
real-pen,657,5.773,6.718,0.230,0.000,6.947,0,1,0
real-pen,658,4.750,7.181,0.539,0.000,7.720,0,3,0
real-pen,659,3.185,4.725,0.903,0.000,5.628,0,4,0
real-pen,660,6.221,7.197,0.179,0.000,7.376,0,3,0
real-pen,661,1.055,1.839,0.214,0.000,2.053,0,3,0
real-pen,662,1.062,1.799,0.132,0.000,1.930,0,2,0
real-pen,663,2.675,3.307,0.137,0.000,3.444,0,2,0
real-pen,664,3.403,4.199,0.161,0.000,4.361,0,2,0
real-pen,665,5.844,6.659,0.182,0.000,6.841,0,2,0
real-pen,666,1.587,2.243,0.169,0.000,2.411,0,2,0
real-pen,667,2.617,3.264,0.189,0.000,3.453,0,2,0
real-pen,668,4.961,5.607,0.263,0.000,5.871,0,2,0
real-pen,669,5.360,6.106,0.339,0.000,6.445,0,2,0
real-pen,670,0.232,16.865,0.559,0.000,17.424,0,1,0
real-pen,671,1.655,2.133,0.146,0.000,2.279,0,2,0
real-pen,672,2.986,3.785,0.182,0.000,3.967,0,2,0
real-pen,673,4.075,4.617,0.174,0.000,4.790,0,2,0
real-pen,674,5.671,6.455,0.137,0.000,6.592,0,2,0
real-pen,675,2.999,3.788,0.392,0.000,4.180,0,2,0
real-pen,676,2.482,3.361,0.197,0.000,3.558,0,2,0
real-pen,677,4.430,5.861,0.328,0.000,6.189,0,2,0
real-pen,678,5.994,6.951,0.245,0.000,7.197,0,2,0
real-pen,679,0.323,1.019,0.179,0.000,1.198,0,3,0
real-pen,680,0.597,1.278,0.339,0.000,1.617,0,2,0
real-pen,681,2.627,3.620,0.358,0.000,3.978,0,2,0
real-pen,682,3.892,4.549,0.171,0.000,4.719,0,2,0
real-pen,683,5.811,6.421,0.126,0.000,6.547,0,2,0
real-pen,684,0.494,0.943,0.135,0.000,1.078,0,2,0
real-pen,685,2.376,3.220,0.327,0.000,3.547,0,2,0
real-pen,686,4.327,5.243,0.299,0.000,5.542,0,3,0
real-pen,687,6.255,7.320,0.442,0.000,7.761,0,3,0
real-pen,688,0.646,1.559,0.341,0.000,1.900,0,3,0
real-pen,689,2.130,3.518,0.418,0.000,3.936,0,2,0
real-pen,690,3.131,4.771,0.217,0.000,4.988,0,2,0
real-pen,691,5.037,5.754,0.213,0.000,5.967,0,1,0
real-pen,692,6.280,7.131,0.223,0.000,7.354,0,1,0
real-pen,693,0.652,1.321,0.231,0.000,1.552,0,1,0
real-pen,694,9.735,10.798,0.439,0.000,11.237,0,1,0
real-pen,695,1.830,2.804,0.242,0.000,3.046,0,1,0
real-pen,696,4.729,5.717,0.172,0.000,5.889,0,1,0
real-pen,697,6.300,7.203,0.282,0.000,7.484,0,1,0
real-pen,698,1.762,2.993,0.759,0.000,3.751,0,2,0
real-pen,699,3.815,4.890,0.188,0.000,5.078,0,1,0
real-pen,700,5.189,5.843,0.149,0.000,5.992,0,3,0
real-pen,701,6.377,7.155,0.419,0.000,7.574,0,3,0
real-pen,702,2.333,2.879,0.198,0.000,3.078,0,4,0
real-pen,703,3.587,4.616,0.170,0.000,4.786,0,3,0
real-pen,704,3.669,4.407,0.158,0.000,4.565,0,1,0
real-pen,705,5.419,6.062,0.232,0.000,6.294,0,1,0
real-pen,706,7.853,9.093,0.297,0.000,9.390,0,1,0
real-pen,707,0.545,1.676,0.237,0.000,1.912,0,2,0
real-pen,708,3.008,3.910,0.248,0.000,4.158,0,1,0
real-pen,709,5.248,6.147,0.262,0.000,6.408,0,1,0
real-pen,710,6.585,7.582,0.182,0.000,7.764,0,1,0
real-pen,711,0.649,1.513,0.163,0.000,1.675,0,1,0
real-pen,712,2.008,2.842,0.284,0.000,3.126,0,1,0
real-pen,713,4.125,5.104,0.246,0.000,5.351,0,1,0
real-pen,714,5.699,6.702,0.365,0.000,7.067,0,1,0
real-pen,715,5.732,7.115,0.227,0.000,7.343,0,2,0
real-pen,716,3.073,4.824,0.155,0.000,4.979,0,3,0
real-pen,717,3.395,3.913,0.176,0.000,4.090,0,3,0
real-pen,718,4.655,5.309,0.196,0.000,5.505,0,1,0
real-pen,719,5.788,6.685,0.186,0.000,6.871,0,1,0
real-pen,720,0.578,1.535,0.241,0.000,1.776,0,2,0
real-pen,721,0.955,1.566,0.185,0.000,1.751,0,1,0
real-pen,722,3.174,4.394,0.337,0.000,4.731,0,1,0
real-pen,723,5.217,6.044,0.204,0.000,6.248,0,1,0
real-pen,724,0.323,1.296,0.327,0.000,1.624,0,1,0
real-pen,725,3.612,5.153,0.489,0.000,5.642,0,2,0
real-pen,726,3.056,3.770,0.149,0.000,3.919,0,3,0
real-pen,727,3.585,4.211,0.196,0.000,4.408,0,2,0
real-pen,728,6.043,6.727,0.200,0.000,6.927,0,2,0
real-pen,729,1.657,2.308,0.190,0.000,2.498,0,2,0
real-pen,730,2.735,3.650,0.145,0.000,3.795,0,2,0
real-pen,731,3.384,4.167,0.168,0.000,4.334,0,2,0
real-pen,732,4.330,4.969,0.258,0.000,5.227,0,2,0
real-pen,733,7.449,8.698,0.320,0.000,9.018,0,2,0
real-pen,734,1.368,2.039,0.230,0.000,2.270,0,4,0
real-pen,735,2.411,3.072,0.167,0.000,3.238,0,1,0
real-pen,736,4.573,5.279,0.206,0.000,5.485,0,1,0
real-pen,737,6.973,7.936,0.240,0.000,8.176,0,1,0
real-pen,738,0.805,1.767,0.214,0.000,1.981,0,2,0
real-pen,739,2.289,3.329,0.255,0.000,3.584,0,1,0
real-pen,740,4.288,5.255,0.498,0.000,5.753,0,1,0
real-pen,741,5.599,6.548,0.493,0.000,7.041,0,1,0
real-pen,742,1.234,5.964,0.202,0.000,6.166,0,2,0
real-pen,743,1.861,2.933,0.276,0.000,3.209,0,2,0
real-pen,744,4.501,5.385,0.292,0.000,5.677,0,4,0
real-pen,745,0.882,1.803,0.239,0.000,2.042,0,4,0
real-pen,746,0.915,1.682,0.292,0.000,1.974,0,2,0
real-pen,747,1.359,2.071,0.295,0.000,2.365,0,2,0
real-pen,748,3.705,4.753,0.348,0.000,5.100,0,2,0
real-pen,749,4.130,4.669,0.224,0.000,4.893,0,2,0
real-pen,750,0.646,1.505,0.353,0.000,1.858,0,3,0
real-pen,751,0.880,1.702,0.229,0.000,1.931,0,2,0
real-pen,752,3.040,3.828,0.308,0.000,4.136,0,2,0
real-pen,753,5.027,5.982,0.294,0.000,6.276,0,2,0
real-pen,754,7.478,8.641,0.340,0.000,8.981,0,2,0
real-pen,755,4.254,5.170,0.343,0.000,5.512,0,3,0
real-pen,756,2.247,3.073,0.193,0.000,3.266,0,2,0
real-pen,757,4.279,5.283,0.276,0.000,5.559,0,2,0
real-pen,758,5.768,6.794,0.330,0.000,7.124,0,2,0
real-pen,759,6.645,7.254,0.153,0.000,7.406,0,2,0
real-pen,760,1.556,2.227,0.166,0.000,2.393,0,2,0
real-pen,761,3.958,4.849,0.208,0.000,5.057,0,2,0
real-pen,762,5.616,6.275,0.235,0.000,6.510,0,3,0
real-pen,763,6.543,7.264,0.312,0.000,7.576,0,2,0
real-pen,764,0.425,1.360,0.282,0.000,1.642,0,2,0
real-pen,765,1.138,1.784,0.211,0.000,1.995,0,2,0
real-pen,766,3.900,4.760,0.304,0.000,5.064,0,2,0
real-pen,767,5.542,6.484,0.300,0.000,6.784,0,2,0
real-pen,768,0.366,1.179,0.275,0.000,1.454,0,4,0
real-pen,769,1.497,2.334,0.286,0.000,2.620,0,2,0
real-pen,770,4.601,5.855,0.259,0.000,6.114,0,2,0
real-pen,771,5.753,6.571,0.215,0.000,6.786,0,2,0
real-pen,772,7.552,8.682,0.311,0.000,8.993,0,2,0
real-pen,773,0.742,1.554,0.241,0.000,1.795,0,3,0
real-pen,774,1.529,2.311,0.219,0.000,2.530,0,3,0
real-pen,775,2.731,3.591,0.325,0.000,3.916,0,2,0
real-pen,776,4.559,5.475,0.297,0.000,5.772,0,2,0
real-pen,777,0.414,1.281,0.291,0.000,1.572,0,3,0
real-pen,778,1.841,2.692,0.235,0.000,2.927,0,2,0
real-pen,779,2.970,3.669,0.242,0.000,3.911,0,2,0
real-pen,780,2.832,3.383,0.197,0.000,3.581,0,3,0
real-pen,781,6.532,7.439,0.203,0.000,7.643,0,2,0
real-pen,782,0.606,1.700,0.312,0.000,2.012,0,2,0
real-pen,783,1.930,2.910,0.297,0.000,3.207,0,2,0
real-pen,784,2.920,3.718,0.300,0.000,4.018,0,2,0
real-pen,785,5.697,6.760,0.209,0.000,6.970,0,2,0
real-pen,786,2.102,3.125,0.311,0.000,3.437,0,3,0
real-pen,787,0.407,10.455,0.262,0.000,10.717,0,1,0
real-pen,788,2.937,3.762,0.230,0.000,3.992,0,2,0
real-pen,789,3.840,4.698,0.232,0.000,4.930,0,3,0
real-pen,790,5.996,6.849,0.246,0.000,7.095,0,2,0
real-pen,791,0.458,1.388,0.366,0.000,1.754,0,3,0
real-pen,792,1.988,2.835,0.334,0.000,3.169,0,2,0
real-pen,793,3.258,3.965,0.242,0.000,4.207,0,2,0
real-pen,794,5.007,5.830,0.330,0.000,6.160,0,2,0
real-pen,795,6.877,7.655,0.301,0.000,7.956,0,2,0
real-pen,796,1.752,2.562,0.304,0.000,2.866,0,2,0
real-pen,797,3.139,4.013,0.318,0.000,4.331,0,3,0
real-pen,798,4.948,5.758,0.340,0.000,6.098,0,3,0
real-pen,799,8.103,9.736,0.405,0.000,10.140,0,2,0
real-pen,800,1.654,2.964,0.249,0.000,3.212,0,3,0
real-pen,801,1.812,2.692,0.249,0.000,2.941,0,2,0
real-pen,802,2.002,3.188,0.228,0.000,3.416,0,2,0
real-pen,803,4.096,4.760,0.209,0.000,4.970,0,2,0
real-pen,804,7.029,7.925,0.230,0.000,8.155,0,2,0
real-pen,805,1.790,2.565,0.194,0.000,2.759,0,2,0
real-pen,806,3.029,3.875,0.247,0.000,4.122,0,3,0
real-pen,807,4.896,5.681,0.222,0.000,5.904,0,2,0
real-pen,808,6.788,7.570,0.219,0.000,7.789,0,2,0
real-pen,809,0.472,1.399,0.391,0.000,1.790,0,3,0
real-pen,810,2.057,2.978,0.246,0.000,3.223,0,2,0
real-pen,811,2.950,3.654,0.244,0.000,3.897,0,2,0
real-pen,812,6.058,7.161,0.473,0.000,7.634,0,2,0
real-pen,813,1.572,2.406,0.272,0.000,2.678,0,3,0
real-pen,814,2.195,3.263,0.260,0.000,3.522,0,2,0
real-pen,815,4.718,5.788,0.257,0.000,6.044,0,2,0
real-pen,816,3.956,4.589,0.163,0.000,4.752,0,2,0
real-pen,817,5.297,6.256,0.320,0.000,6.576,0,2,0
real-pen,818,1.241,2.086,0.296,0.000,2.381,0,2,0
real-pen,819,2.199,2.752,0.229,0.000,2.981,0,2,0
real-pen,820,3.290,3.906,0.283,0.000,4.189,0,2,0
real-pen,821,5.307,6.240,0.409,0.000,6.648,0,2,0
real-pen,822,0.855,1.559,0.188,0.000,1.747,0,3,0
real-pen,823,1.902,2.382,0.198,0.000,2.579,0,3,0
real-pen,824,2.857,3.681,0.215,0.000,3.896,0,3,0
real-pen,825,4.143,4.538,0.147,0.000,4.685,0,3,0
real-pen,826,6.038,6.944,0.216,0.000,7.159,0,2,0
real-pen,827,0.306,1.909,0.547,0.000,2.456,0,2,0
real-pen,828,3.535,5.458,0.351,0.000,5.809,0,2,0
real-pen,829,5.056,6.452,0.241,0.000,6.693,0,2,0
real-pen,830,6.393,7.824,0.450,0.000,8.274,0,2,0
real-pen,831,6.973,7.629,0.150,0.000,7.779,0,3,0
real-pen,832,0.840,1.499,0.228,0.000,1.728,0,2,0
real-pen,833,2.973,3.997,0.262,0.000,4.259,0,1,0
real-pen,834,4.054,5.003,0.288,0.000,5.291,0,1,0
real-pen,835,6.832,7.851,0.330,0.000,8.180,0,1,0
real-pen,836,1.499,2.177,0.264,0.000,2.441,0,2,0
real-pen,837,2.351,3.315,0.327,0.000,3.641,0,1,0
real-pen,838,4.666,5.330,0.212,0.000,5.542,0,1,0
real-pen,839,5.103,5.818,0.223,0.000,6.041,0,1,0
real-pen,840,6.759,7.855,0.418,0.000,8.273,0,1,0
real-pen,841,4.774,6.299,0.247,0.000,6.546,0,3,0
real-pen,842,2.836,3.677,0.147,0.000,3.824,0,2,0
real-pen,843,5.680,6.694,0.215,0.000,6.909,0,2,0
real-pen,844,6.133,7.240,0.251,0.000,7.491,0,2,0
real-pen,845,0.656,1.533,0.205,0.000,1.738,0,2,0
real-pen,846,2.368,3.278,0.172,0.000,3.450,0,2,0
real-pen,847,2.655,3.726,0.206,0.000,3.932,0,3,0
real-pen,848,5.552,7.052,0.194,0.000,7.246,0,1,0
real-pen,849,0.336,1.056,0.182,0.000,1.239,0,2,0
real-pen,850,0.675,1.355,0.165,0.000,1.520,0,2,0
real-pen,851,1.951,2.665,0.234,0.000,2.899,0,1,0
real-pen,852,4.685,5.613,0.346,0.000,5.958,0,1,0
real-pen,853,6.640,7.409,0.210,0.000,7.619,0,1,0
real-pen,854,1.053,1.862,0.192,0.000,2.054,0,1,0
real-pen,855,1.325,2.036,0.181,0.000,2.217,0,1,0
real-pen,856,5.231,8.743,0.236,0.000,8.980,0,1,0
real-pen,857,5.731,7.243,0.229,0.000,7.473,0,2,0
real-pen,858,0.248,1.483,0.205,0.000,1.688,0,3,0
real-pen,859,1.371,2.193,0.228,0.000,2.420,0,2,0
real-pen,860,1.663,2.605,0.228,0.000,2.833,0,1,0
real-pen,861,3.328,4.171,0.214,0.000,4.385,0,1,0
real-pen,862,5.837,6.656,0.225,0.000,6.881,0,1,0
real-pen,863,0.779,1.760,0.324,0.000,2.085,0,2,0
real-pen,864,2.266,3.122,0.233,0.000,3.355,0,1,0
real-pen,865,4.135,5.183,0.492,0.000,5.675,0,1,0
real-pen,866,4.622,5.571,0.319,0.000,5.891,0,1,0
real-pen,867,0.844,1.560,0.224,0.000,1.784,0,1,0
real-pen,868,3.966,5.405,0.292,0.000,5.697,0,2,0
real-pen,869,3.518,6.546,0.249,0.000,6.795,0,2,0
real-pen,870,4.661,5.875,0.291,0.000,6.166,0,2,0
real-pen,871,7.147,8.320,0.297,0.000,8.617,0,2,0
real-pen,872,1.639,2.540,0.174,0.000,2.714,0,2,0
real-pen,873,2.331,2.972,0.142,0.000,3.114,0,2,0
real-pen,874,3.393,4.141,0.204,0.000,4.345,0,2,0
real-pen,875,3.760,4.712,0.224,0.000,4.936,0,2,0
real-pen,876,7.154,8.350,0.304,0.000,8.654,0,2,0
real-pen,877,1.359,2.308,0.298,0.000,2.607,0,2,0
real-pen,878,2.816,3.975,0.441,0.000,4.416,0,2,0
real-pen,879,5.228,6.353,0.246,0.000,6.599,0,2,0
real-pen,880,6.925,7.807,0.334,0.000,8.141,0,2,0
real-pen,881,0.498,1.082,0.154,0.000,1.237,0,2,0
real-pen,882,3.095,3.991,0.199,0.000,4.190,0,2,0
real-pen,883,3.206,4.058,0.270,0.000,4.328,0,2,0
real-pen,884,5.858,7.032,0.294,0.000,7.326,0,2,0
real-pen,885,1.130,2.095,0.349,0.000,2.444,0,3,0
real-pen,886,1.394,2.380,0.224,0.000,2.604,0,3,0
real-pen,887,1.329,2.295,0.276,0.000,2.571,0,2,0
real-pen,888,2.733,3.554,0.339,0.000,3.893,0,2,0
real-pen,889,3.585,4.301,0.223,0.000,4.524,0,2,0
real-pen,890,7.363,8.503,0.359,0.000,8.862,0,2,0
real-pen,891,2.356,3.160,0.255,0.000,3.415,0,4,0
real-pen,892,4.215,5.264,0.248,0.000,5.513,0,2,0
real-pen,893,6.193,7.246,0.472,0.000,7.718,0,2,0
real-pen,894,0.764,1.762,0.328,0.000,2.090,0,2,0
real-pen,895,1.448,2.380,0.556,0.000,2.936,0,2,0
real-pen,896,2.509,3.539,0.438,0.000,3.977,0,2,0
real-pen,897,5.052,5.937,0.335,0.000,6.272,0,2,0
real-pen,898,7.085,8.094,0.332,0.000,8.426,0,2,0
real-pen,899,1.486,2.330,0.110,0.000,2.440,0,2,0
real-pen,900,1.759,2.488,0.204,0.000,2.692,0,2,0
real-pen,901,2.278,2.996,0.150,0.000,3.146,0,2,0
real-pen,902,3.996,4.591,0.165,0.000,4.756,0,2,0
real-pen,903,1.145,5.695,0.178,0.000,5.874,0,3,0
real-pen,904,2.013,3.000,0.454,0.000,3.454,0,2,0
real-pen,905,3.502,4.388,0.248,0.000,4.636,0,2,0
real-pen,906,5.413,6.286,0.265,0.000,6.551,0,2,0
real-pen,907,6.789,7.790,0.313,0.000,8.103,0,2,0
real-pen,908,0.698,1.512,0.195,0.000,1.707,0,4,0
real-pen,909,1.842,2.534,0.274,0.000,2.808,0,1,0
real-pen,910,3.505,4.198,0.228,0.000,4.426,0,1,0
real-pen,911,6.368,7.712,0.414,0.000,8.126,0,1,0
real-pen,912,0.733,1.525,0.232,0.000,1.757,0,4,0
real-pen,913,0.918,2.597,0.298,0.000,2.895,0,1,0
real-pen,914,2.748,3.799,0.190,0.000,3.990,0,1,0
real-pen,915,4.607,5.563,0.249,0.000,5.812,0,1,0
real-pen,916,5.806,6.762,0.278,0.000,7.040,0,1,0
real-pen,917,2.106,3.337,0.243,0.000,3.579,0,3,0
real-pen,918,1.970,2.812,0.189,0.000,3.001,0,2,0
real-pen,919,3.932,4.752,0.206,0.000,4.958,0,2,0
real-pen,920,5.667,6.643,0.201,0.000,6.844,0,2,0
real-pen,921,6.879,7.873,0.175,0.000,8.048,0,2,0
real-pen,922,1.215,2.142,0.401,0.000,2.543,0,3,0
real-pen,923,2.094,2.948,0.295,0.000,3.242,0,2,0
real-pen,924,3.790,4.580,0.146,0.000,4.726,0,1,0
real-pen,925,6.359,7.269,0.400,0.000,7.669,0,1,0
real-pen,926,0.854,1.922,0.214,0.000,2.136,0,2,0
real-pen,927,9.403,10.126,0.302,0.000,10.429,0,1,0
real-pen,928,4.615,5.452,0.168,0.000,5.620,0,1,0
real-pen,929,13.449,16.992,0.248,0.000,17.239,0,1,0
real-pen,930,7.225,8.267,0.191,0.000,8.458,0,2,0
real-pen,931,1.283,1.997,0.268,0.000,2.265,0,2,0
real-pen,932,2.544,3.292,0.254,0.000,3.546,0,2,0
real-pen,933,4.272,5.039,0.142,0.000,5.181,0,2,0
real-pen,934,5.487,6.370,0.218,0.000,6.588,0,2,0
real-pen,935,0.599,0.997,0.181,0.000,1.179,0,2,0
real-pen,936,3.006,3.757,0.195,0.000,3.952,0,3,0
real-pen,937,3.673,4.463,0.313,0.000,4.777,0,1,0
real-pen,938,4.828,5.610,0.455,0.000,6.064,0,1,0
real-pen,939,6.633,7.464,0.172,0.000,7.636,0,1,0
real-pen,940,1.219,1.996,0.220,0.000,2.215,0,1,0
real-pen,941,2.351,3.097,0.322,0.000,3.418,0,1,0
real-pen,942,5.084,6.034,0.249,0.000,6.284,0,1,0
real-pen,943,1.496,2.251,0.255,0.000,2.506,0,2,0
real-pen,944,1.716,2.716,0.255,0.000,2.971,0,2,0
real-pen,945,1.987,2.696,0.198,0.000,2.894,0,2,0
real-pen,946,3.632,4.262,0.250,0.000,4.512,0,2,0
real-pen,947,5.957,6.873,0.203,0.000,7.076,0,3,0
real-pen,948,6.852,7.349,0.142,0.000,7.491,0,1,0
real-pen,949,1.173,1.864,0.167,0.000,2.030,0,1,0
real-pen,950,2.651,3.734,0.212,0.000,3.946,0,1,0
real-pen,951,4.095,4.962,0.332,0.000,5.294,0,1,0
real-pen,952,6.575,8.183,0.617,0.000,8.801,0,1,0
real-pen,953,1.674,3.481,0.326,0.000,3.807,0,2,0
real-pen,954,4.583,6.096,0.264,0.000,6.359,0,2,0
real-pen,955,4.078,5.991,0.329,0.000,6.319,0,2,0
real-pen,956,5.014,5.587,0.213,0.000,5.800,0,2,0
real-pen,957,0.758,1.485,0.288,0.000,1.773,0,3,0
real-pen,958,0.901,1.878,0.212,0.000,2.089,0,2,0
real-pen,959,2.644,3.376,0.132,0.000,3.508,0,2,0
real-pen,960,4.245,4.991,0.214,0.000,5.205,0,1,0
real-pen,961,6.362,7.364,0.307,0.000,7.671,0,1,0
real-pen,962,0.933,1.645,0.201,0.000,1.846,0,2,0
real-pen,963,2.601,3.490,0.298,0.000,3.788,0,1,0
real-pen,964,4.939,6.234,0.247,0.000,6.481,0,2,0
real-pen,965,5.609,6.533,0.352,0.000,6.884,0,2,0
real-pen,966,0.652,1.472,0.178,0.000,1.650,0,3,0
real-pen,967,0.741,1.269,0.214,0.000,1.484,0,3,0
real-pen,968,2.722,3.412,0.185,0.000,3.597,0,1,0
real-pen,969,4.054,4.618,0.145,0.000,4.763,0,1,0
real-pen,970,6.899,8.534,0.368,0.000,8.902,0,1,0
real-pen,971,1.341,2.551,0.228,0.000,2.778,0,2,0
real-pen,972,2.044,2.946,0.237,0.000,3.182,0,1,0
real-pen,973,4.317,5.329,0.233,0.000,5.562,0,1,0
real-pen,974,4.675,5.242,0.239,0.000,5.481,0,1,0
real-pen,975,2.343,3.529,0.244,0.000,3.774,0,1,0
real-pen,976,0.361,9.502,0.318,0.000,9.819,0,1,0
real-pen,977,2.227,3.006,0.350,0.000,3.356,0,3,0
real-pen,978,4.174,4.951,0.337,0.000,5.287,0,2,0
real-pen,979,5.681,6.279,0.148,0.000,6.428,0,2,0
real-pen,980,1.130,1.927,0.362,0.000,2.289,0,2,0
real-pen,981,1.947,2.592,0.200,0.000,2.792,0,3,0
real-pen,982,3.617,4.644,0.348,0.000,4.992,0,3,0
real-pen,983,5.772,6.446,0.202,0.000,6.647,0,3,0
real-pen,984,9.198,10.994,0.408,0.000,11.402,0,3,0
real-pen,985,2.187,3.455,0.511,0.000,3.966,0,2,0
real-pen,986,3.649,5.075,0.281,0.000,5.357,0,2,0
real-pen,987,5.096,6.019,0.326,0.000,6.345,0,2,0
real-pen,988,7.171,7.623,0.177,0.000,7.800,0,2,0
real-pen,989,0.407,1.016,0.158,0.000,1.174,0,3,0
real-pen,990,1.500,2.082,0.208,0.000,2.290,0,1,0
real-pen,991,3.097,3.947,0.271,0.000,4.218,0,1,0
real-pen,992,4.570,5.465,0.261,0.000,5.727,0,1,0
real-pen,993,0.550,1.442,0.299,0.000,1.741,0,2,0
real-pen,994,1.475,2.250,0.309,0.000,2.558,0,1,0
real-pen,995,2.667,3.391,0.179,0.000,3.570,0,1,0
real-pen,996,4.668,5.406,0.224,0.000,5.629,0,1,0
real-pen,997,6.248,7.324,0.265,0.000,7.589,0,1,0
real-pen,998,1.306,1.967,0.137,0.000,2.104,0,2,0
real-pen,999,3.484,4.891,0.187,0.000,5.077,0,1,0
real-pen,1000,4.173,5.095,0.154,0.000,5.249,0,2,0
real-pen,1001,5.286,5.973,0.296,0.000,6.269,0,2,0
real-pen,1002,7.245,8.396,0.177,0.000,8.573,0,1,0
real-pen,1003,0.849,1.537,0.225,0.000,1.761,0,2,0
real-pen,1004,3.838,4.906,0.284,0.000,5.190,0,1,0
real-pen,1005,3.331,3.904,0.174,0.000,4.078,0,1,0
real-pen,1006,3.418,4.257,0.225,0.000,4.481,0,1,0
real-pen,1007,0.785,1.718,0.342,0.000,2.059,0,1,0
real-pen,1008,8.991,11.151,0.248,0.000,11.399,0,1,0
real-pen,1009,3.401,4.076,0.130,0.000,4.206,0,2,0
real-pen,1010,4.974,5.589,0.167,0.000,5.755,0,2,0
real-pen,1011,6.587,7.325,0.163,0.000,7.488,0,2,0
real-pen,1012,1.731,2.444,0.256,0.000,2.700,0,2,0
real-pen,1013,9.470,9.914,0.181,0.000,10.095,0,2,0
real-pen,1014,0.227,3.579,0.201,0.000,3.779,0,1,0
real-pen,1015,0.433,6.718,0.392,0.000,7.110,0,1,0
real-pen,1016,1.402,1.967,0.136,0.000,2.103,0,2,0
real-pen,1017,2.420,2.915,0.157,0.000,3.072,0,2,0
real-pen,1018,4.429,5.107,0.165,0.000,5.273,0,2,0
real-pen,1019,5.251,5.884,0.178,0.000,6.062,0,2,0
real-pen,1020,1.023,1.868,0.165,0.000,2.032,0,2,0
real-pen,1021,2.374,3.218,0.234,0.000,3.452,0,2,0
real-pen,1022,4.475,5.334,0.285,0.000,5.619,0,2,0
real-pen,1023,6.260,6.848,0.152,0.000,7.000,0,2,0
real-pen,1024,0.356,0.850,0.201,0.000,1.051,0,2,0
real-pen,1025,1.006,1.616,0.192,0.000,1.808,0,2,0
real-pen,1026,3.628,5.081,0.283,0.000,5.363,0,2,0
real-pen,1027,5.955,7.164,0.238,0.000,7.402,0,2,0
real-pen,1028,0.491,1.428,0.265,0.000,1.693,0,3,0
real-pen,1029,2.127,3.288,0.264,0.000,3.552,0,2,0
real-pen,1030,3.974,5.200,0.410,0.000,5.610,0,2,0
real-pen,1031,3.641,4.216,0.254,0.000,4.471,0,2,0
real-pen,1032,6.250,7.061,0.206,0.000,7.268,0,2,0
real-pen,1033,0.723,1.505,0.283,0.000,1.788,0,2,0
real-pen,1034,2.131,2.694,0.317,0.000,3.010,0,2,0
real-pen,1035,3.510,4.501,0.283,0.000,4.784,0,2,0
real-pen,1036,5.334,6.143,0.229,0.000,6.372,0,2,0
real-pen,1037,6.121,6.752,0.162,0.000,6.914,0,2,0
real-pen,1038,1.752,2.559,0.261,0.000,2.820,0,2,0
real-pen,1039,2.599,3.475,0.334,0.000,3.810,0,2,0
real-pen,1040,4.211,5.354,0.484,0.000,5.837,0,2,0
real-pen,1041,7.689,8.889,0.256,0.000,9.145,0,3,0
real-pen,1042,1.110,2.176,0.295,0.000,2.471,0,2,0
real-pen,1043,2.187,3.297,0.281,0.000,3.579,0,2,0
real-pen,1044,2.964,3.740,0.345,0.000,4.086,0,2,0
real-pen,1045,4.044,5.145,0.418,0.000,5.563,0,2,0
real-pen,1046,6.383,7.186,0.317,0.000,7.503,0,2,0
real-pen,1047,1.861,2.960,0.380,0.000,3.340,0,2,0
real-pen,0,0.890,5.199,0.348,0.000,5.547,0,3,0
real-pen,1,4.474,6.540,0.459,0.000,6.999,0,3,0
real-pen,2,6.181,8.280,0.247,0.000,8.527,0,2,0
real-pen,3,7.932,9.011,0.175,0.000,9.185,0,3,0
real-pen,4,1.266,2.107,1.180,0.000,3.287,0,2,0
real-pen,5,2.752,3.863,0.224,0.000,4.087,0,2,0
real-pen,6,4.205,5.257,0.294,0.000,5.551,0,2,0
real-pen,7,7.146,8.786,0.458,0.000,9.244,0,2,0
real-pen,8,0.773,1.719,0.341,0.000,2.060,0,2,0
real-pen,9,2.052,2.619,0.185,0.000,2.804,0,2,0
real-pen,10,4.769,5.398,0.212,0.000,5.610,0,2,0
real-pen,11,6.349,7.191,0.300,0.000,7.490,0,2,0
real-pen,12,0.372,0.902,0.118,0.000,1.020,0,3,0
real-pen,13,1.435,2.115,0.133,0.000,2.249,0,2,0
real-pen,14,3.324,4.122,0.228,0.000,4.350,0,3,0
real-pen,15,5.317,6.220,0.256,0.000,6.476,0,2,0
real-pen,16,6.402,7.461,0.232,0.000,7.692,0,2,0
real-pen,17,0.421,1.283,0.346,0.000,1.629,0,2,0
real-pen,18,2.033,2.635,0.129,0.000,2.764,0,2,0
real-pen,19,4.971,6.108,0.324,0.000,6.432,0,2,0
real-pen,20,6.898,7.841,0.356,0.000,8.197,0,2,0
real-pen,21,0.889,1.759,0.213,0.000,1.971,0,2,0
real-pen,22,1.633,2.370,0.344,0.000,2.713,0,2,0
real-pen,23,1.595,2.355,0.166,0.000,2.521,0,3,0
real-pen,24,5.151,6.463,0.419,0.000,6.882,0,2,0
real-pen,25,6.883,7.610,0.209,0.000,7.819,0,2,0
real-pen,26,1.033,1.908,0.175,0.000,2.083,0,2,0
real-pen,27,1.185,1.861,0.155,0.000,2.017,0,2,0
real-pen,28,2.879,3.504,0.159,0.000,3.663,0,2,0
real-pen,29,5.067,5.769,0.210,0.000,5.979,0,2,0
real-pen,30,6.690,7.581,0.263,0.000,7.844,0,2,0
real-pen,31,1.342,2.007,0.104,0.000,2.111,0,2,0
real-pen,32,3.403,4.067,0.141,0.000,4.208,0,2,0
real-pen,33,5.916,7.591,0.399,0.000,7.990,0,2,0
real-pen,34,5.702,6.476,0.167,0.000,6.643,0,3,0
real-pen,35,0.799,1.475,0.145,0.000,1.620,0,2,0
real-pen,36,1.576,2.373,0.166,0.000,2.539,0,2,0
real-pen,37,2.352,3.028,0.135,0.000,3.162,0,2,0
real-pen,38,5.049,6.002,0.180,0.000,6.182,0,2,0
real-pen,39,6.259,6.874,0.290,0.000,7.164,0,2,0
real-pen,40,1.936,2.608,0.274,0.000,2.881,0,2,0
real-pen,41,3.028,3.622,0.241,0.000,3.863,0,2,0
real-pen,42,3.663,4.204,0.230,0.000,4.434,0,2,0
real-pen,43,3.494,4.263,0.314,0.000,4.577,0,2,0
real-pen,44,0.498,1.220,0.328,0.000,1.547,0,3,0
real-pen,45,1.659,2.903,0.237,0.000,3.140,0,2,0
real-pen,46,3.559,4.332,0.199,0.000,4.531,0,2,0
real-pen,47,6.388,7.251,0.379,0.000,7.630,0,2,0
real-pen,48,0.630,1.500,0.213,0.000,1.713,0,2,0
real-pen,49,1.565,2.283,0.152,0.000,2.435,0,2,0
real-pen,50,3.257,4.043,0.197,0.000,4.240,0,2,0
real-pen,51,5.701,6.696,0.372,0.000,7.068,0,2,0
real-pen,52,6.742,7.491,0.247,0.000,7.738,0,2,0
real-pen,53,0.518,1.223,0.123,0.000,1.346,0,3,0
real-pen,54,1.526,2.173,0.129,0.000,2.302,0,2,0
real-pen,55,3.350,4.038,0.234,0.000,4.272,0,2,0
real-pen,56,5.961,6.893,0.710,0.000,7.602,0,2,0
real-pen,57,1.189,2.089,0.163,0.000,2.252,0,3,0
real-pen,58,1.869,3.291,0.342,0.000,3.633,0,2,0
real-pen,59,3.402,4.938,0.294,0.000,5.232,0,2,0
real-pen,60,6.110,7.335,0.294,0.000,7.629,0,2,0
real-pen,61,7.520,8.341,0.185,0.000,8.527,0,3,0
real-pen,62,1.072,1.853,0.162,0.000,2.014,0,2,0
real-pen,63,1.594,2.378,0.167,0.000,2.545,0,2,0
real-pen,64,4.049,4.929,0.316,0.000,5.245,0,2,0
real-pen,65,6.266,7.264,0.291,0.000,7.554,0,2,0
real-pen,66,0.908,1.862,0.217,0.000,2.079,0,2,0
real-pen,67,3.039,4.333,0.148,0.000,4.480,0,3,0
real-pen,68,4.404,4.939,0.178,0.000,5.117,0,3,0
real-pen,69,6.608,7.902,0.429,0.000,8.331,0,3,0
real-pen,70,1.011,2.332,0.263,0.000,2.595,0,3,0
real-pen,71,3.136,4.119,0.225,0.000,4.344,0,2,0
real-pen,72,3.909,5.208,0.198,0.000,5.406,0,2,0
real-pen,73,5.840,6.731,0.229,0.000,6.960,0,2,0
real-pen,74,0.423,1.238,0.193,0.000,1.431,0,3,0
real-pen,75,1.381,2.240,0.388,0.000,2.628,0,2,0
real-pen,76,9.877,10.590,0.171,0.000,10.761,0,2,0
real-pen,77,4.368,5.109,0.316,0.000,5.425,0,3,0
real-pen,78,6.485,7.292,0.236,0.000,7.528,0,2,0
real-pen,79,0.167,0.738,0.158,0.000,0.896,0,2,0
real-pen,80,2.260,3.121,0.225,0.000,3.346,0,2,0
real-pen,81,3.960,4.826,0.225,0.000,5.052,0,2,0
real-pen,82,5.414,6.122,0.153,0.000,6.275,0,2,0
real-pen,83,0.538,1.514,0.219,0.000,1.733,0,2,0
real-pen,84,1.398,1.946,0.142,0.000,2.087,0,2,0
real-pen,85,4.130,5.126,0.199,0.000,5.324,0,2,0
real-pen,86,5.663,6.788,0.206,0.000,6.994,0,2,0
real-pen,87,0.743,1.792,0.224,0.000,2.016,0,4,0
real-pen,88,0.346,9.337,0.305,0.000,9.642,0,1,0
real-pen,89,1.921,3.056,0.254,0.000,3.310,0,3,0
real-pen,90,2.249,3.119,0.299,0.000,3.418,0,2,0
real-pen,91,4.101,4.843,0.240,0.000,5.082,0,2,0
real-pen,92,0.807,1.938,0.306,0.000,2.244,0,2,0
real-pen,93,2.108,3.027,0.398,0.000,3.426,0,2,0
real-pen,94,3.313,3.923,0.278,0.000,4.201,0,2,0
real-pen,95,4.084,4.738,0.187,0.000,4.925,0,2,0
real-pen,96,6.340,7.438,0.191,0.000,7.629,0,2,0
real-pen,97,1.110,1.957,0.162,0.000,2.118,0,2,0
real-pen,98,1.811,2.811,0.311,0.000,3.122,0,2,0
real-pen,99,4.605,5.762,0.535,0.000,6.297,0,2,0
real-pen,100,6.425,7.961,0.252,0.000,8.213,0,2,0
real-pen,101,2.429,3.498,0.229,0.000,3.727,0,3,0
real-pen,102,4.786,5.955,0.245,0.000,6.200,0,2,0
real-pen,103,3.733,4.706,0.225,0.000,4.931,0,2,0
real-pen,104,4.906,5.546,0.180,0.000,5.727,0,2,0
real-pen,105,6.380,7.057,0.152,0.000,7.209,0,2,0
real-pen,106,0.585,1.299,0.171,0.000,1.470,0,2,0
real-pen,107,2.049,2.622,0.166,0.000,2.788,0,2,0
real-pen,108,3.936,4.660,0.237,0.000,4.896,0,2,0
real-pen,109,5.900,6.710,0.302,0.000,7.012,0,2,0
real-pen,110,0.764,1.686,0.270,0.000,1.956,0,3,0
real-pen,111,1.575,2.356,0.328,0.000,2.685,0,2,0
real-pen,112,2.917,3.670,0.269,0.000,3.939,0,2,0
real-pen,113,1.121,13.986,0.399,0.000,14.386,0,1,0
real-pen,114,0.415,1.273,0.335,0.000,1.608,0,4,0
real-pen,115,1.626,2.574,0.412,0.000,2.985,0,2,0
real-pen,116,3.752,5.137,0.462,0.000,5.599,0,2,0
real-pen,117,5.038,6.316,0.280,0.000,6.595,0,2,0
real-pen,118,7.104,8.446,0.441,0.000,8.887,0,2,0
real-pen,119,2.132,4.567,0.351,0.000,4.917,0,4,0
real-pen,120,1.506,2.006,0.202,0.000,2.208,0,1,0
real-pen,121,2.966,3.864,0.166,0.000,4.030,0,1,0
real-pen,122,5.147,5.898,0.191,0.000,6.089,0,1,0
real-pen,123,7.241,8.145,0.266,0.000,8.411,0,1,0
real-pen,124,0.708,1.489,0.173,0.000,1.662,0,2,0
real-pen,125,9.705,10.728,0.238,0.000,10.966,0,1,0
real-pen,126,4.562,5.203,0.258,0.000,5.461,0,1,0
real-pen,127,5.947,6.870,0.182,0.000,7.052,0,1,0
real-pen,128,6.710,11.505,0.384,0.000,11.889,0,2,0
real-pen,129,2.268,3.534,0.364,0.000,3.898,0,2,0
real-pen,130,2.701,3.371,0.203,0.000,3.574,0,2,0
real-pen,131,5.977,7.090,0.272,0.000,7.362,0,2,0
real-pen,132,1.437,2.477,0.194,0.000,2.671,0,2,0
real-pen,133,0.611,1.490,0.311,0.000,1.801,0,3,0
real-pen,134,1.748,2.413,0.203,0.000,2.616,0,2,0
real-pen,135,2.667,3.326,0.234,0.000,3.560,0,2,0
real-pen,136,5.842,6.499,0.226,0.000,6.725,0,1,0
real-pen,137,0.460,1.213,0.224,0.000,1.437,0,2,0
real-pen,138,2.073,3.192,0.321,0.000,3.513,0,2,0
real-pen,139,2.768,3.401,0.151,0.000,3.553,0,1,0
real-pen,140,4.669,5.538,0.304,0.000,5.843,0,1,0
real-pen,141,6.015,7.286,0.353,0.000,7.639,0,1,0
real-pen,142,1.315,2.556,0.294,0.000,2.849,0,2,0
real-pen,143,1.581,2.516,0.316,0.000,2.832,0,1,0
real-pen,144,5.369,6.573,0.231,0.000,6.804,0,1,0
real-pen,145,6.873,8.439,0.440,0.000,8.878,0,1,0
real-pen,146,0.940,2.428,0.254,0.000,2.682,0,2,0
real-pen,147,1.564,2.654,0.229,0.000,2.883,0,1,0
real-pen,148,1.833,3.044,0.370,0.000,3.414,0,1,0
real-pen,149,3.689,4.784,0.218,0.000,5.002,0,1,0
real-pen,150,0.485,1.560,0.248,0.000,1.808,0,1,0
real-pen,151,0.254,1.331,0.325,0.000,1.656,0,2,0
real-pen,152,2.134,3.045,0.250,0.000,3.296,0,1,0
real-pen,153,3.985,6.426,0.231,0.000,6.657,0,1,0
real-pen,154,4.981,5.832,0.167,0.000,5.999,0,2,0
real-pen,155,6.491,7.204,0.267,0.000,7.471,0,2,0
real-pen,156,2.008,3.087,0.459,0.000,3.546,0,2,0
real-pen,157,4.086,5.209,0.285,0.000,5.494,0,2,0
real-pen,158,4.917,5.961,0.202,0.000,6.164,0,2,0
real-pen,159,6.733,7.538,0.174,0.000,7.712,0,2,0
real-pen,160,1.279,2.111,0.170,0.000,2.281,0,2,0
real-pen,161,2.213,3.785,0.179,0.000,3.965,0,3,0
real-pen,162,10.714,11.373,0.191,0.000,11.564,0,1,0
real-pen,163,5.490,6.284,0.268,0.000,6.552,0,1,0
real-pen,164,0.526,1.848,0.374,0.000,2.222,0,1,0
real-pen,165,2.278,3.392,0.327,0.000,3.719,0,1,0
real-pen,166,4.338,5.397,0.244,0.000,5.641,0,1,0
real-pen,167,4.874,5.878,0.335,0.000,6.213,0,1,0
real-pen,168,6.736,7.694,0.214,0.000,7.908,0,1,0
real-pen,169,0.690,1.492,0.202,0.000,1.694,0,2,0
real-pen,170,2.377,4.402,0.436,0.000,4.839,0,1,0
real-pen,171,1.254,2.611,0.232,0.000,2.842,0,2,0
real-pen,172,0.953,1.826,0.207,0.000,2.032,0,3,0
real-pen,173,0.849,1.685,0.238,0.000,1.922,0,3,0
real-pen,174,1.877,2.864,0.224,0.000,3.088,0,2,0
real-pen,175,3.360,4.106,0.221,0.000,4.327,0,2,0
real-pen,176,4.224,4.886,0.207,0.000,5.093,0,2,0
real-pen,177,6.677,7.623,0.276,0.000,7.899,0,2,0
real-pen,178,1.046,2.019,0.383,0.000,2.402,0,2,0
real-pen,179,2.290,3.536,0.428,0.000,3.965,0,2,0
real-pen,180,3.227,3.794,0.244,0.000,4.037,0,2,0
real-pen,181,4.853,5.721,0.366,0.000,6.086,0,2,0
real-pen,182,0.344,0.837,0.327,0.000,1.164,0,2,0
real-pen,183,2.686,3.817,0.216,0.000,4.033,0,2,0
real-pen,184,4.392,5.095,0.298,0.000,5.393,0,3,0
real-pen,185,5.779,6.621,0.182,0.000,6.802,0,3,0
real-pen,186,6.700,7.532,0.213,0.000,7.745,0,3,0
real-pen,187,0.731,1.469,0.177,0.000,1.646,0,5,0
real-pen,188,1.961,2.826,0.190,0.000,3.016,0,2,0
real-pen,189,3.734,4.364,0.194,0.000,4.558,0,2,0
real-pen,190,4.899,5.712,0.283,0.000,5.995,0,2,0
real-pen,191,0.499,1.406,0.291,0.000,1.696,0,2,0
real-pen,192,1.095,1.796,0.144,0.000,1.939,0,2,0
real-pen,193,2.965,3.742,0.219,0.000,3.961,0,2,0
real-pen,194,4.772,5.782,0.267,0.000,6.049,0,2,0
real-pen,195,7.234,8.009,0.228,0.000,8.238,0,2,0
real-pen,196,0.904,1.739,0.252,0.000,1.991,0,2,0
real-pen,197,2.306,3.186,0.309,0.000,3.495,0,2,0
real-pen,198,3.846,4.734,0.340,0.000,5.075,0,2,0
real-pen,199,2.192,14.810,0.474,0.000,15.284,0,1,0
real-pen,200,2.263,3.306,0.262,0.000,3.567,0,6,0
real-pen,201,2.018,2.903,0.229,0.000,3.132,0,2,0
real-pen,202,3.532,4.717,0.216,0.000,4.934,0,3,0
real-pen,203,4.601,5.599,0.324,0.000,5.923,0,2,0
real-pen,204,6.903,8.113,0.267,0.000,8.380,0,3,0
real-pen,205,0.773,1.800,0.308,0.000,2.109,0,2,0
real-pen,206,1.634,2.299,0.221,0.000,2.520,0,2,0
real-pen,207,3.610,4.701,0.350,0.000,5.051,0,2,0
real-pen,208,5.368,6.198,0.211,0.000,6.409,0,2,0
real-pen,209,0.764,1.750,0.326,0.000,2.075,0,2,0
real-pen,210,2.260,3.133,0.230,0.000,3.364,0,3,0
real-pen,211,0.662,12.387,0.288,0.000,12.675,0,2,0
real-pen,212,5.787,6.748,0.350,0.000,7.098,0,3,0
real-pen,213,7.197,7.893,0.184,0.000,8.077,0,2,0
real-pen,214,0.816,1.540,0.222,0.000,1.763,0,2,0
real-pen,215,2.349,3.437,0.145,0.000,3.581,0,2,0
real-pen,216,4.159,5.482,0.180,0.000,5.662,0,1,0
real-pen,217,5.909,7.137,0.212,0.000,7.349,0,1,0
real-pen,218,0.584,1.571,0.236,0.000,1.807,0,1,0
real-pen,219,1.299,2.316,0.247,0.000,2.563,0,1,0
real-pen,220,2.907,3.949,0.334,0.000,4.283,0,1,0
real-pen,221,4.549,5.727,0.240,0.000,5.967,0,1,0
real-pen,222,6.684,7.301,0.162,0.000,7.463,0,1,0
real-pen,223,0.952,1.691,0.234,0.000,1.925,0,2,0
real-pen,224,2.778,3.766,0.326,0.000,4.092,0,1,0
real-pen,225,6.272,7.942,0.687,0.000,8.629,0,2,0
real-pen,226,5.128,5.980,0.221,0.000,6.201,0,2,0
real-pen,227,0.510,1.413,0.265,0.000,1.678,0,2,0
real-pen,228,2.058,3.239,0.249,0.000,3.488,0,2,0
real-pen,229,4.286,5.569,0.401,0.000,5.970,0,2,0
real-pen,230,6.578,7.441,0.223,0.000,7.664,0,3,0
real-pen,231,6.563,7.764,0.184,0.000,7.948,0,1,0
real-pen,232,1.261,2.407,0.393,0.000,2.800,0,3,0
real-pen,233,2.177,3.528,0.314,0.000,3.842,0,1,0
real-pen,234,3.935,4.820,0.208,0.000,5.027,0,1,0
real-pen,235,3.446,4.337,0.196,0.000,4.534,0,1,0
real-pen,236,0.501,1.713,0.327,0.000,2.040,0,2,0
real-pen,237,1.725,2.502,0.218,0.000,2.720,0,2,0
real-pen,238,1.988,2.664,0.147,0.000,2.811,0,1,0
real-pen,239,4.155,5.244,0.178,0.000,5.421,0,1,0
real-pen,240,6.175,6.693,0.152,0.000,6.846,0,1,0
real-pen,241,1.346,2.359,0.212,0.000,2.572,0,1,0
real-pen,242,2.275,2.972,0.147,0.000,3.119,0,2,0
real-pen,243,4.054,4.980,0.366,0.000,5.346,0,1,0
real-pen,244,5.408,6.368,0.238,0.000,6.606,0,1,0
real-pen,245,0.376,1.073,0.165,0.000,1.238,0,3,0
real-pen,246,3.341,6.864,0.224,0.000,7.088,0,1,0
real-pen,247,3.794,4.628,0.194,0.000,4.822,0,1,0
real-pen,248,11.746,12.509,0.209,0.000,12.718,0,1,0
real-pen,249,5.913,6.974,0.264,0.000,7.238,0,1,0
real-pen,250,8.379,10.573,0.217,0.000,10.790,0,2,0
real-pen,251,2.053,2.805,0.217,0.000,3.022,0,2,0
real-pen,252,4.099,4.897,0.229,0.000,5.126,0,2,0
real-pen,253,6.615,7.649,0.361,0.000,8.010,0,2,0
real-pen,254,7.645,8.258,0.143,0.000,8.402,0,2,0
real-pen,255,1.571,2.376,0.344,0.000,2.720,0,2,0
real-pen,256,2.778,3.869,0.224,0.000,4.093,0,2,0
real-pen,257,5.860,6.888,0.382,0.000,7.270,0,2,0
real-pen,258,7.769,8.982,0.218,0.000,9.199,0,2,0
real-pen,259,1.795,2.920,0.608,0.000,3.528,0,2,0
real-pen,260,1.921,2.854,0.219,0.000,3.073,0,2,0
real-pen,261,5.247,6.201,0.201,0.000,6.402,0,6,0
real-pen,262,0.250,1.169,0.199,0.000,1.367,0,2,0
real-pen,263,1.366,2.053,0.212,0.000,2.264,0,1,0
real-pen,264,2.532,3.199,0.202,0.000,3.401,0,1,0
real-pen,265,4.645,5.281,0.118,0.000,5.399,0,1,0
real-pen,266,5.688,6.331,0.171,0.000,6.502,0,1,0
real-pen,267,1.777,2.767,0.145,0.000,2.912,0,1,0
real-pen,268,4.867,6.009,0.261,0.000,6.270,0,1,0
real-pen,269,4.004,4.779,0.152,0.000,4.931,0,2,0
real-pen,270,6.022,6.803,0.161,0.000,6.964,0,3,0
real-pen,271,0.754,2.733,0.643,0.000,3.376,0,2,0
real-pen,272,1.178,2.145,0.214,0.000,2.360,0,3,0
real-pen,273,3.144,3.896,0.163,0.000,4.058,0,1,0
real-pen,274,4.771,5.566,0.267,0.000,5.833,0,1,0
real-pen,275,6.535,7.458,0.180,0.000,7.637,0,1,0
real-pen,276,1.341,2.259,0.178,0.000,2.437,0,1,0
real-pen,277,2.572,3.561,0.493,0.000,4.053,0,1,0
real-pen,278,4.631,5.683,0.243,0.000,5.926,0,1,0
real-pen,279,5.882,6.940,0.275,0.000,7.214,0,2,0
real-pen,280,0.398,1.088,0.295,0.000,1.383,0,3,0
real-pen,281,1.570,2.276,0.254,0.000,2.530,0,2,0
real-pen,282,3.085,4.217,0.445,0.000,4.662,0,2,0
real-pen,283,4.236,4.899,0.307,0.000,5.206,0,2,0
real-pen,284,14.245,14.936,0.255,0.000,15.191,0,1,0
real-pen,285,0.557,1.329,0.248,0.000,1.576,0,2,0
real-pen,286,2.255,3.222,0.272,0.000,3.494,0,1,0
real-pen,287,4.441,5.571,0.395,0.000,5.966,0,1,0
real-pen,288,7.287,8.468,0.491,0.000,8.959,0,1,0
real-pen,289,1.617,2.500,0.204,0.000,2.704,0,3,0
real-pen,290,1.672,2.329,0.243,0.000,2.572,0,2,0
real-pen,291,1.722,2.668,0.201,0.000,2.869,0,2,0
real-pen,292,3.330,4.119,0.170,0.000,4.289,0,3,0
real-pen,293,6.329,7.155,0.297,0.000,7.452,0,1,0
real-pen,294,1.272,2.005,0.203,0.000,2.208,0,1,0
real-pen,295,2.151,2.924,0.283,0.000,3.207,0,1,0
real-pen,296,4.466,5.496,0.424,0.000,5.920,0,1,0
real-pen,297,5.810,6.913,0.329,0.000,7.242,0,1,0
real-pen,298,1.341,3.190,0.741,0.000,3.931,0,3,0
real-pen,299,2.210,3.380,0.201,0.000,3.580,0,2,0
real-pen,300,1.817,2.364,0.205,0.000,2.569,0,2,0
real-pen,301,5.700,7.651,0.227,0.000,7.878,0,3,0
real-pen,302,7.516,8.856,0.189,0.000,9.045,0,2,0
real-pen,303,1.149,1.948,0.232,0.000,2.180,0,3,0
real-pen,304,2.092,3.512,0.245,0.000,3.757,0,1,0
real-pen,305,4.346,5.245,0.259,0.000,5.503,0,1,0
real-pen,306,5.249,6.287,0.296,0.000,6.583,0,1,0
real-pen,307,6.725,7.734,0.182,0.000,7.916,0,1,0
real-pen,308,1.685,2.618,0.230,0.000,2.848,0,2,0
real-pen,309,3.674,4.619,0.410,0.000,5.029,0,1,0
real-pen,310,5.329,6.273,0.365,0.000,6.638,0,1,0
real-pen,311,6.581,7.478,0.340,0.000,7.818,0,1,0
real-pen,312,1.161,2.175,0.264,0.000,2.438,0,2,0
real-pen,313,2.645,3.618,0.260,0.000,3.878,0,1,0
real-pen,314,5.341,6.204,0.216,0.000,6.420,0,2,0
real-pen,315,6.358,7.436,0.448,0.000,7.884,0,2,0
real-pen,316,1.766,2.623,0.217,0.000,2.840,0,5,0
real-pen,317,0.226,11.357,0.239,0.000,11.597,0,1,0
real-pen,318,1.780,2.723,0.210,0.000,2.932,0,2,0
real-pen,319,3.583,4.181,0.248,0.000,4.430,0,2,0
real-pen,320,4.918,5.892,0.177,0.000,6.069,0,2,0
real-pen,321,1.161,2.189,0.248,0.000,2.437,0,2,0
real-pen,322,1.393,2.127,0.148,0.000,2.276,0,2,0
real-pen,323,3.765,4.528,0.178,0.000,4.706,0,2,0
real-pen,324,4.981,5.726,0.282,0.000,6.007,0,2,0
real-pen,325,0.583,1.565,0.255,0.000,1.820,0,2,0
real-pen,326,0.810,1.656,0.205,0.000,1.861,0,1,0
real-pen,327,3.155,4.095,0.267,0.000,4.363,0,1,0
real-pen,328,4.897,6.098,0.644,0.000,6.742,0,1,0
real-pen,329,1.272,2.553,0.470,0.000,3.023,0,2,0
real-pen,330,1.098,2.382,0.224,0.000,2.606,0,3,0
real-pen,331,1.870,3.150,0.302,0.000,3.452,0,1,0
real-pen,332,4.677,5.646,0.501,0.000,6.147,0,1,0
real-pen,333,6.009,7.183,0.230,0.000,7.413,0,1,0
real-pen,334,0.276,1.140,0.238,0.000,1.378,0,2,0
real-pen,335,1.288,2.197,0.248,0.000,2.444,0,1,0
real-pen,336,3.030,4.353,0.204,0.000,4.557,0,1,0
real-pen,337,5.550,6.638,0.268,0.000,6.906,0,1,0
real-pen,338,5.864,6.852,0.321,0.000,7.173,0,1,0
real-pen,339,1.260,2.448,0.257,0.000,2.705,0,2,0
real-pen,340,2.233,3.187,0.314,0.000,3.501,0,1,0
real-pen,341,11.863,14.640,0.414,0.000,15.055,0,1,0
real-pen,342,6.727,7.580,0.316,0.000,7.896,0,3,0
real-pen,343,0.698,1.491,0.203,0.000,1.693,0,2,0
real-pen,344,1.869,3.232,0.343,0.000,3.575,0,2,0
real-pen,345,2.699,3.449,0.161,0.000,3.611,0,2,0
real-pen,346,5.350,6.118,0.289,0.000,6.406,0,2,0
real-pen,347,5.475,6.184,0.220,0.000,6.404,0,2,0
real-pen,348,0.474,1.215,0.276,0.000,1.491,0,2,0
real-pen,349,2.274,3.145,0.249,0.000,3.394,0,2,0
real-pen,350,3.565,4.692,0.185,0.000,4.877,0,2,0
real-pen,351,5.753,6.660,0.416,0.000,7.075,0,2,0
real-pen,352,0.456,1.514,0.450,0.000,1.965,0,2,0
real-pen,353,2.156,2.982,0.394,0.000,3.376,0,3,0
real-pen,354,3.220,3.976,0.202,0.000,4.178,0,3,0
real-pen,355,5.165,5.952,0.173,0.000,6.125,0,2,0
real-pen,356,7.558,8.476,0.275,0.000,8.751,0,2,0
real-pen,357,0.980,2.095,0.367,0.000,2.462,0,2,0
real-pen,358,2.577,3.081,0.183,0.000,3.264,0,3,0
real-pen,359,7.152,8.645,0.350,0.000,8.995,0,2,0
real-pen,360,3.683,5.178,0.509,0.000,5.687,0,3,0
real-pen,361,1.627,2.230,0.238,0.000,2.468,0,3,0
real-pen,362,3.303,4.102,0.215,0.000,4.317,0,2,0
real-pen,363,5.441,6.513,0.238,0.000,6.750,0,2,0
real-pen,364,8.016,9.232,0.291,0.000,9.523,0,2,0
real-pen,365,0.763,1.512,0.175,0.000,1.687,0,3,0
real-pen,366,1.812,2.274,0.170,0.000,2.444,0,2,0
real-pen,367,3.735,4.600,0.301,0.000,4.901,0,2,0
real-pen,368,5.178,6.044,0.263,0.000,6.307,0,2,0
real-pen,369,0.305,17.878,0.288,0.000,18.165,0,1,0
real-pen,370,1.964,2.870,0.290,0.000,3.160,0,2,0
real-pen,371,3.769,4.704,0.300,0.000,5.004,0,2,0
real-pen,372,5.390,6.268,0.328,0.000,6.596,0,3,0
real-pen,373,1.153,2.266,0.309,0.000,2.575,0,4,0
real-pen,374,1.204,1.648,0.186,0.000,1.834,0,4,0
real-pen,375,0.922,1.766,0.229,0.000,1.995,0,2,0
real-pen,376,3.048,4.062,0.278,0.000,4.340,0,2,0
real-pen,377,5.259,6.155,0.259,0.000,6.414,0,2,0
real-pen,378,0.459,1.221,0.277,0.000,1.498,0,2,0
real-pen,379,1.849,2.745,0.263,0.000,3.008,0,3,0
real-pen,380,3.363,4.442,0.344,0.000,4.786,0,2,0
real-pen,381,4.609,5.237,0.164,0.000,5.401,0,2,0
real-pen,382,6.238,6.963,0.226,0.000,7.189,0,2,0
real-pen,383,1.032,1.749,0.233,0.000,1.981,0,2,0
real-pen,384,2.348,3.200,0.444,0.000,3.644,0,2,0
real-pen,385,4.761,5.941,0.230,0.000,6.171,0,2,0
real-pen,386,6.449,7.861,0.277,0.000,8.138,0,2,0
real-pen,387,2.443,3.681,0.245,0.000,3.926,0,3,0
real-pen,388,2.161,3.384,0.314,0.000,3.698,0,2,0
real-pen,389,3.054,4.034,0.199,0.000,4.234,0,2,0
real-pen,390,5.245,6.316,0.235,0.000,6.551,0,2,0
real-pen,391,7.127,7.886,0.201,0.000,8.088,0,3,0
real-pen,392,0.195,0.917,0.187,0.000,1.104,0,3,0
real-pen,393,2.019,2.753,0.258,0.000,3.011,0,1,0
real-pen,394,3.480,4.364,0.269,0.000,4.633,0,1,0
real-pen,395,6.143,7.088,0.216,0.000,7.304,0,1,0
real-pen,396,0.528,1.247,0.201,0.000,1.448,0,2,0
real-pen,397,1.665,2.871,0.318,0.000,3.189,0,1,0
real-pen,398,2.530,3.346,0.244,0.000,3.590,0,1,0
real-pen,399,5.472,7.178,0.320,0.000,7.498,0,1,0
real-pen,400,0.636,1.635,0.436,0.000,2.071,0,4,0
real-pen,401,0.725,1.547,0.181,0.000,1.728,0,2,0
real-pen,402,1.496,2.255,0.240,0.000,2.495,0,1,0
real-pen,403,4.014,4.462,0.131,0.000,4.593,0,1,0
real-pen,404,5.548,6.246,0.127,0.000,6.373,0,1,0
real-pen,405,7.571,8.630,0.153,0.000,8.783,0,1,0
real-pen,406,0.391,1.073,0.129,0.000,1.202,0,2,0
real-pen,407,2.831,3.554,0.263,0.000,3.817,0,2,0
real-pen,408,4.634,5.137,0.139,0.000,5.275,0,1,0
real-pen,409,5.904,6.925,0.247,0.000,7.172,0,1,0
real-pen,410,1.423,2.429,0.135,0.000,2.563,0,2,0
real-pen,411,2.306,2.891,0.173,0.000,3.064,0,1,0
real-pen,412,4.242,5.210,0.159,0.000,5.369,0,1,0
real-pen,413,5.816,7.494,0.355,0.000,7.849,0,2,0
real-pen,414,7.911,8.543,0.125,0.000,8.667,0,3,0
real-pen,415,2.187,3.205,0.208,0.000,3.412,0,2,0
real-pen,416,1.869,2.721,0.219,0.000,2.941,0,2,0
real-pen,417,5.090,6.632,0.266,0.000,6.897,0,2,0
real-pen,418,6.320,6.944,0.177,0.000,7.121,0,2,0
real-pen,419,0.794,1.486,0.190,0.000,1.675,0,3,0
real-pen,420,2.885,3.558,0.197,0.000,3.754,0,3,0
real-pen,421,4.952,5.907,0.267,0.000,6.174,0,2,0
real-pen,422,6.085,6.620,0.201,0.000,6.822,0,2,0
real-pen,423,7.822,8.829,0.245,0.000,9.074,0,3,0
real-pen,424,2.820,4.156,0.202,0.000,4.358,0,4,0
real-pen,425,3.242,3.907,0.167,0.000,4.074,0,1,0
real-pen,426,4.388,5.023,0.130,0.000,5.153,0,1,0
real-pen,427,6.550,7.222,0.215,0.000,7.437,0,1,0
real-pen,428,0.882,1.502,0.104,0.000,1.606,0,1,0
real-pen,429,1.542,2.216,0.223,0.000,2.439,0,1,0
real-pen,430,3.093,3.716,0.217,0.000,3.933,0,1,0
real-pen,431,5.280,6.126,0.253,0.000,6.380,0,1,0
real-pen,432,7.458,8.008,0.161,0.000,8.169,0,1,0
real-pen,433,1.912,3.013,0.333,0.000,3.346,0,2,0
real-pen,434,2.544,3.302,0.191,0.000,3.493,0,1,0
real-pen,435,4.630,5.426,0.142,0.000,5.568,0,1,0
real-pen,436,6.251,7.114,0.292,0.000,7.407,0,1,0
real-pen,437,0.568,1.235,0.187,0.000,1.421,0,2,0
real-pen,438,2.417,3.248,0.244,0.000,3.492,0,1,0
real-pen,439,3.996,4.671,0.150,0.000,4.820,0,1,0
real-pen,440,12.104,15.412,0.321,0.000,15.732,0,1,0
real-pen,441,0.256,1.068,0.199,0.000,1.266,0,2,0
real-pen,442,1.198,1.745,0.130,0.000,1.875,0,2,0
real-pen,443,1.642,2.211,0.184,0.000,2.395,0,2,0
real-pen,444,4.488,5.540,0.436,0.000,5.976,0,2,0
real-pen,445,5.697,6.276,0.167,0.000,6.443,0,3,0
real-pen,446,0.443,1.095,0.172,0.000,1.268,0,1,0
real-pen,447,1.507,2.117,0.275,0.000,2.392,0,2,0
real-pen,448,4.493,5.518,0.342,0.000,5.859,0,1,0
real-pen,449,6.071,6.923,0.397,0.000,7.320,0,1,0
real-pen,450,0.492,1.294,0.216,0.000,1.510,0,1,0
real-pen,451,2.185,3.023,0.195,0.000,3.218,0,2,0
real-pen,452,3.468,4.494,0.336,0.000,4.830,0,1,0
real-pen,453,3.786,4.315,0.149,0.000,4.464,0,1,0
real-pen,454,6.143,7.197,0.444,0.000,7.640,0,1,0
real-pen,455,0.717,1.480,0.122,0.000,1.601,0,2,0
real-pen,456,1.729,2.307,0.162,0.000,2.469,0,1,0
real-pen,457,2.826,3.456,0.133,0.000,3.589,0,1,0
real-pen,458,4.869,5.597,0.279,0.000,5.876,0,1,0
real-pen,459,0.212,0.991,0.310,0.000,1.301,0,1,0
real-pen,460,1.115,1.689,0.231,0.000,1.920,0,1,0
real-pen,461,1.461,2.049,0.148,0.000,2.197,0,1,0
real-pen,462,3.767,4.363,0.197,0.000,4.560,0,1,0
real-pen,463,0.573,1.406,0.262,0.000,1.668,0,2,0
real-pen,464,0.513,1.340,0.218,0.000,1.558,0,2,0
real-pen,465,0.979,2.002,0.314,0.000,2.316,0,1,0
real-pen,466,3.458,4.869,0.254,0.000,5.123,0,1,0
real-pen,467,5.159,6.056,0.206,0.000,6.262,0,1,0
real-pen,468,0.522,1.192,0.199,0.000,1.391,0,2,0
real-pen,469,2.052,2.843,0.225,0.000,3.068,0,2,0
real-pen,470,2.500,3.309,0.279,0.000,3.589,0,1,0
real-pen,471,5.293,6.164,0.245,0.000,6.409,0,1,0
real-pen,472,5.752,6.913,0.325,0.000,7.238,0,1,0
real-pen,473,0.973,1.816,0.167,0.000,1.984,0,2,0
real-pen,474,2.069,2.849,0.248,0.000,3.097,0,1,0
real-pen,475,4.559,5.798,0.209,0.000,6.006,0,1,0
real-pen,476,4.984,5.817,0.158,0.000,5.975,0,2,0
real-pen,477,6.996,7.902,0.269,0.000,8.171,0,2,0
real-pen,478,1.139,1.664,0.216,0.000,1.880,0,2,0
real-pen,479,3.448,5.065,0.506,0.000,5.571,0,2,0
real-pen,480,4.620,5.672,0.164,0.000,5.836,0,2,0
real-pen,481,6.054,6.700,0.235,0.000,6.935,0,2,0
real-pen,482,0.661,1.534,0.194,0.000,1.727,0,2,0
real-pen,483,2.745,3.834,0.237,0.000,4.070,0,3,0
real-pen,484,3.415,4.230,0.248,0.000,4.478,0,2,0
real-pen,485,6.055,6.812,0.217,0.000,7.029,0,3,0
real-pen,486,7.474,8.380,0.178,0.000,8.558,0,2,0
real-pen,487,0.887,1.701,0.307,0.000,2.009,0,2,0
real-pen,488,3.369,4.094,0.286,0.000,4.380,0,2,0
real-pen,489,4.799,5.757,0.273,0.000,6.030,0,2,0
real-pen,490,5.693,6.496,0.400,0.000,6.896,0,2,0
real-pen,491,1.246,1.911,0.176,0.000,2.087,0,2,0
real-pen,492,1.088,1.594,0.122,0.000,1.716,0,2,0
real-pen,493,3.220,3.806,0.204,0.000,4.010,0,3,0
real-pen,494,5.500,6.692,0.483,0.000,7.175,0,1,0
real-pen,495,6.795,7.536,0.726,0.000,8.262,0,1,0
real-pen,496,1.145,1.715,0.286,0.000,2.001,0,2,0
real-pen,497,2.514,3.517,0.135,0.000,3.653,0,1,0
real-pen,498,5.100,6.219,0.207,0.000,6.427,0,1,0
real-pen,499,5.924,6.383,0.156,0.000,6.539,0,1,0
real-pen,500,0.414,1.363,0.310,0.000,1.672,0,1,0
real-pen,501,1.669,2.235,0.278,0.000,2.512,0,1,0
real-pen,502,2.945,3.668,0.138,0.000,3.806,0,1,0
real-pen,503,6.046,6.924,0.238,0.000,7.161,0,1,0
real-pen,504,6.901,7.483,0.126,0.000,7.609,0,1,0
real-pen,505,1.592,2.476,0.220,0.000,2.695,0,2,0
real-pen,506,2.906,3.698,0.155,0.000,3.853,0,1,0
real-pen,507,4.638,5.277,0.253,0.000,5.531,0,1,0
real-pen,508,5.472,6.156,0.355,0.000,6.511,0,1,0
real-pen,509,0.402,1.237,0.211,0.000,1.448,0,1,0
real-pen,510,1.643,2.387,0.142,0.000,2.529,0,1,0
real-pen,511,2.884,3.540,0.161,0.000,3.701,0,1,0
real-pen,512,5.358,6.656,0.142,0.000,6.799,0,1,0
real-pen,513,1.093,2.306,0.235,0.000,2.541,0,2,0
real-pen,514,1.596,2.299,0.222,0.000,2.520,0,2,0
real-pen,515,2.968,3.580,0.133,0.000,3.712,0,2,0
real-pen,516,4.226,4.958,0.210,0.000,5.168,0,2,0
real-pen,517,0.689,4.331,0.146,0.000,4.477,0,4,0
real-pen,518,0.776,1.535,0.343,0.000,1.878,0,2,0
real-pen,519,1.425,1.972,0.126,0.000,2.097,0,2,0
real-pen,520,2.650,3.721,0.180,0.000,3.901,0,3,0
real-pen,521,6.262,7.165,0.340,0.000,7.504,0,1,0
real-pen,522,7.067,7.551,0.153,0.000,7.703,0,1,0
real-pen,523,1.203,1.864,0.194,0.000,2.057,0,2,0
real-pen,524,3.566,5.025,0.331,0.000,5.356,0,1,0
real-pen,525,5.573,7.161,0.501,0.000,7.663,0,1,0
real-pen,526,6.877,7.841,0.171,0.000,8.012,0,1,0
real-pen,527,0.858,1.472,0.221,0.000,1.693,0,2,0
real-pen,528,2.173,2.911,0.170,0.000,3.080,0,1,0
real-pen,529,2.968,3.710,0.212,0.000,3.923,0,1,0
real-pen,530,5.077,6.083,0.190,0.000,6.272,0,1,0
real-pen,531,0.428,1.353,0.159,0.000,1.512,0,2,0
real-pen,532,2.089,2.590,0.119,0.000,2.709,0,1,0
real-pen,533,3.087,3.693,0.135,0.000,3.828,0,1,0
real-pen,534,4.809,5.406,0.161,0.000,5.567,0,1,0
real-pen,535,6.443,7.206,0.175,0.000,7.381,0,1,0
real-pen,536,2.837,4.226,0.610,0.000,4.836,0,2,0
real-pen,537,2.663,3.319,0.230,0.000,3.550,0,2,0
real-pen,538,4.231,4.707,0.137,0.000,4.844,0,3,0
real-pen,539,7.154,8.313,0.313,0.000,8.626,0,2,0
real-pen,540,6.944,7.649,0.290,0.000,7.939,0,2,0
real-pen,541,8.810,9.596,0.252,0.000,9.848,0,2,0
real-pen,542,4.483,5.092,0.197,0.000,5.289,0,4,0
real-pen,543,7.164,8.260,0.336,0.000,8.596,0,2,0
real-pen,544,0.343,1.491,0.280,0.000,1.771,0,3,0
real-pen,545,2.287,2.986,0.146,0.000,3.132,0,1,0
real-pen,546,4.774,5.716,0.296,0.000,6.012,0,1,0
real-pen,547,5.808,6.914,0.346,0.000,7.260,0,1,0
real-pen,548,0.230,0.767,0.150,0.000,0.917,0,2,0
real-pen,549,1.071,1.759,0.152,0.000,1.912,0,1,0
real-pen,550,2.753,3.520,0.335,0.000,3.856,0,1,0
real-pen,551,4.108,4.961,0.258,0.000,5.220,0,1,0
real-pen,552,5.828,6.589,0.199,0.000,6.788,0,1,0
real-pen,553,0.596,2.043,0.309,0.000,2.353,0,2,0
real-pen,554,3.414,4.838,0.306,0.000,5.144,0,2,0
real-pen,555,3.979,5.225,0.261,0.000,5.486,0,1,0
real-pen,556,6.052,7.031,0.229,0.000,7.259,0,1,0
real-pen,557,0.401,1.286,0.285,0.000,1.572,0,4,0
real-pen,558,1.194,1.750,0.145,0.000,1.895,0,1,0
real-pen,559,2.360,3.434,0.222,0.000,3.656,0,1,0
real-pen,560,5.354,6.463,0.312,0.000,6.775,0,1,0
real-pen,561,6.799,7.673,0.196,0.000,7.868,0,1,0
real-pen,562,1.047,1.652,0.143,0.000,1.795,0,2,0
real-pen,563,1.991,2.574,0.159,0.000,2.732,0,1,0
real-pen,564,10.099,11.944,0.217,0.000,12.161,0,1,0
real-pen,565,11.372,12.689,0.283,0.000,12.973,0,3,0
real-pen,566,1.954,2.709,0.245,0.000,2.954,0,2,0
real-pen,567,2.127,2.670,0.180,0.000,2.850,0,2,0
real-pen,568,4.584,5.214,0.141,0.000,5.355,0,3,0
real-pen,569,6.084,6.709,0.200,0.000,6.909,0,1,0
real-pen,570,0.546,1.627,0.205,0.000,1.832,0,1,0
real-pen,571,4.455,5.792,0.537,0.000,6.330,0,1,0
real-pen,572,4.106,5.167,0.186,0.000,5.353,0,3,0
real-pen,573,4.978,5.742,0.177,0.000,5.919,0,2,0
real-pen,574,6.260,6.743,0.143,0.000,6.886,0,2,0
real-pen,575,1.009,1.589,0.182,0.000,1.771,0,2,0
real-pen,576,3.294,3.944,0.155,0.000,4.099,0,2,0
real-pen,577,4.741,5.616,0.347,0.000,5.964,0,2,0
real-pen,578,0.368,15.069,0.166,0.000,15.235,0,1,0
real-pen,579,3.713,16.733,0.807,0.000,17.540,0,1,0
real-pen,580,0.651,6.066,0.236,0.000,6.301,0,1,0
real-pen,581,2.538,3.440,0.290,0.000,3.730,0,3,0
real-pen,582,2.731,3.284,0.132,0.000,3.416,0,2,0
real-pen,583,3.371,4.066,0.149,0.000,4.215,0,2,0
real-pen,584,5.110,5.524,0.123,0.000,5.647,0,2,0
real-pen,585,7.148,7.654,0.126,0.000,7.779,0,2,0
real-pen,586,0.618,1.385,0.143,0.000,1.528,0,2,0
real-pen,587,2.921,3.521,0.224,0.000,3.745,0,2,0
real-pen,588,3.656,4.648,0.195,0.000,4.842,0,2,0
real-pen,589,5.801,6.355,0.177,0.000,6.532,0,2,0
real-pen,590,0.513,1.346,0.247,0.000,1.593,0,2,0
real-pen,591,2.712,3.555,0.150,0.000,3.705,0,2,0
real-pen,592,3.747,4.725,0.316,0.000,5.041,0,2,0
real-pen,593,4.525,5.024,0.167,0.000,5.191,0,2,0
real-pen,594,5.870,7.411,0.522,0.000,7.933,0,3,0
real-pen,595,2.002,3.812,0.337,0.000,4.149,0,2,0
real-pen,596,1.747,2.704,0.132,0.000,2.837,0,2,0
real-pen,597,4.236,4.844,0.218,0.000,5.063,0,2,0
real-pen,598,6.145,6.898,0.202,0.000,7.100,0,2,0
real-pen,599,0.669,1.390,0.231,0.000,1.621,0,2,0
real-pen,600,1.875,2.858,0.198,0.000,3.056,0,3,0
real-pen,601,3.390,4.029,0.191,0.000,4.220,0,1,0
real-pen,602,5.540,6.176,0.219,0.000,6.394,0,1,0
real-pen,603,0.254,0.861,0.163,0.000,1.024,0,1,0
real-pen,604,1.794,2.582,0.233,0.000,2.815,0,2,0
real-pen,605,3.459,4.446,0.253,0.000,4.699,0,1,0
real-pen,606,5.637,6.471,0.338,0.000,6.810,0,1,0
real-pen,607,6.561,8.482,0.282,0.000,8.765,0,1,0
real-pen,608,1.453,2.619,0.325,0.000,2.944,0,2,0
real-pen,609,2.318,3.823,0.300,0.000,4.123,0,1,0
real-pen,610,3.763,4.370,0.193,0.000,4.563,0,1,0
real-pen,611,4.155,5.088,0.206,0.000,5.294,0,1,0
real-pen,612,0.285,1.070,0.207,0.000,1.277,0,1,0
real-pen,613,2.153,2.885,0.252,0.000,3.137,0,1,0
real-pen,614,3.154,3.838,0.199,0.000,4.037,0,1,0
real-pen,615,5.900,7.193,0.238,0.000,7.431,0,2,0
real-pen,616,6.709,7.355,0.212,0.000,7.567,0,2,0
real-pen,617,1.148,1.754,0.226,0.000,1.980,0,2,0
real-pen,618,1.861,2.738,0.182,0.000,2.919,0,2,0
real-pen,619,3.238,3.699,0.134,0.000,3.833,0,3,0
real-pen,620,4.926,5.779,0.298,0.000,6.078,0,3,0
real-pen,621,9.038,10.405,0.344,0.000,10.749,0,3,0
real-pen,622,0.749,1.763,0.245,0.000,2.007,0,2,0
real-pen,623,2.461,3.690,0.288,0.000,3.978,0,3,0
real-pen,624,4.490,5.614,0.289,0.000,5.903,0,2,0
real-pen,625,5.369,6.273,0.238,0.000,6.510,0,2,0
real-pen,626,1.025,2.219,0.279,0.000,2.498,0,2,0
real-pen,627,2.276,3.110,0.293,0.000,3.403,0,2,0
real-pen,628,4.310,4.952,0.258,0.000,5.210,0,2,0
real-pen,629,5.798,6.670,0.233,0.000,6.903,0,2,0
real-pen,630,7.511,8.285,0.237,0.000,8.521,0,2,0
real-pen,631,1.311,2.128,0.283,0.000,2.411,0,3,0
real-pen,632,2.058,2.580,0.113,0.000,2.693,0,2,0
real-pen,633,3.374,3.893,0.129,0.000,4.022,0,2,0
real-pen,634,6.158,6.795,0.218,0.000,7.013,0,2,0
real-pen,635,2.291,3.432,0.255,0.000,3.687,0,2,0
real-pen,636,3.126,4.149,0.294,0.000,4.443,0,2,0
real-pen,637,4.673,5.518,0.238,0.000,5.756,0,2,0
real-pen,638,5.402,6.266,0.214,0.000,6.481,0,2,0
real-pen,0,2.285,8.652,0.646,0.000,9.298,0,4,0
real-pen,1,14.147,25.503,2.210,0.000,27.713,0,2,0
real-pen,2,2.952,3.881,0.579,0.000,4.460,0,2,0
real-pen,3,11.694,12.873,0.490,0.000,13.363,0,2,0
real-pen,4,11.307,12.593,0.452,0.000,13.044,0,2,0
real-pen,5,7.611,8.675,0.456,0.000,9.131,0,2,0
real-pen,6,11.341,12.412,0.432,0.000,12.844,0,2,0
real-pen,7,11.770,13.055,0.467,0.000,13.523,0,2,0
real-pen,8,5.417,6.534,0.394,0.000,6.928,0,2,0
real-pen,9,4.341,5.415,0.400,0.000,5.816,0,2,0
real-pen,10,5.763,6.897,0.376,0.000,7.273,0,2,0
real-pen,11,4.593,5.746,0.700,0.000,6.446,0,2,0
real-pen,12,4.052,5.128,0.590,0.000,5.717,0,2,0
real-pen,13,12.476,13.543,0.376,0.000,13.919,0,2,0
real-pen,14,2.499,3.681,0.450,0.000,4.131,0,2,0
real-pen,15,2.456,3.759,0.417,0.000,4.176,0,2,0
real-pen,16,0.478,12.644,0.424,0.000,13.068,0,1,0
real-pen,17,13.821,14.968,0.377,0.000,15.345,0,2,0
real-pen,18,5.814,6.795,0.395,0.000,7.189,0,2,0
real-pen,19,9.074,10.137,0.623,0.000,10.760,0,2,0
real-pen,20,9.298,10.428,0.393,0.000,10.822,0,2,0
real-pen,21,4.123,5.177,0.429,0.000,5.606,0,3,0
real-pen,22,8.194,9.166,0.366,0.000,9.532,0,2,0
real-pen,23,7.938,8.910,0.388,0.000,9.298,0,2,0
real-pen,24,4.709,6.197,0.425,0.000,6.621,0,2,0
real-pen,25,4.176,5.192,0.409,0.000,5.601,0,2,0
real-pen,26,3.071,4.054,0.416,0.000,4.471,0,2,0
real-pen,27,3.180,4.212,0.406,0.000,4.618,0,2,0
real-pen,28,4.467,5.436,0.618,0.000,6.054,0,2,0
real-pen,29,7.516,8.861,0.445,0.000,9.306,0,2,0
real-pen,30,3.736,4.749,0.436,0.000,5.184,0,2,0
real-pen,31,13.549,14.617,0.407,0.000,15.024,0,2,0
real-pen,32,9.192,10.209,0.438,0.000,10.647,0,2,0
real-pen,33,12.854,14.239,0.529,0.000,14.768,0,2,0
real-pen,34,11.281,12.325,0.403,0.000,12.727,0,2,0
real-pen,35,6.615,7.583,0.392,0.000,7.974,0,2,0
real-pen,36,9.019,9.974,0.417,0.000,10.391,0,2,0
real-pen,37,7.069,8.023,0.589,0.000,8.611,0,2,0
real-pen,38,5.327,6.481,0.364,0.000,6.845,0,2,0
real-pen,39,5.573,6.760,0.422,0.000,7.182,0,2,0
real-pen,40,3.542,4.448,0.456,0.000,4.904,0,3,0
real-pen,41,10.534,11.577,0.366,0.000,11.943,0,2,0
real-pen,42,7.919,9.167,0.441,0.000,9.608,0,2,0
real-pen,43,3.978,4.877,0.345,0.000,5.222,0,2,0
real-pen,44,3.564,4.648,0.390,0.000,5.037,0,2,0
real-pen,45,0.878,2.091,0.357,0.000,2.448,0,3,0
real-pen,46,4.605,5.470,0.373,0.000,5.843,0,2,0
real-pen,47,3.778,4.718,0.364,0.000,5.082,0,2,0
real-pen,48,4.369,5.287,0.405,0.000,5.692,0,2,0
real-pen,49,7.365,8.279,0.378,0.000,8.657,0,2,0
real-pen,50,10.186,11.136,0.400,0.000,11.535,0,2,0
real-pen,51,0.720,10.295,0.339,0.000,10.633,0,1,0
real-pen,52,0.870,8.605,0.413,0.000,9.018,0,1,0
real-pen,53,0.414,8.187,0.405,0.000,8.591,0,1,0
real-pen,54,8.603,9.974,0.344,0.000,10.318,0,3,0
real-pen,55,3.821,4.839,0.395,0.000,5.234,0,2,0
real-pen,56,5.658,6.758,0.407,0.000,7.165,0,2,0
real-pen,57,3.134,4.257,0.388,0.000,4.645,0,2,0
real-pen,58,1.065,2.423,0.432,0.000,2.855,0,2,0
real-pen,59,2.778,3.737,0.424,0.000,4.160,0,2,0
real-pen,60,11.092,12.072,0.428,0.000,12.500,0,2,0
real-pen,61,8.460,9.448,0.440,0.000,9.888,0,2,0
real-pen,62,3.239,4.216,0.374,0.000,4.591,0,2,0
real-pen,63,9.787,10.845,0.425,0.000,11.270,0,2,0
real-pen,64,6.352,7.392,0.381,0.000,7.773,0,2,0
real-pen,65,7.166,8.144,0.421,0.000,8.565,0,2,0
real-pen,66,9.240,10.292,0.405,0.000,10.697,0,2,0
real-pen,67,5.627,7.085,0.388,0.000,7.473,0,2,0
real-pen,68,3.303,4.269,0.385,0.000,4.654,0,2,0
real-pen,69,4.572,5.604,0.551,0.000,6.155,0,2,0
real-pen,70,15.262,16.220,0.597,0.000,16.817,0,2,0
real-pen,71,7.864,8.810,0.415,0.000,9.225,0,2,0
real-pen,72,13.186,14.232,0.641,0.000,14.873,0,2,0
real-pen,73,8.365,9.512,0.389,0.000,9.901,0,2,0
real-pen,74,10.653,11.679,0.380,0.000,12.059,0,2,0
real-pen,75,7.237,8.365,0.515,0.000,8.879,0,2,0
real-pen,76,5.222,6.142,0.343,0.000,6.485,0,2,0
real-pen,77,2.537,3.563,0.531,0.000,4.094,0,2,0
real-pen,78,3.876,5.041,0.637,0.000,5.678,0,2,0
real-pen,79,0.685,1.911,0.402,0.000,2.312,0,2,0
real-pen,80,9.878,11.070,0.395,0.000,11.465,0,2,0
real-pen,81,5.190,6.202,0.422,0.000,6.624,0,2,0
real-pen,82,7.955,9.046,0.391,0.000,9.437,0,2,0
real-pen,83,9.618,10.752,0.373,0.000,11.125,0,2,0
real-pen,84,5.028,6.037,0.409,0.000,6.446,0,2,0
real-pen,85,6.631,7.693,0.401,0.000,8.095,0,2,0
real-pen,86,2.755,3.728,0.389,0.000,4.117,0,2,0
real-pen,87,4.420,5.457,0.565,0.000,6.022,0,2,0
real-pen,88,9.755,10.871,0.419,0.000,11.290,0,2,0
real-pen,89,12.821,13.917,0.372,0.000,14.289,0,2,0
real-pen,90,12.664,14.011,0.453,0.000,14.464,0,2,0
real-pen,91,10.337,11.354,0.379,0.000,11.733,0,2,0
real-pen,92,10.229,11.279,0.461,0.000,11.740,0,2,0
real-pen,93,2.885,3.931,0.459,0.000,4.389,0,2,0
real-pen,94,7.661,8.688,0.377,0.000,9.064,0,2,0
real-pen,95,9.977,11.831,0.348,0.000,12.179,0,2,0
real-pen,96,8.992,10.095,0.573,0.000,10.668,0,2,0
real-pen,97,11.708,12.914,0.344,0.000,13.257,0,2,0
real-pen,98,10.829,11.813,0.393,0.000,12.206,0,2,0
real-pen,99,8.705,9.738,0.408,0.000,10.146,0,2,0
real-pen,100,8.304,9.287,0.391,0.000,9.678,0,2,0
real-pen,101,8.134,9.152,0.421,0.000,9.573,0,2,0
real-pen,102,8.094,9.187,0.416,0.000,9.603,0,3,0
real-pen,103,4.245,5.351,0.477,0.000,5.828,0,2,0
real-pen,104,5.217,6.205,0.445,0.000,6.650,0,2,0
real-pen,105,3.645,4.758,0.880,0.000,5.638,0,2,0
real-pen,106,8.116,9.373,0.375,0.000,9.749,0,2,0
real-pen,107,2.312,3.328,0.431,0.000,3.759,0,2,0
real-pen,108,4.446,5.436,0.379,0.000,5.814,0,2,0
real-pen,109,7.692,8.863,0.371,0.000,9.233,0,2,0
real-pen,110,7.336,8.380,0.393,0.000,8.773,0,2,0
real-pen,111,0.528,4.508,0.390,0.000,4.897,0,2,0
real-pen,112,4.441,5.430,0.349,0.000,5.779,0,2,0
real-pen,113,5.770,6.812,0.369,0.000,7.182,0,2,0
real-pen,114,3.276,8.435,0.364,0.000,8.799,0,4,0
real-pen,115,1.380,2.517,0.594,0.000,3.110,0,1,0
real-pen,116,0.631,1.686,0.437,0.000,2.124,0,1,0
real-pen,117,3.467,4.526,0.397,0.000,4.923,0,1,0
real-pen,118,6.982,8.091,0.448,0.000,8.539,0,1,0
real-pen,119,4.484,5.663,0.377,0.000,6.040,0,1,0
real-pen,120,11.152,12.270,0.358,0.000,12.628,0,2,0
real-pen,121,5.899,6.953,0.490,0.000,7.444,0,2,0
real-pen,122,6.840,8.041,0.412,0.000,8.453,0,1,0
real-pen,123,3.796,5.033,0.465,0.000,5.497,0,1,0
real-pen,124,11.029,12.707,0.404,0.000,13.111,0,1,0
real-pen,125,8.870,9.946,0.409,0.000,10.355,0,1,0
real-pen,126,6.870,7.995,0.389,0.000,8.384,0,1,0
real-pen,127,7.569,8.632,0.388,0.000,9.020,0,1,0
real-pen,128,5.377,6.840,0.520,0.000,7.360,0,1,0
real-pen,129,6.674,7.758,0.380,0.000,8.138,0,2,0
real-pen,130,0.665,3.050,0.348,0.000,3.398,0,2,0
real-pen,131,4.207,5.413,0.581,0.000,5.994,0,2,0
real-pen,132,4.815,5.885,0.412,0.000,6.297,0,2,0
real-pen,133,10.962,11.941,0.408,0.000,12.350,0,2,0
real-pen,134,14.077,15.102,0.455,0.000,15.557,0,2,0
real-pen,135,5.990,6.945,0.460,0.000,7.405,0,2,0
real-pen,136,11.426,12.589,0.502,0.000,13.091,0,2,0
real-pen,137,2.753,3.795,0.445,0.000,4.240,0,2,0
real-pen,138,8.171,9.886,0.427,0.000,10.313,0,2,0
real-pen,139,7.701,8.627,0.399,0.000,9.026,0,2,0
real-pen,140,8.346,9.289,0.393,0.000,9.683,0,2,0
real-pen,141,0.739,1.682,0.390,0.000,2.072,0,2,0
real-pen,142,5.544,6.490,0.376,0.000,6.866,0,2,0
real-pen,143,4.688,5.633,0.402,0.000,6.035,0,2,0
real-pen,144,2.348,3.354,0.394,0.000,3.748,0,2,0
real-pen,145,7.872,8.831,0.381,0.000,9.212,0,2,0
real-pen,146,0.904,14.585,0.405,0.000,14.989,0,2,0
real-pen,147,14.047,15.096,0.400,0.000,15.496,0,1,0
real-pen,148,6.567,7.628,0.411,0.000,8.039,0,1,0
real-pen,149,12.281,13.297,0.388,0.000,13.685,0,1,0
real-pen,150,6.390,7.506,0.507,0.000,8.013,0,1,0
real-pen,151,7.359,8.469,0.414,0.000,8.883,0,1,0
real-pen,152,7.251,8.380,0.512,0.000,8.892,0,1,0
real-pen,153,1.992,4.008,0.330,0.000,4.337,0,1,0
real-pen,154,4.560,5.986,0.409,0.000,6.395,0,1,0
real-pen,155,0.590,1.964,0.491,0.000,2.454,0,1,0
real-pen,156,9.369,10.579,0.359,0.000,10.938,0,2,0
real-pen,157,1.967,2.897,0.359,0.000,3.256,0,2,0
real-pen,158,11.732,12.760,0.356,0.000,13.117,0,2,0
real-pen,159,7.852,8.953,0.420,0.000,9.373,0,2,0
real-pen,160,5.787,6.883,0.375,0.000,7.258,0,4,0
real-pen,161,7.929,8.959,0.409,0.000,9.368,0,1,0
real-pen,162,2.677,3.741,0.367,0.000,4.108,0,1,0
real-pen,163,7.307,8.366,0.349,0.000,8.715,0,1,0
real-pen,164,7.331,8.378,0.373,0.000,8.751,0,1,0
real-pen,165,2.837,3.885,0.352,0.000,4.237,0,1,0
real-pen,166,3.754,5.912,0.345,0.000,6.257,0,1,0
real-pen,167,4.261,5.228,0.353,0.000,5.581,0,1,0
real-pen,168,1.298,2.612,0.330,0.000,2.941,0,2,0
real-pen,169,3.938,5.004,0.441,0.000,5.445,0,2,0
real-pen,170,5.597,6.516,0.348,0.000,6.864,0,2,0
real-pen,171,3.200,4.138,0.380,0.000,4.517,0,2,0
real-pen,172,4.544,5.449,0.370,0.000,5.819,0,2,0
real-pen,173,6.188,7.080,0.409,0.000,7.489,0,2,0
real-pen,174,3.231,4.109,0.575,0.000,4.684,0,2,0
real-pen,175,3.837,4.791,0.410,0.000,5.200,0,2,0
real-pen,176,6.876,8.919,0.338,0.000,9.257,0,3,0
real-pen,177,7.328,8.428,0.439,0.000,8.867,0,1,0
real-pen,178,6.879,7.896,0.413,0.000,8.309,0,1,0
real-pen,179,3.807,4.927,0.511,0.000,5.438,0,1,0
real-pen,180,11.948,13.022,0.391,0.000,13.413,0,1,0
real-pen,181,13.461,14.535,0.409,0.000,14.944,0,1,0
real-pen,182,8.141,9.441,0.342,0.000,9.783,0,1,0
real-pen,183,7.959,9.202,0.512,0.000,9.713,0,1,0
real-pen,184,5.152,6.388,0.419,0.000,6.807,0,1,0
real-pen,185,6.821,8.114,0.368,0.000,8.481,0,1,0
real-pen,186,0.725,2.031,0.337,0.000,2.368,0,2,0
real-pen,187,4.326,5.502,0.415,0.000,5.916,0,2,0
real-pen,188,3.165,4.582,0.416,0.000,4.998,0,2,0
real-pen,189,0.788,1.816,0.432,0.000,2.248,0,2,0
real-pen,190,13.773,14.811,0.389,0.000,15.200,0,2,0
real-pen,191,11.349,12.500,0.610,0.000,13.110,0,2,0
real-pen,192,5.336,6.497,0.441,0.000,6.938,0,2,0
real-pen,193,7.009,8.124,0.430,0.000,8.554,0,2,0
real-pen,194,7.902,9.362,0.322,0.000,9.684,0,2,0
real-pen,195,0.551,1.605,0.418,0.000,2.023,0,1,0
real-pen,196,4.317,6.074,0.400,0.000,6.473,0,1,0
real-pen,197,2.841,4.008,0.440,0.000,4.448,0,1,0
real-pen,198,13.535,14.920,0.387,0.000,15.307,0,1,0
real-pen,199,10.385,11.534,0.452,0.000,11.986,0,2,0
real-pen,200,9.395,10.618,0.634,0.000,11.252,0,1,0
real-pen,201,1.570,2.955,0.353,0.000,3.308,0,2,0
real-pen,202,4.778,6.085,0.377,0.000,6.462,0,2,0
real-pen,203,5.060,6.167,0.425,0.000,6.591,0,2,0
real-pen,204,7.874,9.090,0.354,0.000,9.444,0,2,0
real-pen,205,1.106,16.992,0.420,0.000,17.412,0,2,0
real-pen,206,3.362,4.547,0.413,0.000,4.960,0,1,0
real-pen,207,13.190,14.492,0.423,0.000,14.914,0,1,0
real-pen,208,1.131,2.304,0.462,0.000,2.766,0,2,0
real-pen,209,5.940,7.106,0.596,0.000,7.702,0,1,0
real-pen,210,8.534,9.831,0.410,0.000,10.241,0,1,0
real-pen,211,6.115,8.336,0.321,0.000,8.657,0,1,0
real-pen,212,3.174,4.756,0.346,0.000,5.101,0,2,0
real-pen,213,8.718,9.870,0.433,0.000,10.303,0,2,0
real-pen,214,3.288,4.726,0.399,0.000,5.124,0,2,0
real-pen,215,10.329,11.541,0.333,0.000,11.874,0,2,0
real-pen,216,4.850,5.886,0.418,0.000,6.304,0,2,0
real-pen,217,0.709,5.857,0.376,0.000,6.234,0,1,0
real-pen,218,3.614,4.778,0.412,0.000,5.190,0,2,0
real-pen,219,3.629,4.950,0.442,0.000,5.392,0,2,0
real-pen,220,0.939,2.066,0.468,0.000,2.534,0,2,0
real-pen,221,14.278,15.738,0.371,0.000,16.108,0,2,0
real-pen,222,12.603,13.915,0.388,0.000,14.304,0,1,0
real-pen,223,7.693,9.300,0.381,0.000,9.681,0,2,0
real-pen,224,13.532,14.747,0.461,0.000,15.208,0,1,0
real-pen,225,12.251,13.500,0.385,0.000,13.884,0,1,0
real-pen,226,5.562,7.270,0.582,0.000,7.852,0,2,0
real-pen,227,4.306,5.639,0.628,0.000,6.267,0,1,0
real-pen,228,8.787,10.060,0.378,0.000,10.437,0,2,0
real-pen,229,3.278,4.546,0.403,0.000,4.948,0,1,0
real-pen,230,4.500,6.231,0.530,0.000,6.761,0,1,0
real-pen,231,5.092,6.432,0.393,0.000,6.826,0,1,0
real-pen,232,2.665,4.120,0.394,0.000,4.515,0,2,0
real-pen,233,0.857,2.067,0.447,0.000,2.514,0,1,0
real-pen,234,6.926,8.174,0.412,0.000,8.586,0,1,0
real-pen,235,11.745,16.283,0.342,0.000,16.625,0,1,0
real-pen,236,2.985,4.311,0.708,0.000,5.019,0,2,0
real-pen,237,0.474,12.471,0.439,0.000,12.910,0,1,0
real-pen,238,5.641,6.805,0.372,0.000,7.177,0,2,0
real-pen,239,7.031,8.142,0.385,0.000,8.527,0,2,0
real-pen,240,10.512,11.588,0.416,0.000,12.004,0,2,0
real-pen,241,10.460,11.804,0.377,0.000,12.181,0,2,0
real-pen,242,5.496,6.663,0.423,0.000,7.086,0,2,0
real-pen,243,6.647,7.691,0.492,0.000,8.182,0,2,0
real-pen,244,5.239,6.386,0.436,0.000,6.822,0,2,0
real-pen,245,5.517,6.521,0.479,0.000,7.000,0,2,0
real-pen,246,4.386,5.376,0.469,0.000,5.844,0,2,0
real-pen,247,3.345,4.318,0.476,0.000,4.794,0,2,0
real-pen,248,2.551,3.485,0.432,0.000,3.916,0,2,0
real-pen,249,1.262,2.212,0.460,0.000,2.672,0,2,0
real-pen,250,3.360,4.434,0.445,0.000,4.879,0,2,0
real-pen,251,12.218,13.161,0.483,0.000,13.644,0,2,0
real-pen,252,14.428,15.413,0.450,0.000,15.863,0,2,0
real-pen,253,8.075,8.991,0.410,0.000,9.401,0,2,0
real-pen,254,12.465,13.425,0.475,0.000,13.901,0,2,0
real-pen,255,12.315,13.340,0.460,0.000,13.800,0,2,0
real-pen,256,2.423,3.593,0.420,0.000,4.013,0,2,0
real-pen,257,7.525,8.439,0.432,0.000,8.871,0,2,0
real-pen,258,6.884,7.810,0.377,0.000,8.187,0,2,0
real-pen,259,11.687,13.181,0.527,0.000,13.708,0,2,0
real-pen,260,4.230,5.216,0.403,0.000,5.619,0,2,0
real-pen,261,3.915,4.877,0.415,0.000,5.292,0,2,0
real-pen,262,2.974,4.120,0.372,0.000,4.492,0,2,0
real-pen,263,0.358,1.254,0.385,0.000,1.638,0,2,0
real-pen,264,0.487,10.054,0.429,0.000,10.483,0,1,0
real-pen,265,5.995,6.907,0.383,0.000,7.290,0,2,0
real-pen,266,0.483,12.829,0.428,0.000,13.257,0,1,0
real-pen,267,3.382,4.330,0.381,0.000,4.711,0,2,0
real-pen,268,9.764,10.753,0.451,0.000,11.203,0,2,0
real-pen,269,10.792,11.867,0.407,0.000,12.274,0,2,0
real-pen,270,8.442,9.335,0.390,0.000,9.725,0,2,0
real-pen,271,9.217,10.298,0.420,0.000,10.718,0,2,0
real-pen,272,4.303,5.247,0.376,0.000,5.623,0,2,0
real-pen,273,4.734,5.756,0.396,0.000,6.151,0,2,0
real-pen,274,4.571,5.433,0.441,0.000,5.875,0,2,0
real-pen,275,0.455,14.258,0.400,0.000,14.659,0,1,0
real-pen,276,0.887,12.879,0.373,0.000,13.252,0,1,0
real-pen,277,0.365,1.467,0.528,0.000,1.995,0,3,0
real-pen,278,10.213,11.194,0.425,0.000,11.619,0,2,0
real-pen,279,5.879,7.102,0.441,0.000,7.543,0,2,0
real-pen,280,7.228,8.260,0.407,0.000,8.667,0,2,0
real-pen,281,6.354,7.220,0.411,0.000,7.631,0,2,0
real-pen,282,2.529,3.462,0.405,0.000,3.866,0,2,0
real-pen,283,0.572,1.596,0.440,0.000,2.036,0,2,0
real-pen,284,4.133,5.308,0.385,0.000,5.694,0,2,0
real-pen,285,7.299,8.546,0.406,0.000,8.952,0,2,0
real-pen,286,6.178,7.723,0.337,0.000,8.060,0,2,0
real-pen,287,13.526,14.570,0.442,0.000,15.012,0,2,0
real-pen,288,13.437,14.404,0.436,0.000,14.840,0,2,0
real-pen,289,7.945,8.946,0.429,0.000,9.374,0,2,0
real-pen,290,11.795,12.838,0.426,0.000,13.264,0,2,0
real-pen,291,4.409,5.375,0.441,0.000,5.816,0,2,0
real-pen,292,2.123,3.135,0.388,0.000,3.523,0,2,0
real-pen,293,2.792,3.692,0.370,0.000,4.062,0,2,0
real-pen,294,0.657,13.620,0.446,0.000,14.066,0,1,0
real-pen,295,5.709,6.807,0.372,0.000,7.178,0,4,0
real-pen,296,6.695,7.878,0.535,0.000,8.413,0,2,0
real-pen,297,2.305,3.935,0.371,0.000,4.306,0,3,0
real-pen,298,7.153,8.252,0.451,0.000,8.703,0,1,0
real-pen,299,8.470,9.545,0.408,0.000,9.953,0,1,0
real-pen,300,3.341,4.765,0.388,0.000,5.153,0,1,0
real-pen,301,3.508,5.032,0.363,0.000,5.395,0,1,0
real-pen,302,3.137,4.253,0.415,0.000,4.668,0,1,0
real-pen,303,14.160,15.186,0.390,0.000,15.576,0,1,0
real-pen,304,12.577,14.013,0.493,0.000,14.506,0,1,0
real-pen,305,11.863,12.964,0.401,0.000,13.366,0,1,0
real-pen,306,5.223,6.225,0.417,0.000,6.642,0,1,0
real-pen,307,8.631,9.695,0.420,0.000,10.115,0,1,0
real-pen,308,7.304,8.351,0.363,0.000,8.714,0,1,0
real-pen,309,2.959,4.014,0.380,0.000,4.394,0,2,0
real-pen,310,3.329,4.356,0.406,0.000,4.762,0,1,0
real-pen,311,3.071,4.031,0.389,0.000,4.420,0,1,0
real-pen,312,3.039,4.043,0.353,0.000,4.396,0,1,0
real-pen,313,0.979,17.798,0.499,0.000,18.298,0,1,0
real-pen,314,10.623,11.777,0.412,0.000,12.189,0,2,0
real-pen,315,1.032,2.836,0.382,0.000,3.218,0,2,0
real-pen,316,6.471,7.411,0.364,0.000,7.775,0,2,0
real-pen,317,11.501,12.573,0.390,0.000,12.964,0,4,0
real-pen,318,4.203,5.240,0.428,0.000,5.667,0,1,0
real-pen,319,6.918,7.927,0.492,0.000,8.419,0,1,0
real-pen,320,8.777,9.753,0.369,0.000,10.122,0,2,0
real-pen,321,10.465,11.391,0.390,0.000,11.781,0,1,0
real-pen,322,4.721,5.751,0.398,0.000,6.149,0,1,0
real-pen,323,3.361,4.315,0.389,0.000,4.704,0,1,0
real-pen,324,10.221,11.596,0.342,0.000,11.938,0,2,0
real-pen,325,7.018,8.311,0.344,0.000,8.655,0,2,0
real-pen,326,3.720,4.809,0.397,0.000,5.206,0,2,0
real-pen,327,3.845,4.938,0.431,0.000,5.369,0,2,0
real-pen,328,0.215,1.322,0.307,0.000,1.629,0,4,0
real-pen,329,7.415,8.520,0.450,0.000,8.970,0,1,0
real-pen,330,5.151,6.257,0.456,0.000,6.713,0,1,0
real-pen,331,3.716,5.717,0.370,0.000,6.087,0,1,0
real-pen,332,10.056,11.661,0.317,0.000,11.978,0,1,0
real-pen,333,8.108,9.263,0.436,0.000,9.699,0,2,0
real-pen,334,5.438,6.610,0.405,0.000,7.016,0,1,0
real-pen,335,4.050,5.172,0.363,0.000,5.535,0,1,0
real-pen,336,2.024,7.380,0.336,0.000,7.715,0,1,0
real-pen,337,0.419,8.717,0.327,0.000,9.044,0,1,0
real-pen,338,10.755,11.860,0.417,0.000,12.277,0,2,0
real-pen,339,8.691,9.737,0.425,0.000,10.162,0,2,0
real-pen,340,0.447,12.789,0.429,0.000,13.218,0,1,0
real-pen,341,11.790,12.785,0.423,0.000,13.209,0,2,0
real-pen,342,10.960,11.966,0.451,0.000,12.416,0,2,0
real-pen,343,8.593,9.680,0.500,0.000,10.180,0,2,0
real-pen,344,4.030,5.134,0.309,0.000,5.444,0,4,0
real-pen,345,4.896,6.239,0.410,0.000,6.649,0,1,0
real-pen,346,0.465,1.598,0.342,0.000,1.939,0,2,0
real-pen,347,9.668,10.891,0.440,0.000,11.331,0,1,0
real-pen,348,2.399,3.670,0.407,0.000,4.076,0,2,0
real-pen,349,11.383,12.887,0.329,0.000,13.216,0,1,0
real-pen,350,10.033,11.201,0.422,0.000,11.622,0,2,0
real-pen,351,6.596,7.835,0.484,0.000,8.319,0,2,0
real-pen,352,2.598,3.930,0.381,0.000,4.311,0,1,0
real-pen,353,8.882,10.013,0.460,0.000,10.473,0,2,0
real-pen,354,11.650,12.946,0.378,0.000,13.324,0,1,0
real-pen,355,13.015,14.293,0.379,0.000,14.671,0,1,0
real-pen,356,7.831,8.975,0.459,0.000,9.434,0,2,0
real-pen,357,9.850,11.008,0.437,0.000,11.445,0,1,0
real-pen,358,5.293,6.644,0.336,0.000,6.979,0,1,0
real-pen,359,4.202,5.509,0.354,0.000,5.863,0,2,0
real-pen,360,6.196,7.345,0.424,0.000,7.769,0,2,0
real-pen,361,6.166,7.473,0.355,0.000,7.828,0,3,0
real-pen,362,7.444,8.620,0.553,0.000,9.173,0,2,0
real-pen,363,5.690,7.004,0.334,0.000,7.338,0,4,0
real-pen,364,12.747,13.924,0.436,0.000,14.361,0,1,0
real-pen,365,4.437,5.532,0.453,0.000,5.985,0,2,0
real-pen,366,7.720,8.812,0.395,0.000,9.207,0,1,0
real-pen,367,10.623,12.050,0.443,0.000,12.492,0,1,0
real-pen,368,10.308,11.342,0.408,0.000,11.750,0,2,0
real-pen,369,11.133,12.226,0.383,0.000,12.610,0,1,0
real-pen,370,12.638,13.940,0.347,0.000,14.288,0,3,0
real-pen,371,8.459,9.576,0.682,0.000,10.258,0,2,0
real-pen,372,9.188,10.347,0.738,0.000,11.086,0,3,0
real-pen,373,4.119,5.103,0.425,0.000,5.528,0,1,0
real-pen,374,6.497,7.502,0.433,0.000,7.935,0,1,0
real-pen,375,6.314,7.390,0.394,0.000,7.784,0,1,0
real-pen,376,7.661,8.989,0.491,0.000,9.480,0,2,0
real-pen,377,12.423,13.450,0.424,0.000,13.874,0,1,0
real-pen,378,10.234,11.549,0.340,0.000,11.889,0,2,0
real-pen,379,8.770,10.030,0.473,0.000,10.504,0,2,0
real-pen,380,9.701,10.809,0.641,0.000,11.449,0,2,0
real-pen,381,4.089,5.251,0.386,0.000,5.637,0,2,0
real-pen,382,4.226,5.357,0.416,0.000,5.773,0,2,0
real-pen,383,7.965,9.037,0.415,0.000,9.451,0,2,0
real-pen,384,6.408,7.426,0.466,0.000,7.892,0,2,0
real-pen,385,6.956,8.094,0.518,0.000,8.612,0,2,0
real-pen,386,8.853,9.996,0.424,0.000,10.420,0,3,0
real-pen,387,12.886,13.920,0.486,0.000,14.406,0,2,0
real-pen,388,8.901,9.982,0.475,0.000,10.457,0,1,0
real-pen,389,11.196,12.244,0.419,0.000,12.663,0,1,0
real-pen,390,9.144,10.262,0.506,0.000,10.769,0,1,0
real-pen,391,6.431,8.030,0.592,0.000,8.622,0,1,0
real-pen,392,5.620,6.829,0.476,0.000,7.305,0,1,0
real-pen,393,6.781,7.946,0.446,0.000,8.392,0,3,0
real-pen,394,3.030,4.485,0.427,0.000,4.912,0,1,0
real-pen,395,11.555,12.887,0.314,0.000,13.201,0,1,0
real-pen,396,2.308,3.469,0.393,0.000,3.862,0,2,0
real-pen,397,6.407,7.592,0.353,0.000,7.945,0,1,0
real-pen,398,8.310,9.594,0.479,0.000,10.073,0,1,0
real-pen,399,0.506,1.822,0.342,0.000,2.165,0,3,0
real-pen,400,7.400,8.716,0.338,0.000,9.054,0,2,0
real-pen,401,0.832,1.882,0.570,0.000,2.452,0,2,0
real-pen,402,3.536,4.618,0.451,0.000,5.069,0,1,0
real-pen,403,2.073,3.448,0.330,0.000,3.777,0,2,0
real-pen,404,5.813,6.999,0.328,0.000,7.327,0,2,0
real-pen,405,10.281,11.462,0.347,0.000,11.808,0,2,0
real-pen,406,5.116,6.466,0.710,0.000,7.177,0,2,0
real-pen,407,9.325,10.455,0.542,0.000,10.996,0,2,0
real-pen,408,6.692,7.906,0.327,0.000,8.233,0,2,0
real-pen,409,7.052,8.178,0.355,0.000,8.533,0,2,0
real-pen,410,0.406,8.325,0.413,0.000,8.738,0,1,0
real-pen,411,0.415,4.631,0.405,0.000,5.036,0,1,0
real-pen,412,0.410,7.410,0.481,0.000,7.890,0,1,0
real-pen,413,0.558,16.396,0.517,0.000,16.913,0,1,0
real-pen,414,0.417,14.190,0.499,0.000,14.688,0,1,0
real-pen,415,3.903,5.204,0.341,0.000,5.545,0,2,0
real-pen,416,6.775,7.938,0.377,0.000,8.315,0,2,0
real-pen,417,7.167,8.255,0.358,0.000,8.613,0,2,0
real-pen,418,5.964,7.310,0.288,0.000,7.599,0,2,0
real-pen,419,0.675,2.007,0.302,0.000,2.309,0,2,0
real-pen,420,8.131,9.201,0.392,0.000,9.593,0,2,0
real-pen,421,9.177,10.242,0.376,0.000,10.618,0,2,0
real-pen,422,2.548,3.560,0.402,0.000,3.962,0,2,0
real-pen,423,9.630,10.761,0.343,0.000,11.104,0,2,0
real-pen,424,7.155,8.221,0.353,0.000,8.573,0,2,0
real-pen,425,14.274,15.415,0.303,0.000,15.718,0,2,0
real-pen,426,3.364,4.579,0.324,0.000,4.903,0,2,0
real-pen,427,13.148,14.367,0.461,0.000,14.828,0,2,0
real-pen,428,3.407,4.424,0.418,0.000,4.841,0,2,0
real-pen,429,9.384,10.434,0.403,0.000,10.838,0,2,0
real-pen,430,7.482,8.646,0.702,0.000,9.347,0,2,0
real-pen,431,2.003,3.425,0.534,0.000,3.959,0,2,0
real-pen,432,2.640,3.791,0.380,0.000,4.171,0,2,0
real-pen,433,5.388,6.505,0.431,0.000,6.936,0,2,0
real-pen,434,5.350,6.489,0.448,0.000,6.937,0,2,0
real-pen,435,9.508,10.716,0.308,0.000,11.024,0,2,0
real-pen,436,4.890,6.158,0.539,0.000,6.696,0,2,0
real-pen,437,4.120,5.368,0.514,0.000,5.882,0,2,0
real-pen,438,6.936,8.183,0.527,0.000,8.710,0,2,0
real-pen,439,9.232,10.441,0.667,0.000,11.107,0,2,0
real-pen,440,5.149,6.472,0.380,0.000,6.852,0,2,0
real-pen,441,5.339,6.614,0.537,0.000,7.152,0,2,0
real-pen,442,2.460,3.759,0.306,0.000,4.065,0,2,0
real-pen,443,6.903,8.233,0.489,0.000,8.722,0,2,0
real-pen,444,11.539,13.276,0.358,0.000,13.634,0,2,0
real-pen,445,10.608,11.910,0.544,0.000,12.454,0,2,0
real-pen,446,7.924,9.868,0.341,0.000,10.209,0,2,0
real-pen,447,5.747,7.089,0.361,0.000,7.450,0,2,0
real-pen,448,2.281,3.882,0.379,0.000,4.261,0,2,0
real-pen,449,2.824,4.255,0.373,0.000,4.628,0,2,0
real-pen,450,7.090,8.494,0.340,0.000,8.834,0,2,0
real-pen,451,3.525,4.876,0.578,0.000,5.454,0,3,0
real-pen,452,3.172,4.478,0.467,0.000,4.945,0,2,0
real-pen,453,0.962,2.333,0.352,0.000,2.685,0,2,0
real-pen,454,5.510,6.984,0.321,0.000,7.304,0,2,0
real-pen,455,2.553,3.880,0.534,0.000,4.413,0,2,0
real-pen,456,9.556,10.856,0.564,0.000,11.420,0,2,0
real-pen,457,7.009,8.287,0.735,0.000,9.023,0,2,0
real-pen,458,2.649,3.944,0.550,0.000,4.494,0,2,0
real-pen,459,7.364,8.633,0.333,0.000,8.966,0,2,0
real-pen,460,5.330,6.794,0.324,0.000,7.118,0,2,0
real-pen,461,4.182,5.913,0.356,0.000,6.269,0,2,0
real-pen,462,0.442,9.574,0.546,0.000,10.120,0,1,0
real-pen,463,13.585,14.927,0.538,0.000,15.465,0,3,0
real-pen,464,9.069,10.536,0.364,0.000,10.900,0,2,0
real-pen,465,2.845,4.137,0.730,0.000,4.867,0,2,0
real-pen,466,5.531,7.038,0.383,0.000,7.422,0,2,0
real-pen,467,5.561,7.128,0.385,0.000,7.513,0,2,0
real-pen,468,6.086,7.425,0.385,0.000,7.811,0,3,0
real-pen,469,8.145,9.684,0.361,0.000,10.044,0,2,0
real-pen,470,9.351,10.677,0.562,0.000,11.239,0,2,0
real-pen,471,3.015,4.293,0.537,0.000,4.830,0,2,0
real-pen,472,5.801,7.138,0.542,0.000,7.680,0,2,0
real-pen,473,8.248,9.811,0.349,0.000,10.160,0,2,0
real-pen,474,6.704,8.037,0.682,0.000,8.719,0,2,0
real-pen,475,0.562,1.945,0.343,0.000,2.288,0,2,0
real-pen,476,2.606,4.106,0.359,0.000,4.466,0,2,0
real-pen,477,4.717,6.010,0.539,0.000,6.549,0,2,0
real-pen,478,9.308,10.709,0.535,0.000,11.244,0,3,0
real-pen,479,8.183,10.228,0.354,0.000,10.582,0,2,0
real-pen,480,12.038,13.356,0.605,0.000,13.962,0,2,0
real-pen,481,10.246,11.788,0.449,0.000,12.237,0,1,0
real-pen,482,6.934,8.287,0.558,0.000,8.845,0,2,0
real-pen,483,10.454,11.952,0.534,0.000,12.486,0,1,0
real-pen,484,3.103,4.787,0.356,0.000,5.143,0,1,0
real-pen,485,6.003,7.493,0.332,0.000,7.825,0,1,0
real-pen,486,6.022,7.707,0.350,0.000,8.057,0,3,0
real-pen,487,10.655,12.166,0.474,0.000,12.640,0,3,0
real-pen,488,7.719,9.377,0.357,0.000,9.734,0,1,0
real-pen,489,7.175,8.408,0.571,0.000,8.978,0,1,0
real-pen,490,7.337,8.853,0.354,0.000,9.208,0,1,0
real-pen,491,7.893,9.592,0.357,0.000,9.949,0,1,0
real-pen,492,3.463,4.734,0.719,0.000,5.453,0,1,0
real-pen,493,5.239,6.768,0.344,0.000,7.111,0,1,0
real-pen,494,3.380,4.711,0.631,0.000,5.342,0,1,0
real-pen,495,6.418,7.900,0.323,0.000,8.223,0,1,0
real-pen,496,2.890,4.247,0.331,0.000,4.578,0,2,0
real-pen,497,4.126,8.887,0.324,0.000,9.211,0,1,0
real-pen,498,7.252,8.622,0.513,0.000,9.135,0,2,0
real-pen,499,2.282,3.517,0.380,0.000,3.897,0,1,0
real-pen,500,9.718,10.946,0.358,0.000,11.304,0,1,0
real-pen,501,8.994,10.272,0.712,0.000,10.984,0,1,0
real-pen,502,3.735,5.271,0.519,0.000,5.790,0,1,0
real-pen,503,12.947,14.184,0.336,0.000,14.520,0,1,0
real-pen,504,7.620,8.822,0.394,0.000,9.216,0,2,0
real-pen,505,6.220,7.421,0.433,0.000,7.853,0,3,0
real-pen,506,4.316,5.849,0.388,0.000,6.237,0,2,0
real-pen,507,4.198,5.443,0.352,0.000,5.795,0,3,0
real-pen,508,5.548,6.643,0.438,0.000,7.081,0,1,0
real-pen,509,8.231,9.433,0.501,0.000,9.934,0,1,0
real-pen,510,11.319,12.340,0.399,0.000,12.739,0,1,0
real-pen,511,7.361,9.562,0.318,0.000,9.880,0,1,0
real-pen,512,3.800,4.897,0.399,0.000,5.296,0,2,0
real-pen,513,4.669,5.773,0.381,0.000,6.154,0,1,0
real-pen,514,0.264,20.058,0.340,0.000,20.398,0,2,0
real-pen,515,7.517,8.591,0.424,0.000,9.015,0,2,0
real-pen,516,7.141,8.142,0.421,0.000,8.562,0,2,0
real-pen,517,3.163,4.166,0.466,0.000,4.632,0,3,0
real-pen,518,9.938,10.845,0.402,0.000,11.247,0,2,0
real-pen,519,8.786,9.718,0.456,0.000,10.174,0,2,0
real-pen,520,7.383,8.468,0.355,0.000,8.823,0,2,0
real-pen,521,6.132,7.051,0.411,0.000,7.462,0,2,0
real-pen,522,4.444,5.371,0.406,0.000,5.777,0,2,0
real-pen,523,3.147,4.277,0.406,0.000,4.684,0,2,0
real-pen,524,4.270,5.292,0.435,0.000,5.727,0,2,0
real-pen,525,2.709,3.658,0.363,0.000,4.021,0,2,0
real-pen,526,13.366,14.355,0.385,0.000,14.740,0,2,0
real-pen,527,5.807,6.715,0.386,0.000,7.101,0,2,0
real-pen,528,12.567,13.684,0.402,0.000,14.086,0,2,0
real-pen,529,4.877,6.016,0.403,0.000,6.419,0,2,0
real-pen,530,6.430,7.404,0.381,0.000,7.785,0,2,0
real-pen,531,5.978,6.953,0.392,0.000,7.344,0,2,0
real-pen,532,3.151,4.180,0.343,0.000,4.524,0,2,0
real-pen,533,8.762,9.747,0.370,0.000,10.117,0,2,0
real-pen,534,7.532,8.465,0.342,0.000,8.807,0,2,0
real-pen,535,6.005,7.169,0.407,0.000,7.576,0,2,0
real-pen,536,9.862,10.789,0.370,0.000,11.159,0,2,0
real-pen,537,11.554,12.566,0.369,0.000,12.935,0,2,0
real-pen,538,11.033,11.980,0.397,0.000,12.377,0,2,0
real-pen,539,6.893,7.966,0.410,0.000,8.377,0,2,0
real-pen,540,8.948,10.022,0.395,0.000,10.418,0,2,0
real-pen,541,4.054,5.610,0.509,0.000,6.119,0,3,0
real-pen,542,4.074,5.200,0.465,0.000,5.665,0,1,0
real-pen,543,11.633,12.765,0.528,0.000,13.293,0,1,0
real-pen,544,14.108,15.360,0.419,0.000,15.778,0,1,0
real-pen,545,2.744,4.090,0.402,0.000,4.492,0,2,0
real-pen,546,13.866,15.004,0.460,0.000,15.464,0,1,0
real-pen,547,8.723,9.759,0.408,0.000,10.168,0,1,0
real-pen,548,8.531,9.613,0.403,0.000,10.016,0,1,0
real-pen,549,5.650,6.663,0.387,0.000,7.051,0,1,0
real-pen,550,4.971,6.549,0.444,0.000,6.993,0,2,0
real-pen,551,1.604,10.029,0.546,0.000,10.575,0,1,0
real-pen,552,3.301,4.390,0.405,0.000,4.794,0,4,0
real-pen,553,3.014,4.082,0.388,0.000,4.470,0,1,0
real-pen,554,5.940,6.969,0.460,0.000,7.429,0,2,0
real-pen,555,6.516,7.598,0.500,0.000,8.098,0,1,0
real-pen,556,12.911,14.200,0.478,0.000,14.678,0,1,0
real-pen,557,14.273,15.388,0.392,0.000,15.780,0,2,0
real-pen,558,10.219,11.256,0.407,0.000,11.663,0,2,0
real-pen,559,12.195,13.335,0.450,0.000,13.784,0,1,0
real-pen,560,10.609,11.729,0.457,0.000,12.186,0,1,0
real-pen,561,7.964,9.095,0.523,0.000,9.619,0,1,0
real-pen,562,7.215,8.293,0.444,0.000,8.737,0,1,0
real-pen,563,9.193,10.292,0.466,0.000,10.758,0,1,0
real-pen,564,2.819,4.255,0.437,0.000,4.692,0,1,0
real-pen,565,4.383,6.465,0.357,0.000,6.822,0,1,0
real-pen,566,4.952,6.245,0.370,0.000,6.615,0,1,0
real-pen,567,7.035,8.395,0.330,0.000,8.725,0,1,0
real-pen,568,7.717,9.315,0.525,0.000,9.840,0,1,0
real-pen,569,13.067,14.309,0.350,0.000,14.659,0,2,0
real-pen,570,10.859,12.148,0.352,0.000,12.500,0,1,0
real-pen,571,5.445,6.800,0.519,0.000,7.319,0,2,0
real-pen,572,1.256,2.347,0.583,0.000,2.930,0,3,0
real-pen,573,6.157,7.409,0.325,0.000,7.734,0,2,0
real-pen,574,5.153,6.374,0.361,0.000,6.735,0,2,0
real-pen,575,6.636,7.829,0.346,0.000,8.175,0,2,0
real-pen,576,6.582,7.937,0.321,0.000,8.258,0,2,0
real-pen,577,11.525,12.841,0.326,0.000,13.167,0,2,0
real-pen,578,10.587,11.802,0.360,0.000,12.162,0,2,0
real-pen,579,6.471,7.808,0.541,0.000,8.349,0,2,0
real-pen,580,0.474,9.329,0.415,0.000,9.743,0,1,0
real-pen,581,8.528,9.645,0.557,0.000,10.202,0,3,0
real-pen,582,6.760,8.109,0.512,0.000,8.621,0,3,0
real-pen,583,6.585,7.777,0.387,0.000,8.164,0,2,0
real-pen,584,5.174,6.230,0.355,0.000,6.584,0,2,0
real-pen,585,3.974,5.054,0.370,0.000,5.424,0,2,0
real-pen,586,9.716,10.955,0.353,0.000,11.309,0,3,0
real-pen,587,10.192,11.300,0.398,0.000,11.698,0,2,0
real-pen,588,5.443,6.519,0.424,0.000,6.943,0,2,0
real-pen,589,3.097,4.227,0.563,0.000,4.789,0,3,0
real-pen,590,7.964,9.086,0.477,0.000,9.563,0,1,0
real-pen,591,4.861,6.179,0.586,0.000,6.765,0,1,0
real-pen,592,5.120,6.485,0.360,0.000,6.845,0,1,0
real-pen,593,9.206,10.393,0.388,0.000,10.781,0,1,0
real-pen,594,8.277,9.792,0.307,0.000,10.099,0,1,0
real-pen,595,5.930,7.400,0.551,0.000,7.951,0,1,0
real-pen,596,4.750,6.012,0.374,0.000,6.386,0,2,0
real-pen,597,0.402,10.891,0.422,0.000,11.313,0,1,0
real-pen,598,2.700,3.864,0.385,0.000,4.249,0,2,0
real-pen,599,9.664,10.793,0.543,0.000,11.337,0,2,0
real-pen,600,7.151,8.639,0.512,0.000,9.152,0,3,0
real-pen,601,2.336,3.592,0.342,0.000,3.935,0,2,0
real-pen,602,6.819,8.020,0.429,0.000,8.449,0,1,0
real-pen,603,6.471,7.737,0.354,0.000,8.091,0,1,0
real-pen,604,10.725,12.166,0.563,0.000,12.729,0,1,0
real-pen,605,4.019,5.185,0.429,0.000,5.614,0,1,0
real-pen,606,3.909,5.197,0.351,0.000,5.548,0,1,0
real-pen,607,0.715,1.995,0.342,0.000,2.337,0,1,0
real-pen,608,4.323,5.657,0.652,0.000,6.309,0,1,0
real-pen,609,0.715,2.006,0.363,0.000,2.368,0,3,0
real-pen,610,13.536,14.800,0.369,0.000,15.168,0,1,0
real-pen,611,14.078,15.401,0.555,0.000,15.956,0,2,0
real-pen,612,13.871,15.392,0.777,0.000,16.169,0,1,0
real-pen,613,9.379,10.619,0.350,0.000,10.969,0,1,0
real-pen,614,9.837,11.100,0.383,0.000,11.483,0,1,0
real-pen,615,6.190,7.479,0.353,0.000,7.832,0,1,0
real-pen,616,6.766,8.037,0.574,0.000,8.611,0,1,0
real-pen,617,1.027,2.228,0.554,0.000,2.782,0,1,0
real-pen,618,7.293,8.871,0.544,0.000,9.415,0,1,0
real-pen,619,4.600,5.898,0.558,0.000,6.456,0,2,0
real-pen,620,4.797,6.087,0.528,0.000,6.615,0,1,0
real-pen,621,2.155,3.466,0.535,0.000,4.001,0,1,0
real-pen,622,5.559,7.083,0.600,0.000,7.682,0,1,0
real-pen,623,11.998,13.361,0.529,0.000,13.890,0,2,0
real-pen,624,7.048,8.334,0.368,0.000,8.702,0,2,0
real-pen,625,5.019,6.565,0.549,0.000,7.114,0,1,0
real-pen,626,11.310,12.623,0.734,0.000,13.357,0,1,0
real-pen,627,11.833,13.386,0.447,0.000,13.833,0,1,0
real-pen,628,7.653,9.039,0.545,0.000,9.584,0,1,0
real-pen,629,15.449,16.756,0.420,0.000,17.176,0,2,0
real-pen,630,0.597,1.917,0.398,0.000,2.315,0,2,0
real-pen,631,2.083,3.330,0.547,0.000,3.877,0,2,0
real-pen,632,7.734,8.922,0.571,0.000,9.493,0,2,0
real-pen,633,5.544,6.717,0.393,0.000,7.111,0,2,0
real-pen,634,9.622,10.779,0.564,0.000,11.343,0,2,0
real-pen,635,10.949,12.338,0.582,0.000,12.920,0,2,0
real-pen,636,11.093,12.335,0.535,0.000,12.869,0,2,0
real-pen,637,8.109,9.250,0.376,0.000,9.626,0,2,0
real-pen,638,3.309,4.520,0.547,0.000,5.067,0,2,0
real-pen,639,5.247,6.910,0.335,0.000,7.245,0,3,0
real-pen,640,4.499,5.926,0.555,0.000,6.481,0,1,0
real-pen,641,4.535,5.844,0.580,0.000,6.424,0,1,0
real-pen,642,6.996,8.396,0.561,0.000,8.956,0,1,0
real-pen,643,4.291,5.556,0.658,0.000,6.214,0,1,0
real-pen,644,6.329,7.888,0.344,0.000,8.232,0,1,0
real-pen,645,7.975,9.279,0.575,0.000,9.854,0,1,0
real-pen,646,9.259,10.563,0.514,0.000,11.077,0,1,0
real-pen,647,3.547,4.847,0.539,0.000,5.386,0,2,0
real-pen,648,3.844,5.294,0.631,0.000,5.924,0,1,0
real-pen,649,7.100,8.473,0.535,0.000,9.008,0,1,0
real-pen,650,7.954,9.292,0.533,0.000,9.825,0,2,0
real-pen,651,2.758,4.072,0.558,0.000,4.629,0,2,0
real-pen,652,12.152,13.509,0.704,0.000,14.213,0,1,0
real-pen,653,6.217,7.882,0.384,0.000,8.265,0,1,0
real-pen,654,6.670,8.378,0.355,0.000,8.732,0,1,0
real-pen,655,9.665,12.903,0.365,0.000,13.267,0,2,0
real-pen,656,7.500,8.872,0.528,0.000,9.399,0,2,0
real-pen,657,8.155,9.824,0.470,0.000,10.294,0,2,0
real-pen,658,6.028,7.211,0.551,0.000,7.762,0,2,0
real-pen,659,5.229,6.523,0.430,0.000,6.953,0,2,0
real-pen,660,10.766,11.895,0.567,0.000,12.462,0,2,0
real-pen,661,0.442,11.494,0.317,0.000,11.811,0,1,0
real-pen,662,0.496,11.251,0.568,0.000,11.819,0,1,0
real-pen,663,0.490,13.745,0.367,0.000,14.112,0,1,0
real-pen,664,0.433,15.359,0.392,0.000,15.751,0,1,0
real-pen,665,1.988,3.210,0.596,0.000,3.807,0,2,0
real-pen,666,2.501,3.697,0.517,0.000,4.214,0,3,0
real-pen,667,2.384,3.598,0.585,0.000,4.183,0,2,0
real-pen,668,3.131,4.501,0.367,0.000,4.867,0,2,0
real-pen,669,3.446,4.537,0.331,0.000,4.869,0,2,0
real-pen,670,1.195,2.126,0.282,0.000,2.408,0,2,0
real-pen,671,7.616,8.702,0.319,0.000,9.021,0,2,0
real-pen,672,5.401,6.470,0.510,0.000,6.980,0,2,0
real-pen,673,6.460,7.803,0.488,0.000,8.292,0,2,0
real-pen,674,3.815,4.973,0.374,0.000,5.347,0,3,0
real-pen,675,6.693,7.842,0.535,0.000,8.378,0,2,0
real-pen,676,9.768,10.898,0.520,0.000,11.418,0,2,0
real-pen,677,7.798,8.938,0.505,0.000,9.443,0,2,0
real-pen,678,4.505,5.630,0.351,0.000,5.980,0,2,0
real-pen,679,0.269,1.412,0.520,0.000,1.931,0,3,0
real-pen,680,11.806,12.890,0.298,0.000,13.189,0,2,0
real-pen,681,12.796,14.014,0.664,0.000,14.678,0,2,0
real-pen,682,3.522,4.855,0.326,0.000,5.181,0,2,0
real-pen,683,0.480,5.992,0.383,0.000,6.376,0,1,0
real-pen,684,11.744,12.915,0.340,0.000,13.255,0,2,0
real-pen,685,2.637,3.723,0.404,0.000,4.127,0,2,0
real-pen,686,8.804,10.165,0.331,0.000,10.496,0,2,0
real-pen,687,10.343,11.444,0.409,0.000,11.853,0,2,0
real-pen,688,3.295,4.204,0.411,0.000,4.616,0,2,0
real-pen,689,8.119,9.197,0.348,0.000,9.545,0,3,0
real-pen,690,2.089,3.260,0.450,0.000,3.710,0,2,0
real-pen,691,2.259,3.487,0.454,0.000,3.941,0,2,0
real-pen,692,7.993,8.983,0.464,0.000,9.447,0,2,0
real-pen,693,9.213,10.229,0.460,0.000,10.690,0,2,0
real-pen,694,3.814,4.904,0.506,0.000,5.410,0,2,0
real-pen,695,2.555,3.618,0.468,0.000,4.085,0,2,0
real-pen,696,6.716,7.641,0.395,0.000,8.036,0,2,0
real-pen,697,2.732,3.608,0.389,0.000,3.998,0,2,0
real-pen,698,3.473,4.454,0.414,0.000,4.868,0,2,0
real-pen,699,8.151,9.334,0.495,0.000,9.829,0,3,0
real-pen,700,5.485,6.433,0.432,0.000,6.866,0,3,0
real-pen,701,5.658,6.836,0.435,0.000,7.271,0,2,0
real-pen,702,9.096,9.952,0.409,0.000,10.361,0,2,0
real-pen,703,9.037,10.039,0.398,0.000,10.438,0,2,0
real-pen,704,5.464,6.473,0.405,0.000,6.878,0,2,0
real-pen,705,4.521,5.440,0.391,0.000,5.831,0,2,0
real-pen,706,7.888,8.980,0.410,0.000,9.390,0,2,0
real-pen,707,9.206,11.066,0.325,0.000,11.391,0,2,0
real-pen,708,9.682,10.624,0.425,0.000,11.049,0,2,0
real-pen,709,3.081,3.992,0.409,0.000,4.401,0,3,0
real-pen,710,7.264,8.118,0.390,0.000,8.508,0,2,0
real-pen,711,7.144,8.069,0.377,0.000,8.446,0,2,0
real-pen,712,7.606,8.641,0.396,0.000,9.037,0,2,0
real-pen,713,4.540,5.527,0.389,0.000,5.916,0,2,0
real-pen,714,3.818,4.739,0.385,0.000,5.124,0,2,0
real-pen,715,14.410,15.322,0.396,0.000,15.718,0,2,0
real-pen,716,13.597,14.388,0.374,0.000,14.762,0,2,0
real-pen,717,12.579,13.505,0.368,0.000,13.873,0,2,0
real-pen,718,11.338,12.359,0.428,0.000,12.787,0,2,0
real-pen,719,8.499,9.552,0.419,0.000,9.971,0,2,0
real-pen,720,8.679,10.350,0.418,0.000,10.767,0,2,0
real-pen,721,8.968,9.994,0.393,0.000,10.387,0,2,0
real-pen,722,3.750,4.777,0.428,0.000,5.205,0,2,0
real-pen,723,4.293,5.427,0.392,0.000,5.818,0,3,0
real-pen,724,8.640,9.634,0.406,0.000,10.039,0,1,0
real-pen,725,7.232,8.194,0.367,0.000,8.562,0,2,0
real-pen,726,4.600,5.796,0.370,0.000,6.166,0,2,0
real-pen,727,3.227,4.141,0.378,0.000,4.518,0,2,0
real-pen,728,4.514,5.493,0.370,0.000,5.863,0,1,0
real-pen,729,7.901,8.806,0.395,0.000,9.201,0,1,0
real-pen,730,11.396,12.434,0.381,0.000,12.814,0,1,0
real-pen,731,4.000,4.997,0.407,0.000,5.403,0,1,0
real-pen,732,5.140,6.108,0.370,0.000,6.478,0,1,0
real-pen,733,4.069,5.062,0.397,0.000,5.459,0,1,0
real-pen,734,7.643,8.641,0.353,0.000,8.994,0,1,0
real-pen,735,1.982,3.237,0.385,0.000,3.622,0,2,0
real-pen,736,3.180,4.463,0.410,0.000,4.874,0,1,0
real-pen,737,8.669,9.680,0.395,0.000,10.075,0,1,0
real-pen,738,5.721,6.705,0.427,0.000,7.132,0,1,0
real-pen,739,5.960,7.278,0.559,0.000,7.837,0,1,0
real-pen,740,10.047,11.043,0.388,0.000,11.431,0,1,0
real-pen,741,10.440,11.400,0.395,0.000,11.796,0,1,0
real-pen,742,6.832,7.890,0.418,0.000,8.308,0,1,0
real-pen,743,7.278,8.365,0.428,0.000,8.793,0,1,0
real-pen,744,4.276,5.487,0.402,0.000,5.888,0,1,0
real-pen,745,5.110,6.183,0.413,0.000,6.595,0,1,0
real-pen,746,3.635,4.635,0.372,0.000,5.007,0,1,0
real-pen,747,5.374,6.451,0.448,0.000,6.899,0,1,0
real-pen,748,14.140,15.733,0.372,0.000,16.106,0,2,0
real-pen,749,1.431,13.855,0.438,0.000,14.293,0,1,0
real-pen,750,11.773,12.805,0.474,0.000,13.278,0,2,0
real-pen,751,6.724,8.024,0.474,0.000,8.498,0,2,0
real-pen,752,5.229,6.186,0.442,0.000,6.628,0,2,0
real-pen,753,3.058,4.293,0.475,0.000,4.767,0,2,0
real-pen,754,6.439,7.429,0.462,0.000,7.891,0,2,0
real-pen,755,9.689,10.769,0.430,0.000,11.199,0,2,0
real-pen,756,6.915,8.157,0.438,0.000,8.595,0,2,0
real-pen,757,3.043,4.176,0.486,0.000,4.662,0,2,0
real-pen,758,3.473,4.341,0.427,0.000,4.768,0,2,0
real-pen,759,4.239,5.231,0.469,0.000,5.699,0,2,0
real-pen,760,2.283,3.221,0.427,0.000,3.648,0,2,0
real-pen,761,5.309,6.288,0.407,0.000,6.694,0,2,0
real-pen,762,8.291,9.475,0.493,0.000,9.968,0,2,0
real-pen,763,13.695,14.676,0.416,0.000,15.092,0,2,0
real-pen,764,7.498,8.746,0.432,0.000,9.178,0,3,0
real-pen,765,6.976,8.032,0.445,0.000,8.477,0,1,0
real-pen,766,8.541,9.756,0.463,0.000,10.219,0,1,0
real-pen,767,7.176,8.212,0.449,0.000,8.661,0,1,0
real-pen,768,3.947,4.951,0.437,0.000,5.388,0,1,0
real-pen,769,2.153,3.124,0.438,0.000,3.562,0,1,0
real-pen,770,6.932,7.902,0.394,0.000,8.296,0,1,0
real-pen,771,4.006,5.201,0.415,0.000,5.616,0,1,0
real-pen,772,3.181,4.180,0.401,0.000,4.581,0,1,0
real-pen,773,1.805,2.783,0.427,0.000,3.210,0,1,0
real-pen,774,13.266,14.292,0.392,0.000,14.684,0,1,0
real-pen,775,10.024,11.553,0.399,0.000,11.952,0,1,0
real-pen,776,13.675,14.634,0.413,0.000,15.047,0,1,0
real-pen,777,6.488,7.499,0.400,0.000,7.900,0,1,0
real-pen,778,3.859,4.880,0.397,0.000,5.277,0,1,0
real-pen,779,0.497,1.827,0.333,0.000,2.160,0,2,0
real-pen,780,0.471,7.059,0.391,0.000,7.450,0,1,0
real-pen,781,2.292,3.723,0.325,0.000,4.048,0,4,0
real-pen,782,3.688,4.823,0.415,0.000,5.237,0,1,0
real-pen,783,6.962,7.950,0.502,0.000,8.452,0,1,0
real-pen,784,8.606,9.822,0.426,0.000,10.248,0,1,0
real-pen,785,4.683,5.642,0.402,0.000,6.044,0,2,0
real-pen,786,11.555,12.635,0.395,0.000,13.030,0,1,0
real-pen,787,8.205,9.408,0.513,0.000,9.921,0,2,0
real-pen,788,10.348,11.404,0.485,0.000,11.888,0,1,0
real-pen,789,8.888,10.078,0.424,0.000,10.503,0,1,0
real-pen,790,7.143,8.199,0.412,0.000,8.611,0,1,0
real-pen,791,6.103,7.359,0.385,0.000,7.744,0,1,0
real-pen,792,9.508,10.631,0.391,0.000,11.022,0,1,0
real-pen,793,8.341,9.496,0.419,0.000,9.915,0,2,0
real-pen,794,3.029,4.107,0.401,0.000,4.508,0,2,0
real-pen,795,7.027,8.145,0.403,0.000,8.548,0,1,0
real-pen,796,8.045,9.974,0.338,0.000,10.311,0,1,0
real-pen,797,6.690,7.750,0.457,0.000,8.207,0,1,0
real-pen,798,9.760,11.219,0.416,0.000,11.635,0,1,0
real-pen,799,6.394,7.485,0.456,0.000,7.941,0,2,0
real-pen,800,7.068,8.105,0.421,0.000,8.526,0,1,0
real-pen,801,3.973,5.798,0.333,0.000,6.131,0,1,0
real-pen,802,0.747,1.773,0.386,0.000,2.159,0,2,0
real-pen,803,6.329,7.448,0.408,0.000,7.856,0,2,0
real-pen,804,3.111,4.238,0.439,0.000,4.678,0,3,0
real-pen,805,3.461,4.485,0.429,0.000,4.915,0,2,0
real-pen,806,6.964,8.012,0.511,0.000,8.523,0,2,0
real-pen,807,2.801,3.864,0.592,0.000,4.457,0,3,0
real-pen,808,0.469,5.192,0.385,0.000,5.577,0,1,0
real-pen,809,3.983,5.613,0.362,0.000,5.974,0,2,0
real-pen,810,10.547,11.556,0.437,0.000,11.993,0,2,0
real-pen,811,10.960,11.832,0.412,0.000,12.244,0,2,0
real-pen,812,10.111,11.005,0.416,0.000,11.421,0,2,0
real-pen,813,7.641,8.556,0.428,0.000,8.984,0,2,0
real-pen,814,8.236,9.137,0.441,0.000,9.578,0,2,0
real-pen,815,4.427,5.623,0.418,0.000,6.041,0,2,0
real-pen,816,3.066,3.917,0.352,0.000,4.269,0,3,0
real-pen,817,1.068,1.938,0.366,0.000,2.304,0,2,0
real-pen,818,0.606,10.138,0.620,0.000,10.758,0,2,0
real-pen,819,3.042,4.101,0.379,0.000,4.480,0,2,0
real-pen,820,15.116,16.001,0.405,0.000,16.406,0,2,0
real-pen,821,6.653,7.540,0.404,0.000,7.944,0,2,0
real-pen,822,7.238,8.213,0.452,0.000,8.665,0,2,0
real-pen,823,11.707,12.873,0.386,0.000,13.259,0,2,0
real-pen,824,2.718,3.658,0.385,0.000,4.043,0,3,0
real-pen,825,8.521,9.422,0.381,0.000,9.803,0,2,0
real-pen,826,8.347,9.222,0.382,0.000,9.604,0,2,0
real-pen,827,0.434,15.483,0.603,0.000,16.086,0,1,0
real-pen,828,9.327,10.375,0.395,0.000,10.771,0,2,0
real-pen,829,5.318,6.176,0.390,0.000,6.566,0,2,0
real-pen,830,8.256,9.115,0.369,0.000,9.485,0,2,0
real-pen,831,2.378,3.212,0.397,0.000,3.609,0,2,0
real-pen,832,3.041,3.947,0.369,0.000,4.316,0,2,0
real-pen,833,6.540,7.481,0.360,0.000,7.841,0,2,0
real-pen,834,4.310,5.163,0.367,0.000,5.530,0,2,0
real-pen,835,4.708,5.662,0.436,0.000,6.097,0,2,0
real-pen,836,2.711,3.634,0.401,0.000,4.035,0,2,0
real-pen,837,10.864,11.869,0.376,0.000,12.245,0,2,0
real-pen,838,8.165,9.033,0.440,0.000,9.473,0,2,0
real-pen,839,13.008,14.007,0.402,0.000,14.408,0,2,0
real-pen,840,12.186,13.049,0.408,0.000,13.456,0,2,0
real-pen,841,10.889,11.929,0.361,0.000,12.291,0,2,0
real-pen,842,9.688,10.569,0.407,0.000,10.976,0,2,0
real-pen,843,7.689,8.557,0.392,0.000,8.950,0,3,0
real-pen,844,7.139,7.986,0.394,0.000,8.380,0,2,0
real-pen,845,4.797,5.841,0.413,0.000,6.255,0,2,0
real-pen,846,5.647,6.741,0.421,0.000,7.162,0,3,0
real-pen,847,3.909,4.758,0.385,0.000,5.143,0,2,0
real-pen,848,2.300,3.233,0.381,0.000,3.614,0,2,0
real-pen,849,11.179,12.019,0.387,0.000,12.406,0,2,0
real-pen,850,9.863,10.905,0.388,0.000,11.293,0,2,0
real-pen,851,14.892,15.880,0.364,0.000,16.244,0,3,0
real-pen,852,12.971,13.911,0.451,0.000,14.361,0,1,0
real-pen,853,6.925,7.888,0.410,0.000,8.298,0,1,0
real-pen,854,6.901,8.156,0.575,0.000,8.731,0,1,0
real-pen,855,3.460,4.643,0.398,0.000,5.041,0,1,0
real-pen,856,7.348,8.246,0.403,0.000,8.649,0,1,0
real-pen,857,9.184,10.210,0.400,0.000,10.610,0,1,0
real-pen,858,4.469,5.383,0.379,0.000,5.763,0,1,0
real-pen,859,15.282,16.502,0.364,0.000,16.867,0,2,0
real-pen,860,3.294,4.321,0.385,0.000,4.707,0,2,0
real-pen,861,0.719,1.703,0.409,0.000,2.112,0,2,0
real-pen,862,0.670,10.630,0.611,0.000,11.241,0,1,0
real-pen,863,14.271,15.243,0.455,0.000,15.698,0,1,0
real-pen,864,13.856,14.774,0.468,0.000,15.242,0,1,0
real-pen,865,7.871,8.804,0.392,0.000,9.196,0,1,0
real-pen,866,8.749,9.665,0.432,0.000,10.097,0,1,0
real-pen,867,12.577,14.012,0.424,0.000,14.435,0,1,0
real-pen,868,10.220,11.642,0.398,0.000,12.039,0,2,0
real-pen,869,3.717,4.717,0.402,0.000,5.119,0,1,0
real-pen,870,1.291,2.284,0.406,0.000,2.690,0,1,0
real-pen,871,0.641,1.645,0.440,0.000,2.085,0,1,0
real-pen,872,9.763,10.771,0.399,0.000,11.170,0,1,0
real-pen,873,6.487,7.446,0.370,0.000,7.816,0,1,0
real-pen,874,6.871,7.844,0.387,0.000,8.231,0,1,0
real-pen,875,13.339,14.258,0.388,0.000,14.645,0,1,0
real-pen,876,11.724,12.873,0.475,0.000,13.348,0,1,0
real-pen,877,13.594,14.642,0.383,0.000,15.025,0,1,0
real-pen,878,7.653,8.590,0.393,0.000,8.983,0,2,0
real-pen,879,9.514,10.518,0.388,0.000,10.906,0,1,0
real-pen,880,3.548,4.713,0.427,0.000,5.140,0,1,0
real-pen,881,2.968,4.272,0.431,0.000,4.703,0,1,0
real-pen,882,2.038,3.023,0.378,0.000,3.400,0,1,0
real-pen,883,0.805,2.053,0.453,0.000,2.506,0,1,0
real-pen,884,14.697,15.848,0.388,0.000,16.236,0,1,0
real-pen,885,3.410,4.905,0.401,0.000,5.306,0,2,0
real-pen,886,13.416,14.535,0.403,0.000,14.938,0,1,0
real-pen,887,13.804,15.505,0.376,0.000,15.881,0,2,0
real-pen,888,9.866,10.978,0.378,0.000,11.355,0,1,0
real-pen,889,9.845,11.159,0.449,0.000,11.608,0,2,0
real-pen,890,13.984,15.016,0.443,0.000,15.459,0,1,0
real-pen,891,5.886,6.902,0.387,0.000,7.289,0,1,0
real-pen,892,0.777,2.466,0.343,0.000,2.809,0,2,0
real-pen,893,5.649,6.739,0.398,0.000,7.137,0,2,0
real-pen,894,4.160,5.143,0.525,0.000,5.668,0,2,0
real-pen,895,2.963,3.850,0.367,0.000,4.217,0,2,0
real-pen,896,4.667,5.431,0.412,0.000,5.843,0,2,0
real-pen,897,7.558,8.415,0.372,0.000,8.788,0,2,0
real-pen,898,11.174,12.215,0.352,0.000,12.567,0,2,0
real-pen,899,10.524,11.370,0.369,0.000,11.739,0,2,0
real-pen,900,4.789,5.632,0.373,0.000,6.006,0,2,0
real-pen,901,4.004,4.850,0.403,0.000,5.253,0,2,0
real-pen,902,7.350,8.243,0.507,0.000,8.750,0,2,0
real-pen,903,3.478,4.416,0.435,0.000,4.851,0,2,0
real-pen,904,8.635,9.564,0.352,0.000,9.916,0,2,0
real-pen,905,4.019,4.927,0.387,0.000,5.314,0,2,0
real-pen,906,1.944,2.801,0.338,0.000,3.139,0,2,0
real-pen,907,11.661,12.544,0.326,0.000,12.870,0,2,0
real-pen,908,11.655,12.480,0.323,0.000,12.802,0,2,0
real-pen,909,3.789,4.625,0.322,0.000,4.947,0,2,0
real-pen,910,8.829,9.671,0.317,0.000,9.989,0,2,0
real-pen,911,7.220,8.062,0.301,0.000,8.363,0,2,0
real-pen,912,3.613,4.457,0.296,0.000,4.752,0,2,0
real-pen,913,5.083,5.993,0.489,0.000,6.482,0,2,0
real-pen,914,6.035,6.917,0.285,0.000,7.202,0,2,0
real-pen,915,4.547,5.508,0.280,0.000,5.789,0,2,0
real-pen,916,3.035,3.917,0.305,0.000,4.222,0,2,0
real-pen,917,0.455,12.251,0.308,0.000,12.559,0,1,0
real-pen,918,1.623,2.473,0.293,0.000,2.766,0,2,0
real-pen,919,0.509,6.509,0.329,0.000,6.838,0,1,0
real-pen,920,13.846,14.795,0.319,0.000,15.114,0,2,0
real-pen,921,8.733,10.008,0.531,0.000,10.539,0,2,0
real-pen,922,10.701,11.822,0.562,0.000,12.384,0,2,0
real-pen,923,7.366,8.360,0.331,0.000,8.691,0,2,0
real-pen,924,8.669,9.660,0.518,0.000,10.178,0,2,0
real-pen,925,16.262,17.476,0.322,0.000,17.798,0,2,0
real-pen,926,15.060,16.001,0.603,0.000,16.604,0,2,0
real-pen,927,10.577,11.620,0.304,0.000,11.924,0,2,0
real-pen,928,4.879,5.713,0.309,0.000,6.022,0,2,0
real-pen,929,6.667,7.552,0.311,0.000,7.863,0,2,0
real-pen,930,2.764,3.621,0.316,0.000,3.937,0,2,0
real-pen,931,3.721,4.721,0.298,0.000,5.020,0,2,0
real-pen,932,12.196,13.166,0.338,0.000,13.503,0,3,0
real-pen,933,4.566,5.508,0.529,0.000,6.036,0,2,0
real-pen,934,0.465,5.116,0.315,0.000,5.431,0,1,0
real-pen,935,4.971,5.832,0.314,0.000,6.146,0,2,0
real-pen,936,5.656,7.072,0.364,0.000,7.436,0,2,0
real-pen,937,2.650,3.500,0.295,0.000,3.795,0,2,0
real-pen,938,6.262,7.159,0.318,0.000,7.477,0,2,0
real-pen,939,6.276,7.266,0.512,0.000,7.778,0,2,0
real-pen,940,8.197,9.294,0.744,0.000,10.037,0,2,0
real-pen,941,3.103,4.007,0.326,0.000,4.332,0,2,0
real-pen,942,6.544,7.562,0.551,0.000,8.113,0,2,0
real-pen,943,5.864,6.714,0.313,0.000,7.027,0,2,0
real-pen,944,4.642,5.529,0.327,0.000,5.856,0,2,0
real-pen,945,9.519,10.404,0.310,0.000,10.714,0,2,0
real-pen,946,9.866,10.915,0.301,0.000,11.215,0,2,0
real-pen,947,6.976,7.885,0.318,0.000,8.203,0,2,0
real-pen,948,8.982,9.862,0.341,0.000,10.202,0,2,0
real-pen,949,4.529,5.455,0.312,0.000,5.767,0,2,0
real-pen,950,4.022,4.947,0.328,0.000,5.274,0,2,0
real-pen,951,5.510,6.442,0.340,0.000,6.782,0,2,0
real-pen,952,4.971,5.922,0.312,0.000,6.234,0,2,0
real-pen,953,6.026,7.198,0.305,0.000,7.503,0,2,0
real-pen,954,0.648,1.923,0.502,0.000,2.424,0,2,0
real-pen,955,2.536,3.447,0.340,0.000,3.787,0,3,0
real-pen,956,2.421,3.362,0.316,0.000,3.678,0,2,0
real-pen,957,5.632,6.530,0.331,0.000,6.861,0,2,0
real-pen,958,0.465,13.999,0.373,0.000,14.372,0,1,0
real-pen,959,12.710,13.618,0.317,0.000,13.935,0,2,0
real-pen,960,13.109,13.975,0.330,0.000,14.305,0,2,0
real-pen,961,7.444,8.345,0.344,0.000,8.689,0,2,0
real-pen,962,9.454,10.367,0.332,0.000,10.699,0,3,0
real-pen,963,2.784,3.861,0.326,0.000,4.187,0,4,0
real-pen,964,3.687,4.613,0.512,0.000,5.125,0,1,0
real-pen,965,1.622,2.539,0.516,0.000,3.056,0,1,0
real-pen,966,2.625,3.636,0.523,0.000,4.159,0,1,0
real-pen,967,7.437,8.702,0.367,0.000,9.068,0,1,0
real-pen,968,8.288,9.555,0.342,0.000,9.897,0,4,0
real-pen,969,1.560,2.869,0.350,0.000,3.218,0,2,0
real-pen,970,0.344,1.250,0.335,0.000,1.585,0,2,0
real-pen,971,3.685,4.526,0.519,0.000,5.045,0,2,0
real-pen,972,5.771,6.813,0.591,0.000,7.404,0,2,0
real-pen,0,3.728,76.729,0.926,0.000,77.654,0,4,0
real-pen,1,3.230,26.271,0.461,0.000,26.731,0,2,0
real-pen,2,3.362,5.654,2.457,0.000,8.111,0,2,0
real-pen,3,2.196,13.895,0.372,0.000,14.267,0,1,0
real-pen,4,4.742,5.630,0.319,0.000,5.949,0,2,0
real-pen,5,3.993,5.027,0.429,0.000,5.456,0,2,0
real-pen,6,4.103,5.118,0.665,0.000,5.782,0,2,0
real-pen,7,3.490,4.525,0.437,0.000,4.961,0,2,0
real-pen,8,2.454,3.443,0.588,0.000,4.031,0,2,0
real-pen,9,14.126,15.473,0.331,0.000,15.804,0,3,0
real-pen,10,10.619,11.750,0.427,0.000,12.177,0,2,0
real-pen,11,13.443,14.482,0.393,0.000,14.874,0,3,0
real-pen,12,6.740,7.721,0.398,0.000,8.120,0,2,0
real-pen,13,7.756,8.827,0.418,0.000,9.244,0,2,0
real-pen,14,1.448,7.412,0.408,0.000,7.820,0,3,0
real-pen,15,4.733,5.789,0.414,0.000,6.204,0,2,0
real-pen,16,2.084,3.596,0.401,0.000,3.996,0,2,0
real-pen,17,4.528,5.519,0.420,0.000,5.939,0,2,0
real-pen,18,2.782,3.840,0.420,0.000,4.260,0,2,0
real-pen,19,0.661,1.863,0.539,0.000,2.402,0,2,0
real-pen,20,5.667,6.670,0.365,0.000,7.035,0,2,0
real-pen,21,9.068,10.142,0.385,0.000,10.527,0,3,0
real-pen,22,2.037,3.083,0.396,0.000,3.480,0,2,0
real-pen,23,0.398,14.315,0.486,0.000,14.800,0,1,0
real-pen,24,3.551,4.552,0.387,0.000,4.938,0,2,0
real-pen,25,2.556,3.723,0.386,0.000,4.109,0,2,0
real-pen,26,6.990,7.990,0.380,0.000,8.370,0,2,0
real-pen,27,10.196,11.270,0.387,0.000,11.657,0,2,0
real-pen,28,4.252,5.542,0.390,0.000,5.931,0,3,0
real-pen,29,6.119,7.147,0.400,0.000,7.547,0,2,0
real-pen,30,5.820,6.851,0.441,0.000,7.292,0,2,0
real-pen,31,10.320,11.332,0.554,0.000,11.886,0,2,0
real-pen,32,7.504,8.466,0.401,0.000,8.867,0,2,0
real-pen,33,7.118,8.078,0.385,0.000,8.463,0,2,0
real-pen,34,6.872,8.079,0.392,0.000,8.472,0,2,0
real-pen,35,7.789,8.822,0.399,0.000,9.221,0,2,0
real-pen,36,3.956,4.932,0.384,0.000,5.316,0,2,0
real-pen,37,5.796,6.753,0.624,0.000,7.377,0,2,0
real-pen,38,3.579,4.509,0.428,0.000,4.937,0,2,0
real-pen,39,2.485,3.617,0.367,0.000,3.984,0,2,0
real-pen,40,0.689,1.888,0.399,0.000,2.287,0,3,0
real-pen,41,7.893,8.814,0.372,0.000,9.185,0,2,0
real-pen,42,5.779,6.887,0.447,0.000,7.334,0,2,0
real-pen,43,3.904,5.623,0.420,0.000,6.043,0,2,0
real-pen,44,8.390,9.458,0.367,0.000,9.826,0,2,0
real-pen,45,6.271,7.563,0.449,0.000,8.012,0,2,0
real-pen,46,5.793,6.899,0.404,0.000,7.303,0,2,0
real-pen,47,14.062,15.190,0.378,0.000,15.568,0,2,0
real-pen,48,2.861,4.029,0.409,0.000,4.438,0,2,0
real-pen,49,8.588,9.754,0.387,0.000,10.141,0,2,0
real-pen,50,2.288,3.574,0.379,0.000,3.953,0,2,0
real-pen,51,4.405,5.569,0.403,0.000,5.972,0,2,0
real-pen,52,5.744,6.919,0.377,0.000,7.295,0,2,0
real-pen,53,6.012,7.232,0.430,0.000,7.662,0,2,0
real-pen,54,3.557,5.043,0.411,0.000,5.454,0,2,0
real-pen,55,4.464,5.453,0.529,0.000,5.982,0,2,0
real-pen,56,0.414,14.198,0.447,0.000,14.645,0,1,0
real-pen,57,10.047,11.151,0.412,0.000,11.563,0,2,0
real-pen,58,9.964,11.516,0.323,0.000,11.839,0,3,0
real-pen,59,4.589,5.839,0.362,0.000,6.201,0,2,0
real-pen,60,0.963,5.885,0.438,0.000,6.323,0,2,0
real-pen,61,4.537,5.969,0.363,0.000,6.332,0,2,0
real-pen,62,6.533,7.728,0.420,0.000,8.148,0,2,0
real-pen,63,10.669,12.094,0.380,0.000,12.474,0,2,0
real-pen,64,3.514,4.630,0.443,0.000,5.073,0,2,0
real-pen,65,2.352,3.492,0.442,0.000,3.934,0,2,0
real-pen,66,9.191,10.374,0.478,0.000,10.852,0,2,0
real-pen,67,7.873,9.049,0.638,0.000,9.687,0,2,0
real-pen,68,7.764,8.978,0.416,0.000,9.394,0,2,0
real-pen,69,6.674,7.785,0.438,0.000,8.223,0,2,0
real-pen,70,5.047,6.245,0.404,0.000,6.649,0,2,0
real-pen,71,3.146,4.283,0.437,0.000,4.720,0,2,0
real-pen,72,0.446,9.726,0.412,0.000,10.137,0,1,0
real-pen,73,6.539,8.431,0.552,0.000,8.983,0,2,0
real-pen,74,4.183,5.260,0.406,0.000,5.666,0,2,0
real-pen,75,0.440,9.162,0.425,0.000,9.587,0,1,0
real-pen,76,3.588,4.706,0.625,0.000,5.331,0,2,0
real-pen,77,4.958,6.186,0.439,0.000,6.625,0,2,0
real-pen,78,3.099,4.225,0.444,0.000,4.669,0,2,0
real-pen,79,9.016,10.101,0.463,0.000,10.564,0,2,0
real-pen,80,7.873,8.969,0.423,0.000,9.392,0,2,0
real-pen,81,0.797,10.679,0.537,0.000,11.216,0,2,0
real-pen,82,6.562,7.602,0.432,0.000,8.033,0,2,0
real-pen,83,4.928,5.994,0.438,0.000,6.431,0,2,0
real-pen,84,7.856,9.006,0.392,0.000,9.398,0,2,0
real-pen,85,3.950,5.099,0.622,0.000,5.721,0,2,0
real-pen,86,1.021,2.277,0.429,0.000,2.707,0,2,0
real-pen,87,4.866,5.938,0.400,0.000,6.338,0,2,0
real-pen,88,5.732,7.668,0.338,0.000,8.005,0,2,0
real-pen,89,2.154,3.182,0.401,0.000,3.583,0,2,0
real-pen,90,7.465,8.515,0.438,0.000,8.954,0,2,0
real-pen,91,4.965,5.998,0.450,0.000,6.448,0,2,0
real-pen,92,5.420,6.474,0.428,0.000,6.902,0,2,0
real-pen,93,5.337,6.468,0.436,0.000,6.904,0,2,0
real-pen,94,7.387,8.423,0.367,0.000,8.790,0,2,0
real-pen,95,6.962,8.296,0.334,0.000,8.630,0,2,0
real-pen,96,3.758,4.772,0.410,0.000,5.182,0,2,0
real-pen,97,1.000,2.097,0.417,0.000,2.514,0,2,0
real-pen,98,7.427,8.520,0.398,0.000,8.918,0,2,0
real-pen,99,4.656,5.695,0.420,0.000,6.115,0,2,0
real-pen,100,12.232,13.357,0.470,0.000,13.827,0,3,0
real-pen,101,9.652,11.303,0.373,0.000,11.676,0,2,0
real-pen,102,7.413,8.577,0.423,0.000,9.000,0,2,0
real-pen,103,3.622,5.335,0.344,0.000,5.679,0,2,0
real-pen,104,4.200,5.611,0.554,0.000,6.165,0,2,0
real-pen,105,7.115,8.230,0.418,0.000,8.648,0,2,0
real-pen,106,6.290,7.324,0.462,0.000,7.786,0,2,0
real-pen,107,5.413,6.676,0.510,0.000,7.186,0,2,0
real-pen,108,3.063,4.477,0.508,0.000,4.985,0,2,0
real-pen,109,0.440,11.153,0.345,0.000,11.498,0,1,0
real-pen,110,5.038,6.670,0.296,0.000,6.966,0,2,0
real-pen,111,3.159,4.571,0.329,0.000,4.900,0,2,0
real-pen,112,4.846,6.258,0.406,0.000,6.664,0,2,0
real-pen,113,6.553,7.916,0.399,0.000,8.315,0,2,0
real-pen,114,8.255,9.475,0.403,0.000,9.878,0,2,0
real-pen,115,2.456,3.776,0.542,0.000,4.319,0,2,0
real-pen,116,3.158,4.524,0.551,0.000,5.075,0,2,0
real-pen,117,0.412,13.727,0.449,0.000,14.175,0,1,0
real-pen,118,6.245,7.468,0.510,0.000,7.978,0,2,0
real-pen,119,6.440,7.816,0.364,0.000,8.180,0,2,0
real-pen,120,3.387,4.943,0.350,0.000,5.293,0,2,0
real-pen,121,4.915,6.212,0.688,0.000,6.899,0,2,0
real-pen,122,6.512,7.795,0.333,0.000,8.128,0,2,0
real-pen,123,8.225,9.361,0.432,0.000,9.794,0,2,0
real-pen,124,9.857,11.089,0.365,0.000,11.454,0,2,0
real-pen,125,10.800,11.968,0.381,0.000,12.349,0,2,0
real-pen,126,2.458,3.738,0.434,0.000,4.172,0,2,0
real-pen,127,6.443,7.725,0.370,0.000,8.095,0,2,0
real-pen,128,8.179,9.306,0.433,0.000,9.739,0,2,0
real-pen,129,5.440,6.737,0.441,0.000,7.178,0,2,0
real-pen,130,1.030,2.498,0.453,0.000,2.951,0,2,0
real-pen,131,5.678,7.021,0.429,0.000,7.450,0,2,0
real-pen,132,2.318,3.416,0.435,0.000,3.851,0,2,0
real-pen,133,4.641,5.744,0.404,0.000,6.148,0,2,0
real-pen,134,2.867,3.993,0.431,0.000,4.423,0,2,0
real-pen,135,2.977,3.995,0.382,0.000,4.377,0,2,0
real-pen,136,3.062,4.072,0.427,0.000,4.499,0,2,0
real-pen,137,5.769,6.825,0.401,0.000,7.226,0,2,0
real-pen,138,9.805,10.944,0.396,0.000,11.340,0,2,0
real-pen,139,7.843,8.772,0.383,0.000,9.154,0,2,0
real-pen,140,6.482,7.504,0.359,0.000,7.864,0,2,0
real-pen,141,7.834,8.834,0.360,0.000,9.194,0,2,0
real-pen,142,2.132,7.918,0.304,0.000,8.222,0,3,0
real-pen,143,0.549,12.782,0.356,0.000,13.138,0,1,0
real-pen,144,4.066,5.074,0.389,0.000,5.464,0,1,0
real-pen,145,11.518,12.703,0.360,0.000,13.063,0,1,0
real-pen,146,3.089,4.160,0.376,0.000,4.536,0,2,0
real-pen,147,4.681,6.059,0.631,0.000,6.690,0,1,0
real-pen,148,6.064,7.146,0.355,0.000,7.501,0,1,0
real-pen,149,11.384,12.459,0.366,0.000,12.825,0,1,0
real-pen,150,3.302,4.465,0.381,0.000,4.846,0,1,0
real-pen,151,3.268,4.525,0.396,0.000,4.921,0,1,0
real-pen,152,5.810,7.474,0.424,0.000,7.898,0,1,0
real-pen,153,12.909,14.114,0.353,0.000,14.467,0,1,0
real-pen,154,6.942,8.026,0.374,0.000,8.400,0,1,0
real-pen,155,9.850,10.910,0.400,0.000,11.309,0,1,0
real-pen,156,4.871,6.307,0.408,0.000,6.715,0,1,0
real-pen,157,2.790,3.854,0.373,0.000,4.227,0,1,0
real-pen,158,3.566,4.574,0.352,0.000,4.926,0,1,0
real-pen,159,2.840,3.956,0.402,0.000,4.358,0,1,0
real-pen,160,3.976,5.079,0.395,0.000,5.473,0,1,0
real-pen,161,11.673,13.037,0.358,0.000,13.394,0,1,0
real-pen,162,13.881,15.149,0.408,0.000,15.557,0,2,0
real-pen,163,13.343,14.718,0.334,0.000,15.052,0,1,0
real-pen,164,3.178,4.441,0.377,0.000,4.818,0,1,0
real-pen,165,9.075,10.528,0.352,0.000,10.880,0,1,0
real-pen,166,7.932,9.399,0.387,0.000,9.786,0,1,0
real-pen,167,5.012,6.439,0.351,0.000,6.790,0,1,0
real-pen,168,5.283,6.570,0.349,0.000,6.919,0,1,0
real-pen,169,5.396,6.820,0.431,0.000,7.251,0,1,0
real-pen,170,2.441,4.073,0.346,0.000,4.419,0,1,0
real-pen,171,4.969,6.314,0.377,0.000,6.691,0,1,0
real-pen,172,12.244,13.691,0.387,0.000,14.078,0,1,0
real-pen,173,2.205,3.422,0.377,0.000,3.799,0,2,0
real-pen,174,2.415,4.293,0.667,0.000,4.960,0,1,0
real-pen,175,4.005,5.110,0.330,0.000,5.440,0,2,0
real-pen,176,7.342,8.673,0.483,0.000,9.156,0,2,0
real-pen,177,2.043,3.131,0.419,0.000,3.550,0,2,0
real-pen,178,0.489,8.712,0.383,0.000,9.095,0,1,0
real-pen,179,5.687,7.268,0.327,0.000,7.595,0,3,0
real-pen,180,6.394,7.670,0.482,0.000,8.152,0,2,0
real-pen,181,4.580,5.846,0.562,0.000,6.408,0,1,0
real-pen,182,3.506,4.699,0.579,0.000,5.278,0,1,0
real-pen,183,12.244,13.685,0.362,0.000,14.046,0,1,0
real-pen,184,4.777,5.974,0.393,0.000,6.367,0,2,0
real-pen,185,0.849,1.953,0.412,0.000,2.365,0,2,0
real-pen,186,5.893,7.103,0.471,0.000,7.574,0,1,0
real-pen,187,7.279,8.502,0.415,0.000,8.917,0,1,0
real-pen,188,7.116,8.515,0.309,0.000,8.824,0,2,0
real-pen,189,7.779,9.107,0.358,0.000,9.465,0,2,0
real-pen,190,8.749,9.875,0.512,0.000,10.388,0,2,0
real-pen,191,2.681,4.138,0.715,0.000,4.853,0,2,0
real-pen,192,2.207,3.435,0.377,0.000,3.812,0,2,0
real-pen,193,0.889,2.007,0.451,0.000,2.458,0,2,0
real-pen,194,6.398,7.561,0.436,0.000,7.997,0,2,0
real-pen,195,6.493,7.675,0.399,0.000,8.074,0,2,0
real-pen,196,10.759,11.912,0.636,0.000,12.547,0,2,0
real-pen,197,13.651,14.788,0.415,0.000,15.203,0,2,0
real-pen,198,6.528,7.620,0.424,0.000,8.044,0,2,0
real-pen,199,7.304,8.456,0.386,0.000,8.841,0,2,0
real-pen,200,4.037,5.159,0.543,0.000,5.701,0,2,0
real-pen,201,0.476,9.207,0.432,0.000,9.639,0,1,0
real-pen,202,2.876,4.086,0.331,0.000,4.417,0,2,0
real-pen,203,5.293,6.388,0.397,0.000,6.785,0,2,0
real-pen,204,6.706,7.785,0.446,0.000,8.230,0,2,0
real-pen,205,9.261,10.409,0.537,0.000,10.946,0,2,0
real-pen,206,3.620,5.005,0.331,0.000,5.336,0,2,0
real-pen,207,3.835,4.978,0.389,0.000,5.367,0,2,0
real-pen,208,7.556,8.729,0.374,0.000,9.103,0,2,0
real-pen,209,11.579,12.672,0.576,0.000,13.249,0,2,0
real-pen,210,12.141,13.308,0.370,0.000,13.678,0,2,0
real-pen,211,7.109,8.131,0.449,0.000,8.580,0,2,0
real-pen,212,4.780,5.899,0.400,0.000,6.298,0,2,0
real-pen,213,5.609,6.795,0.366,0.000,7.161,0,2,0
real-pen,214,0.780,1.963,0.429,0.000,2.393,0,1,0
real-pen,215,3.095,4.519,0.360,0.000,4.878,0,1,0
real-pen,216,9.909,11.147,0.391,0.000,11.537,0,1,0
real-pen,217,8.025,9.208,0.400,0.000,9.608,0,1,0
real-pen,218,1.367,3.523,0.302,0.000,3.824,0,2,0
real-pen,219,13.145,14.598,0.327,0.000,14.925,0,1,0
real-pen,220,7.675,9.061,0.402,0.000,9.463,0,1,0
real-pen,221,9.370,16.948,0.326,0.000,17.273,0,2,0
real-pen,222,7.986,9.312,0.389,0.000,9.701,0,2,0
real-pen,223,5.851,6.898,0.416,0.000,7.314,0,2,0
real-pen,224,2.119,3.094,0.420,0.000,3.514,0,2,0
real-pen,225,0.424,7.659,0.396,0.000,8.055,0,1,0
real-pen,226,11.873,12.865,0.395,0.000,13.260,0,2,0
real-pen,227,3.046,4.189,0.670,0.000,4.859,0,4,0
real-pen,228,10.256,11.502,0.415,0.000,11.917,0,1,0
real-pen,229,3.238,4.387,0.494,0.000,4.880,0,2,0
real-pen,230,9.098,10.214,0.461,0.000,10.675,0,1,0
real-pen,231,5.849,7.071,0.456,0.000,7.527,0,1,0
real-pen,232,5.432,6.818,0.396,0.000,7.214,0,2,0
real-pen,233,10.732,11.896,0.462,0.000,12.358,0,2,0
real-pen,234,13.926,15.050,0.430,0.000,15.481,0,1,0
real-pen,235,8.859,10.713,0.397,0.000,11.111,0,1,0
real-pen,236,7.959,9.314,0.665,0.000,9.979,0,1,0
real-pen,237,5.192,6.396,0.472,0.000,6.869,0,1,0
real-pen,238,10.227,11.283,0.408,0.000,11.690,0,1,0
real-pen,239,9.056,10.156,0.445,0.000,10.601,0,1,0
real-pen,240,6.622,7.767,0.441,0.000,8.208,0,1,0
real-pen,241,4.504,5.785,0.452,0.000,6.237,0,1,0
real-pen,242,4.726,5.830,0.356,0.000,6.187,0,1,0
real-pen,243,5.143,9.995,0.386,0.000,10.380,0,1,0
real-pen,244,2.289,3.911,0.338,0.000,4.248,0,3,0
real-pen,245,7.501,8.702,0.441,0.000,9.143,0,2,0
real-pen,246,10.599,11.578,0.390,0.000,11.968,0,2,0
real-pen,247,6.301,7.324,0.373,0.000,7.697,0,2,0
real-pen,248,5.157,6.189,0.402,0.000,6.591,0,2,0
real-pen,249,7.390,8.394,0.381,0.000,8.775,0,2,0
real-pen,250,5.501,6.746,0.416,0.000,7.162,0,2,0
real-pen,251,5.171,6.208,0.400,0.000,6.609,0,2,0
real-pen,252,4.087,5.213,0.388,0.000,5.600,0,2,0
real-pen,253,5.335,6.413,0.402,0.000,6.815,0,2,0
real-pen,254,2.540,3.669,0.403,0.000,4.072,0,2,0
real-pen,255,12.774,13.816,0.455,0.000,14.271,0,2,0
real-pen,256,13.268,14.369,0.411,0.000,14.780,0,2,0
real-pen,257,2.647,3.691,0.398,0.000,4.088,0,2,0
real-pen,258,9.647,10.746,0.475,0.000,11.221,0,2,0
real-pen,259,7.968,9.072,0.400,0.000,9.473,0,2,0
real-pen,260,3.475,4.429,0.393,0.000,4.821,0,2,0
real-pen,261,4.914,5.906,0.390,0.000,6.296,0,2,0
real-pen,262,2.997,4.054,0.658,0.000,4.712,0,2,0
real-pen,263,2.905,3.998,0.437,0.000,4.435,0,3,0
real-pen,264,7.322,8.318,0.441,0.000,8.759,0,2,0
real-pen,265,7.883,9.140,0.438,0.000,9.578,0,2,0
real-pen,266,8.681,9.810,0.396,0.000,10.206,0,2,0
real-pen,267,7.537,8.673,0.411,0.000,9.084,0,2,0
real-pen,268,2.970,3.976,0.432,0.000,4.408,0,2,0
real-pen,269,5.143,6.278,0.455,0.000,6.732,0,2,0
real-pen,270,0.824,1.895,0.374,0.000,2.269,0,2,0
real-pen,271,0.404,8.290,0.383,0.000,8.673,0,1,0
real-pen,272,12.378,13.432,0.393,0.000,13.825,0,2,0
real-pen,273,10.489,11.507,0.395,0.000,11.902,0,2,0
real-pen,274,11.572,12.691,0.474,0.000,13.165,0,2,0
real-pen,275,2.787,3.916,0.401,0.000,4.317,0,2,0
real-pen,276,0.352,1.663,0.333,0.000,1.996,0,3,0
real-pen,277,8.743,10.395,0.351,0.000,10.746,0,1,0
real-pen,278,6.190,7.371,0.450,0.000,7.821,0,2,0
real-pen,279,7.217,8.873,0.325,0.000,9.197,0,1,0
real-pen,280,4.687,6.117,0.574,0.000,6.691,0,1,0
real-pen,281,6.082,7.376,0.427,0.000,7.802,0,1,0
real-pen,282,7.278,8.381,0.413,0.000,8.794,0,1,0
real-pen,283,9.278,17.271,0.342,0.000,17.614,0,1,0
real-pen,284,7.379,8.661,0.324,0.000,8.985,0,2,0
real-pen,285,5.457,6.649,0.435,0.000,7.084,0,2,0
real-pen,286,7.733,8.998,0.515,0.000,9.513,0,2,0
real-pen,287,3.747,4.826,0.380,0.000,5.206,0,2,0
real-pen,288,3.113,4.371,0.349,0.000,4.720,0,2,0
real-pen,289,3.038,4.198,0.519,0.000,4.716,0,2,0
real-pen,290,0.971,2.238,0.391,0.000,2.629,0,1,0
real-pen,291,11.160,12.391,0.399,0.000,12.790,0,1,0
real-pen,292,14.544,16.026,0.407,0.000,16.433,0,2,0
real-pen,293,8.144,9.356,0.458,0.000,9.815,0,2,0
real-pen,294,0.485,1.712,0.331,0.000,2.043,0,2,0
real-pen,295,1.644,13.431,0.453,0.000,13.884,0,1,0
real-pen,296,6.424,7.479,0.489,0.000,7.968,0,2,0
real-pen,297,8.164,9.210,0.441,0.000,9.651,0,2,0
real-pen,298,7.695,8.675,0.416,0.000,9.091,0,2,0
real-pen,299,4.995,6.154,0.444,0.000,6.598,0,2,0
real-pen,300,6.888,9.043,0.356,0.000,9.399,0,3,0
real-pen,301,6.918,7.932,0.387,0.000,8.319,0,1,0
real-pen,302,5.756,6.901,0.399,0.000,7.301,0,1,0
real-pen,303,4.236,5.400,0.423,0.000,5.822,0,2,0
real-pen,304,2.507,3.783,0.412,0.000,4.195,0,1,0
real-pen,305,5.814,6.878,0.416,0.000,7.294,0,1,0
real-pen,306,3.759,4.799,0.407,0.000,5.206,0,1,0
real-pen,307,2.575,3.659,0.429,0.000,4.088,0,1,0
real-pen,308,0.846,1.883,0.466,0.000,2.349,0,1,0
real-pen,309,11.869,12.955,0.396,0.000,13.350,0,1,0
real-pen,310,14.177,15.708,0.381,0.000,16.089,0,2,0
real-pen,311,6.674,7.762,0.380,0.000,8.142,0,2,0
real-pen,312,7.270,8.598,0.478,0.000,9.075,0,1,0
real-pen,313,3.840,4.940,0.416,0.000,5.356,0,2,0
real-pen,314,5.503,6.624,0.422,0.000,7.046,0,1,0
real-pen,315,5.053,6.139,0.442,0.000,6.581,0,1,0
real-pen,316,2.923,4.018,0.484,0.000,4.502,0,1,0
real-pen,317,3.167,4.542,0.477,0.000,5.019,0,1,0
real-pen,318,2.748,3.900,0.455,0.000,4.355,0,1,0
real-pen,319,3.780,4.837,0.448,0.000,5.286,0,1,0
real-pen,320,6.230,7.361,0.449,0.000,7.810,0,1,0
real-pen,321,10.889,11.975,0.426,0.000,12.401,0,1,0
real-pen,322,12.996,14.069,0.432,0.000,14.502,0,1,0
real-pen,323,12.927,13.984,0.381,0.000,14.365,0,1,0
real-pen,324,8.984,10.061,0.390,0.000,10.451,0,1,0
real-pen,325,9.754,11.056,0.619,0.000,11.676,0,1,0
real-pen,326,8.841,9.898,0.440,0.000,10.338,0,1,0
real-pen,327,6.870,7.937,0.381,0.000,8.318,0,1,0
real-pen,328,7.361,8.436,0.428,0.000,8.863,0,1,0
real-pen,329,6.315,7.424,0.387,0.000,7.811,0,1,0
real-pen,330,7.867,9.321,0.335,0.000,9.656,0,2,0
real-pen,331,0.616,1.723,0.399,0.000,2.122,0,2,0
real-pen,332,3.576,4.512,0.440,0.000,4.952,0,3,0
real-pen,333,0.420,14.733,0.404,0.000,15.138,0,1,0
real-pen,334,11.276,12.175,0.406,0.000,12.582,0,3,0
real-pen,335,10.960,11.922,0.398,0.000,12.319,0,2,0
real-pen,336,7.485,8.372,0.400,0.000,8.772,0,2,0
real-pen,337,7.018,7.905,0.399,0.000,8.304,0,2,0
real-pen,338,4.540,5.508,0.404,0.000,5.912,0,2,0
real-pen,339,4.142,5.109,0.394,0.000,5.503,0,3,0
real-pen,340,3.879,4.777,0.368,0.000,5.145,0,2,0
real-pen,341,3.737,4.707,0.394,0.000,5.101,0,2,0
real-pen,342,2.997,3.969,0.358,0.000,4.327,0,2,0
real-pen,343,4.663,5.676,0.377,0.000,6.053,0,2,0
real-pen,344,7.409,8.431,0.388,0.000,8.819,0,2,0
real-pen,345,2.649,3.721,0.366,0.000,4.087,0,4,0
real-pen,346,4.565,5.568,0.422,0.000,5.989,0,1,0
real-pen,347,8.703,9.685,0.396,0.000,10.081,0,1,0
real-pen,348,13.787,14.874,0.402,0.000,15.276,0,1,0
real-pen,349,4.213,5.229,0.387,0.000,5.616,0,1,0
real-pen,350,3.361,4.452,0.407,0.000,4.858,0,1,0
real-pen,351,8.040,9.002,0.351,0.000,9.354,0,1,0
real-pen,352,0.638,1.868,0.329,0.000,2.197,0,2,0
real-pen,353,3.303,4.587,0.397,0.000,4.984,0,2,0
real-pen,354,4.331,5.462,0.451,0.000,5.913,0,2,0
real-pen,355,4.080,5.456,0.443,0.000,5.899,0,1,0
real-pen,356,3.974,5.036,0.430,0.000,5.465,0,1,0
real-pen,357,6.141,7.410,0.484,0.000,7.894,0,1,0
real-pen,358,13.388,14.697,0.475,0.000,15.172,0,1,0
real-pen,359,13.348,14.529,0.433,0.000,14.962,0,1,0
real-pen,360,13.452,14.653,0.395,0.000,15.048,0,1,0
real-pen,361,16.815,18.160,0.315,0.000,18.475,0,2,0
real-pen,362,0.594,11.530,0.453,0.000,11.983,0,1,0
real-pen,363,3.054,4.050,0.452,0.000,4.501,0,2,0
real-pen,364,7.998,9.022,0.395,0.000,9.417,0,2,0
real-pen,365,2.604,3.613,0.421,0.000,4.034,0,2,0
real-pen,366,6.736,7.781,0.435,0.000,8.217,0,2,0
real-pen,367,4.655,5.651,0.419,0.000,6.070,0,2,0
real-pen,368,3.353,4.271,0.424,0.000,4.695,0,2,0
real-pen,369,2.318,3.295,0.468,0.000,3.764,0,2,0
real-pen,370,2.985,4.220,0.574,0.000,4.794,0,2,0
real-pen,371,11.724,12.790,0.645,0.000,13.436,0,2,0
real-pen,372,12.861,13.870,0.467,0.000,14.337,0,2,0
real-pen,373,14.077,15.003,0.404,0.000,15.407,0,2,0
real-pen,374,8.815,9.709,0.383,0.000,10.092,0,2,0
real-pen,375,5.564,6.554,0.400,0.000,6.954,0,2,0
real-pen,376,5.267,6.223,0.359,0.000,6.581,0,2,0
real-pen,377,6.780,7.816,0.382,0.000,8.199,0,2,0
real-pen,378,8.414,9.404,0.407,0.000,9.811,0,2,0
real-pen,379,2.953,3.872,0.445,0.000,4.316,0,2,0
real-pen,380,3.430,4.439,0.391,0.000,4.829,0,2,0
real-pen,381,6.797,7.684,0.359,0.000,8.043,0,2,0
real-pen,382,4.404,5.346,0.405,0.000,5.751,0,2,0
real-pen,383,9.876,10.817,0.402,0.000,11.219,0,2,0
real-pen,384,4.113,5.106,0.437,0.000,5.543,0,2,0
real-pen,385,10.764,11.857,0.411,0.000,12.268,0,2,0
real-pen,386,7.129,8.075,0.435,0.000,8.511,0,2,0
real-pen,387,9.393,10.456,0.389,0.000,10.844,0,3,0
real-pen,388,8.834,10.379,0.346,0.000,10.724,0,2,0
real-pen,389,8.226,9.365,0.457,0.000,9.822,0,2,0
real-pen,390,4.036,5.087,0.348,0.000,5.434,0,2,0
real-pen,391,10.017,11.017,0.399,0.000,11.416,0,2,0
real-pen,392,0.575,9.171,0.489,0.000,9.660,0,2,0
real-pen,393,2.618,3.627,0.380,0.000,4.007,0,1,0
real-pen,394,4.692,5.675,0.430,0.000,6.105,0,1,0
real-pen,395,9.400,10.414,0.402,0.000,10.815,0,1,0
real-pen,396,6.087,7.146,0.361,0.000,7.507,0,1,0
real-pen,397,3.167,4.329,0.356,0.000,4.685,0,1,0
real-pen,398,6.591,7.667,0.361,0.000,8.027,0,1,0
real-pen,399,1.787,3.340,0.308,0.000,3.649,0,1,0
real-pen,400,6.589,7.637,0.373,0.000,8.011,0,2,0
real-pen,401,5.395,6.341,0.457,0.000,6.797,0,2,0
real-pen,402,5.853,6.836,0.344,0.000,7.180,0,2,0
real-pen,403,3.589,4.748,0.357,0.000,5.104,0,2,0
real-pen,404,2.054,2.921,0.363,0.000,3.284,0,2,0
real-pen,405,4.231,5.070,0.354,0.000,5.425,0,2,0
real-pen,406,3.749,4.747,0.374,0.000,5.121,0,2,0
real-pen,407,0.498,1.521,0.410,0.000,1.931,0,2,0
real-pen,408,0.942,16.637,0.365,0.000,17.002,0,1,0
real-pen,409,2.933,3.786,0.384,0.000,4.170,0,2,0
real-pen,410,4.240,5.286,0.400,0.000,5.686,0,2,0
real-pen,411,5.960,6.937,0.364,0.000,7.301,0,2,0
real-pen,412,3.217,4.108,0.384,0.000,4.492,0,2,0
real-pen,413,2.982,3.902,0.402,0.000,4.304,0,2,0
real-pen,414,4.618,5.806,0.632,0.000,6.438,0,2,0
real-pen,415,6.482,7.476,0.420,0.000,7.896,0,2,0
real-pen,416,8.044,9.055,0.468,0.000,9.523,0,2,0
real-pen,417,9.715,10.740,0.372,0.000,11.112,0,2,0
real-pen,418,2.740,3.791,0.487,0.000,4.278,0,2,0
real-pen,419,4.685,5.930,0.500,0.000,6.430,0,2,0
real-pen,420,6.302,7.282,0.357,0.000,7.639,0,2,0
real-pen,421,0.828,17.099,0.501,0.000,17.600,0,1,0
real-pen,422,3.250,4.410,0.391,0.000,4.801,0,2,0
real-pen,423,9.781,10.992,0.697,0.000,11.689,0,2,0
real-pen,424,10.122,11.246,0.421,0.000,11.667,0,2,0
real-pen,425,6.698,7.738,0.440,0.000,8.178,0,2,0
real-pen,426,8.496,9.506,0.463,0.000,9.969,0,2,0
real-pen,427,8.892,9.921,0.421,0.000,10.342,0,2,0
real-pen,428,7.259,8.194,0.348,0.000,8.542,0,2,0
real-pen,429,4.048,5.278,0.384,0.000,5.662,0,2,0
real-pen,430,4.853,5.961,0.425,0.000,6.386,0,2,0
real-pen,431,2.375,3.797,0.298,0.000,4.095,0,3,0
real-pen,432,1.184,16.881,0.431,0.000,17.312,0,1,0
real-pen,433,0.211,16.275,0.483,0.000,16.757,0,1,0
real-pen,434,12.711,13.753,0.395,0.000,14.148,0,1,0
real-pen,435,11.423,12.459,0.449,0.000,12.908,0,1,0
real-pen,436,10.051,11.021,0.401,0.000,11.422,0,1,0
real-pen,437,2.202,3.280,0.491,0.000,3.771,0,1,0
real-pen,438,4.716,5.950,0.430,0.000,6.380,0,1,0
real-pen,439,5.780,6.965,0.415,0.000,7.380,0,1,0
real-pen,440,7.888,8.907,0.403,0.000,9.310,0,1,0
real-pen,441,6.848,7.825,0.688,0.000,8.513,0,1,0
real-pen,442,10.567,11.724,0.436,0.000,12.160,0,1,0
real-pen,443,12.699,17.661,0.323,0.000,17.984,0,2,0
real-pen,444,6.559,7.991,0.351,0.000,8.342,0,2,0
real-pen,445,10.843,11.967,0.420,0.000,12.387,0,2,0
real-pen,446,8.533,9.633,0.405,0.000,10.037,0,2,0
real-pen,447,11.458,12.457,0.426,0.000,12.883,0,2,0
real-pen,448,6.270,7.276,0.436,0.000,7.713,0,2,0
real-pen,449,2.778,3.741,0.465,0.000,4.205,0,2,0
real-pen,450,5.691,6.709,0.440,0.000,7.149,0,2,0
real-pen,451,9.287,10.581,0.336,0.000,10.917,0,2,0
real-pen,452,7.706,8.654,0.490,0.000,9.144,0,2,0
real-pen,453,8.425,9.509,0.421,0.000,9.930,0,2,0
real-pen,454,8.923,10.004,0.481,0.000,10.484,0,2,0
real-pen,455,8.658,9.804,0.349,0.000,10.153,0,2,0
real-pen,456,4.399,5.371,0.421,0.000,5.792,0,2,0
real-pen,457,10.356,11.423,0.439,0.000,11.862,0,2,0
real-pen,458,5.005,6.184,0.400,0.000,6.584,0,2,0
real-pen,459,2.055,3.296,0.520,0.000,3.817,0,2,0
real-pen,460,11.518,12.781,0.328,0.000,13.109,0,2,0
real-pen,461,9.930,10.967,0.397,0.000,11.364,0,2,0
real-pen,462,8.481,9.552,0.404,0.000,9.957,0,2,0
real-pen,463,8.421,9.453,0.420,0.000,9.873,0,2,0
real-pen,464,8.600,9.675,0.418,0.000,10.092,0,2,0
real-pen,465,13.165,14.209,0.413,0.000,14.622,0,2,0
real-pen,466,2.714,3.876,0.385,0.000,4.261,0,2,0
real-pen,467,6.482,7.613,0.413,0.000,8.026,0,2,0
real-pen,468,9.011,10.157,0.333,0.000,10.490,0,2,0
real-pen,469,4.647,5.989,0.536,0.000,6.525,0,2,0
real-pen,470,4.812,6.003,0.531,0.000,6.534,0,2,0
real-pen,471,5.729,6.923,0.540,0.000,7.463,0,2,0
real-pen,472,4.876,6.022,0.633,0.000,6.654,0,2,0
real-pen,473,4.605,5.773,0.353,0.000,6.126,0,2,0
real-pen,474,5.298,6.822,0.321,0.000,7.143,0,2,0
real-pen,475,2.915,4.075,0.321,0.000,4.396,0,2,0
real-pen,476,3.708,4.816,0.344,0.000,5.160,0,2,0
real-pen,477,2.301,3.420,0.348,0.000,3.767,0,2,0
real-pen,478,9.905,11.230,0.515,0.000,11.745,0,2,0
real-pen,479,12.464,13.712,0.515,0.000,14.227,0,2,0
real-pen,480,6.581,7.732,0.523,0.000,8.255,0,2,0
real-pen,481,9.580,10.758,0.321,0.000,11.079,0,3,0
real-pen,482,4.120,5.582,0.642,0.000,6.224,0,1,0
real-pen,483,5.765,6.868,0.422,0.000,7.291,0,1,0
real-pen,484,6.519,7.676,0.401,0.000,8.077,0,1,0
real-pen,485,5.322,6.400,0.384,0.000,6.784,0,1,0
real-pen,486,5.604,6.753,0.332,0.000,7.084,0,1,0
real-pen,487,2.685,3.884,0.341,0.000,4.225,0,2,0
real-pen,488,1.941,3.040,0.390,0.000,3.429,0,1,0
real-pen,489,0.294,1.550,0.460,0.000,2.010,0,2,0
real-pen,490,0.398,15.036,0.399,0.000,15.435,0,2,0
real-pen,491,12.366,13.808,0.608,0.000,14.416,0,3,0
real-pen,492,13.389,14.525,0.378,0.000,14.902,0,1,0
real-pen,493,8.699,9.728,0.421,0.000,10.149,0,1,0
real-pen,494,6.994,8.042,0.457,0.000,8.499,0,1,0
real-pen,495,10.434,11.545,0.347,0.000,11.892,0,1,0
real-pen,496,9.201,10.323,0.397,0.000,10.720,0,1,0
real-pen,497,5.787,6.980,0.343,0.000,7.322,0,1,0
real-pen,498,3.458,4.618,0.336,0.000,4.954,0,1,0
real-pen,499,12.851,14.091,0.324,0.000,14.415,0,1,0
real-pen,500,9.716,10.950,0.534,0.000,11.484,0,2,0
real-pen,501,10.696,12.077,0.518,0.000,12.595,0,1,0
real-pen,502,3.873,4.968,0.424,0.000,5.392,0,2,0
real-pen,503,6.402,7.614,0.334,0.000,7.947,0,1,0
real-pen,504,6.253,7.518,0.667,0.000,8.186,0,1,0
real-pen,505,3.663,4.912,0.443,0.000,5.354,0,2,0
real-pen,506,2.202,3.391,0.538,0.000,3.929,0,1,0
real-pen,507,11.921,13.002,0.342,0.000,13.344,0,1,0
real-pen,508,11.147,12.301,0.395,0.000,12.696,0,1,0
real-pen,509,10.285,11.417,0.412,0.000,11.829,0,1,0
real-pen,510,5.367,6.610,0.523,0.000,7.133,0,1,0
real-pen,511,7.549,8.766,0.520,0.000,9.285,0,1,0
real-pen,512,9.511,10.706,0.549,0.000,11.254,0,1,0
real-pen,513,9.177,10.360,0.692,0.000,11.052,0,1,0
real-pen,514,8.154,9.525,0.544,0.000,10.069,0,2,0
real-pen,515,2.058,3.182,0.359,0.000,3.541,0,1,0
real-pen,516,2.904,4.096,0.350,0.000,4.446,0,1,0
real-pen,517,8.119,9.896,0.384,0.000,10.280,0,1,0
real-pen,518,9.822,11.090,0.543,0.000,11.633,0,1,0
real-pen,519,2.226,3.649,0.550,0.000,4.199,0,1,0
real-pen,520,2.742,3.985,0.535,0.000,4.520,0,1,0
real-pen,521,8.155,9.226,0.401,0.000,9.627,0,1,0
real-pen,522,8.626,9.837,0.678,0.000,10.516,0,1,0
real-pen,523,3.315,4.679,0.532,0.000,5.211,0,1,0
real-pen,524,0.457,1.639,0.531,0.000,2.170,0,1,0
real-pen,525,10.690,12.001,0.407,0.000,12.408,0,1,0
real-pen,526,12.250,13.498,0.371,0.000,13.868,0,3,0
real-pen,527,0.311,13.161,0.337,0.000,13.497,0,1,0
real-pen,528,0.357,1.499,0.510,0.000,2.009,0,2,0
real-pen,529,5.670,6.833,0.536,0.000,7.368,0,2,0
real-pen,530,5.678,6.577,0.526,0.000,7.103,0,2,0
real-pen,531,8.182,9.421,0.384,0.000,9.805,0,2,0
real-pen,532,5.873,6.840,0.349,0.000,7.189,0,2,0
real-pen,533,2.941,3.924,0.349,0.000,4.272,0,2,0
real-pen,534,5.599,6.926,0.354,0.000,7.280,0,2,0
real-pen,535,4.920,6.014,0.343,0.000,6.357,0,2,0
real-pen,536,0.327,1.298,0.488,0.000,1.786,0,2,0
real-pen,537,0.427,12.059,0.318,0.000,12.377,0,1,0
real-pen,538,4.461,5.471,0.334,0.000,5.805,0,2,0
real-pen,539,3.159,4.092,0.330,0.000,4.422,0,2,0
real-pen,540,0.429,13.164,0.535,0.000,13.699,0,1,0
real-pen,541,11.513,12.676,0.355,0.000,13.031,0,2,0
real-pen,542,9.557,10.485,0.515,0.000,11.000,0,2,0
real-pen,543,7.074,7.936,0.357,0.000,8.293,0,2,0
real-pen,544,7.377,8.199,0.367,0.000,8.566,0,2,0
real-pen,545,2.745,3.612,0.296,0.000,3.908,0,2,0
real-pen,546,4.251,5.101,0.393,0.000,5.494,0,2,0
real-pen,547,4.402,5.263,0.326,0.000,5.589,0,2,0
real-pen,548,4.987,5.966,0.306,0.000,6.272,0,2,0
real-pen,549,3.318,4.315,0.333,0.000,4.648,0,2,0
real-pen,550,0.545,7.480,0.399,0.000,7.880,0,2,0
real-pen,551,3.261,4.120,0.318,0.000,4.438,0,2,0
real-pen,552,0.414,1.633,0.497,0.000,2.130,0,2,0
real-pen,553,8.850,9.781,0.308,0.000,10.090,0,2,0
real-pen,554,6.338,7.352,0.674,0.000,8.027,0,2,0
real-pen,555,2.965,3.947,0.311,0.000,4.259,0,1,0
real-pen,556,0.248,16.411,0.330,0.000,16.741,0,1,0
real-pen,557,14.541,15.508,0.315,0.000,15.823,0,2,0
real-pen,558,0.204,16.095,0.354,0.000,16.448,0,1,0
real-pen,559,11.348,12.458,0.529,0.000,12.986,0,1,0
real-pen,560,10.617,11.541,0.340,0.000,11.881,0,1,0
real-pen,561,12.611,13.607,0.319,0.000,13.926,0,1,0
real-pen,562,4.904,5.789,0.323,0.000,6.113,0,2,0
real-pen,563,8.426,9.287,0.667,0.000,9.954,0,1,0
real-pen,564,6.516,7.643,0.484,0.000,8.127,0,1,0
real-pen,565,4.123,5.114,0.394,0.000,5.507,0,2,0
real-pen,566,8.660,9.982,0.291,0.000,10.273,0,1,0
real-pen,567,7.018,8.117,0.399,0.000,8.516,0,2,0
real-pen,568,2.504,3.640,0.570,0.000,4.210,0,1,0
real-pen,569,2.834,3.771,0.321,0.000,4.091,0,1,0
real-pen,570,7.246,8.168,0.330,0.000,8.498,0,1,0
real-pen,571,1.734,2.714,0.311,0.000,3.026,0,1,0
real-pen,572,2.333,3.263,0.670,0.000,3.934,0,1,0
real-pen,573,2.738,3.693,0.347,0.000,4.040,0,1,0
real-pen,574,3.497,4.468,0.326,0.000,4.794,0,1,0
real-pen,575,1.689,2.611,0.311,0.000,2.922,0,1,0
real-pen,576,12.742,13.616,0.313,0.000,13.929,0,1,0
real-pen,577,10.639,11.608,0.311,0.000,11.919,0,1,0
real-pen,578,6.921,7.920,0.306,0.000,8.226,0,1,0
real-pen,579,3.992,5.100,0.517,0.000,5.617,0,1,0
real-pen,580,9.536,10.495,0.321,0.000,10.816,0,1,0
real-pen,581,8.770,9.702,0.599,0.000,10.300,0,1,0
real-pen,582,5.847,6.909,0.492,0.000,7.401,0,1,0
real-pen,583,4.024,4.969,0.536,0.000,5.506,0,2,0
real-pen,584,6.163,7.229,0.333,0.000,7.561,0,1,0
real-pen,585,5.145,6.181,0.478,0.000,6.659,0,1,0
real-pen,586,2.793,3.951,0.536,0.000,4.488,0,2,0
real-pen,587,1.908,2.884,0.532,0.000,3.415,0,1,0
real-pen,588,0.333,1.242,0.343,0.000,1.586,0,1,0
real-pen,589,2.775,3.725,0.504,0.000,4.229,0,1,0
real-pen,590,9.378,10.322,0.662,0.000,10.984,0,1,0
real-pen,591,10.972,11.963,0.500,0.000,12.463,0,1,0
real-pen,592,8.886,10.266,0.351,0.000,10.616,0,1,0
real-pen,593,6.824,7.873,0.504,0.000,8.377,0,2,0
real-pen,594,2.032,2.929,0.360,0.000,3.289,0,2,0
real-pen,595,10.362,11.404,0.597,0.000,12.001,0,2,0
real-pen,596,6.147,7.082,0.544,0.000,7.626,0,2,0
real-pen,597,8.591,9.493,0.511,0.000,10.004,0,2,0
real-pen,598,9.219,10.214,0.574,0.000,10.788,0,2,0
real-pen,599,7.589,8.518,0.685,0.000,9.203,0,2,0
real-pen,600,3.895,4.733,0.512,0.000,5.245,0,2,0
real-pen,601,6.377,7.203,0.511,0.000,7.714,0,2,0
real-pen,602,9.186,10.034,0.372,0.000,10.406,0,2,0
real-pen,603,2.800,3.607,0.365,0.000,3.972,0,2,0
real-pen,604,5.737,6.566,0.504,0.000,7.069,0,2,0
real-pen,605,12.350,13.148,0.304,0.000,13.452,0,2,0
real-pen,606,14.926,15.803,0.492,0.000,16.295,0,2,0
real-pen,607,10.229,11.062,0.642,0.000,11.703,0,2,0
real-pen,608,4.782,5.703,0.510,0.000,6.213,0,2,0
real-pen,609,5.710,6.636,0.490,0.000,7.125,0,2,0
real-pen,610,7.318,8.284,0.528,0.000,8.812,0,2,0
real-pen,611,8.083,9.083,0.510,0.000,9.593,0,2,0
real-pen,612,2.584,3.782,0.340,0.000,4.121,0,2,0
real-pen,613,5.449,6.463,0.327,0.000,6.790,0,3,0
real-pen,614,5.115,5.944,0.317,0.000,6.261,0,1,0
real-pen,615,1.546,2.449,0.540,0.000,2.989,0,1,0
real-pen,616,2.632,3.556,0.634,0.000,4.191,0,1,0
real-pen,617,9.206,10.137,0.484,0.000,10.621,0,1,0
real-pen,618,4.927,5.859,0.286,0.000,6.145,0,2,0
real-pen,619,6.980,7.892,0.474,0.000,8.366,0,2,0
real-pen,620,10.416,11.291,0.493,0.000,11.784,0,2,0
real-pen,621,9.014,9.919,0.485,0.000,10.403,0,1,0
real-pen,622,10.461,11.407,0.494,0.000,11.901,0,1,0
real-pen,623,8.495,9.744,0.331,0.000,10.075,0,2,0
real-pen,624,4.113,5.035,0.525,0.000,5.561,0,1,0
real-pen,625,4.377,5.281,0.503,0.000,5.784,0,1,0
real-pen,626,10.034,10.965,0.493,0.000,11.458,0,1,0
real-pen,627,7.678,8.667,0.487,0.000,9.153,0,2,0
real-pen,628,5.491,6.428,0.574,0.000,7.001,0,2,0
real-pen,629,4.427,5.596,0.315,0.000,5.911,0,2,0
real-pen,630,9.609,10.865,0.322,0.000,11.187,0,1,0
real-pen,631,6.897,7.880,0.518,0.000,8.398,0,2,0
real-pen,632,8.259,9.187,0.411,0.000,9.598,0,1,0
real-pen,633,10.871,11.964,0.314,0.000,12.278,0,2,0
real-pen,634,2.275,3.165,0.342,0.000,3.507,0,1,0
real-pen,635,2.079,2.961,0.389,0.000,3.350,0,1,0
real-pen,636,2.713,3.632,0.397,0.000,4.029,0,1,0
real-pen,637,2.566,3.658,0.314,0.000,3.972,0,1,0
real-pen,638,4.035,5.155,0.511,0.000,5.667,0,2,0
real-pen,639,5.885,7.025,0.423,0.000,7.448,0,1,0
real-pen,640,7.413,8.457,0.354,0.000,8.811,0,1,0
real-pen,641,7.449,8.518,0.309,0.000,8.826,0,1,0
real-pen,642,9.554,10.621,0.303,0.000,10.924,0,2,0
real-pen,643,4.909,6.354,0.329,0.000,6.684,0,1,0
real-pen,644,6.678,7.799,0.313,0.000,8.113,0,2,0
real-pen,645,8.347,9.317,0.351,0.000,9.668,0,2,0
real-pen,646,2.478,3.517,0.317,0.000,3.834,0,2,0
real-pen,647,2.114,2.948,0.541,0.000,3.489,0,2,0
real-pen,648,8.821,9.870,0.334,0.000,10.204,0,2,0
real-pen,649,3.121,4.108,0.332,0.000,4.440,0,2,0
real-pen,650,0.400,1.225,0.515,0.000,1.740,0,2,0
real-pen,651,3.004,3.945,0.328,0.000,4.273,0,2,0
real-pen,652,11.159,12.117,0.308,0.000,12.426,0,2,0
real-pen,653,4.198,5.311,0.315,0.000,5.626,0,2,0
real-pen,654,3.933,4.822,0.325,0.000,5.147,0,2,0
real-pen,655,2.537,3.488,0.301,0.000,3.789,0,2,0
real-pen,656,8.462,9.392,0.295,0.000,9.686,0,2,0
real-pen,657,4.404,5.364,0.285,0.000,5.649,0,2,0
real-pen,658,3.469,4.364,0.289,0.000,4.652,0,2,0
real-pen,659,4.560,5.422,0.297,0.000,5.720,0,2,0
real-pen,660,3.247,4.175,0.289,0.000,4.464,0,2,0
real-pen,661,4.656,5.730,0.488,0.000,6.217,0,2,0
real-pen,662,11.195,12.183,0.325,0.000,12.508,0,1,0
real-pen,663,11.624,12.580,0.305,0.000,12.886,0,2,0
real-pen,664,5.656,6.638,0.319,0.000,6.957,0,1,0
real-pen,665,4.256,5.121,0.491,0.000,5.613,0,1,0
real-pen,666,9.144,10.272,0.292,0.000,10.565,0,1,0
real-pen,667,6.019,7.044,0.311,0.000,7.355,0,2,0
real-pen,668,8.276,9.844,0.319,0.000,10.163,0,1,0
real-pen,669,3.080,4.093,0.324,0.000,4.417,0,2,0
real-pen,670,4.949,5.999,0.506,0.000,6.505,0,2,0
real-pen,671,6.699,7.752,0.308,0.000,8.060,0,2,0
real-pen,672,8.402,9.316,0.321,0.000,9.637,0,2,0
real-pen,673,2.572,3.496,0.301,0.000,3.797,0,2,0
real-pen,674,3.075,3.916,0.503,0.000,4.419,0,2,0
real-pen,675,4.900,5.981,0.330,0.000,6.311,0,2,0
real-pen,676,6.520,7.444,0.306,0.000,7.750,0,2,0
real-pen,677,8.248,9.103,0.506,0.000,9.609,0,2,0
real-pen,678,3.301,4.288,0.308,0.000,4.596,0,2,0
real-pen,679,5.244,6.503,0.328,0.000,6.831,0,2,0
real-pen,680,6.704,7.841,0.310,0.000,8.152,0,2,0
real-pen,681,8.466,9.409,0.508,0.000,9.917,0,2,0
real-pen,682,10.455,11.666,0.555,0.000,12.222,0,2,0
real-pen,683,3.258,4.611,0.645,0.000,5.257,0,2,0
real-pen,684,5.352,6.717,0.337,0.000,7.054,0,2,0
real-pen,685,5.308,6.402,0.507,0.000,6.909,0,2,0
real-pen,686,9.055,10.030,0.401,0.000,10.431,0,2,0
real-pen,687,3.492,4.514,0.406,0.000,4.919,0,2,0
real-pen,688,5.146,6.193,0.438,0.000,6.631,0,2,0
real-pen,689,7.194,8.220,0.428,0.000,8.648,0,2,0
real-pen,690,0.896,16.704,0.388,0.000,17.091,0,1,0
real-pen,691,10.449,11.359,0.482,0.000,11.841,0,2,0
real-pen,692,7.882,8.812,0.370,0.000,9.182,0,2,0
real-pen,693,3.537,4.608,0.390,0.000,4.998,0,2,0
real-pen,694,4.388,5.274,0.344,0.000,5.618,0,2,0
real-pen,695,13.760,14.738,0.523,0.000,15.260,0,2,0
real-pen,696,14.046,15.135,0.426,0.000,15.562,0,2,0
real-pen,697,12.282,13.429,0.387,0.000,13.815,0,2,0
real-pen,698,13.841,14.865,0.369,0.000,15.234,0,2,0
real-pen,699,6.436,7.357,0.342,0.000,7.698,0,3,0
real-pen,700,10.737,11.710,0.387,0.000,12.098,0,2,0
real-pen,701,10.824,11.850,0.371,0.000,12.221,0,2,0
real-pen,702,7.390,8.373,0.376,0.000,8.749,0,3,0
real-pen,703,5.968,6.959,0.452,0.000,7.411,0,2,0
real-pen,704,5.654,6.689,0.404,0.000,7.093,0,2,0
real-pen,705,4.399,5.470,0.445,0.000,5.915,0,2,0
real-pen,706,4.934,6.028,0.435,0.000,6.463,0,2,0
real-pen,707,4.519,5.521,0.379,0.000,5.900,0,2,0
real-pen,708,3.117,4.109,0.375,0.000,4.484,0,2,0
real-pen,709,11.201,12.196,0.331,0.000,12.527,0,2,0
real-pen,710,3.673,4.746,0.438,0.000,5.185,0,2,0
real-pen,711,13.814,14.806,0.376,0.000,15.183,0,2,0
real-pen,712,7.027,8.184,0.381,0.000,8.565,0,2,0
real-pen,713,5.956,6.893,0.393,0.000,7.285,0,2,0
real-pen,714,1.066,2.084,0.395,0.000,2.479,0,2,0
real-pen,715,3.066,4.078,0.361,0.000,4.439,0,2,0
real-pen,716,4.957,5.930,0.392,0.000,6.322,0,2,0
real-pen,717,0.442,12.769,0.437,0.000,13.206,0,1,0
real-pen,718,10.097,11.169,0.457,0.000,11.626,0,2,0
real-pen,719,5.229,6.419,0.412,0.000,6.831,0,2,0
real-pen,720,5.921,6.910,0.469,0.000,7.379,0,2,0
real-pen,721,2.094,3.192,0.450,0.000,3.642,0,2,0
real-pen,722,9.133,10.014,0.424,0.000,10.438,0,2,0
real-pen,723,7.416,8.526,0.381,0.000,8.907,0,2,0
real-pen,724,11.612,12.610,0.448,0.000,13.058,0,2,0
real-pen,725,2.310,3.235,0.462,0.000,3.697,0,2,0
real-pen,726,7.935,8.902,0.461,0.000,9.363,0,2,0
real-pen,727,6.421,7.598,0.462,0.000,8.060,0,2,0
real-pen,728,9.061,10.147,0.376,0.000,10.523,0,2,0
real-pen,729,4.524,5.499,0.398,0.000,5.897,0,2,0
real-pen,730,2.985,3.933,0.411,0.000,4.344,0,2,0
real-pen,731,0.793,2.025,0.357,0.000,2.381,0,3,0
real-pen,732,2.986,3.964,0.683,0.000,4.647,0,1,0
real-pen,733,9.872,11.044,0.433,0.000,11.476,0,1,0
real-pen,734,14.317,15.423,0.363,0.000,15.786,0,1,0
real-pen,735,0.218,15.986,0.453,0.000,16.439,0,1,0
real-pen,736,13.110,14.146,0.399,0.000,14.545,0,1,0
real-pen,737,10.217,11.744,0.396,0.000,12.139,0,1,0
real-pen,738,1.854,2.967,0.380,0.000,3.347,0,1,0
real-pen,739,7.062,8.109,0.434,0.000,8.543,0,1,0
real-pen,740,7.071,8.109,0.398,0.000,8.507,0,1,0
real-pen,741,3.874,4.944,0.410,0.000,5.354,0,1,0
real-pen,742,3.530,4.823,0.455,0.000,5.278,0,1,0
real-pen,743,3.514,4.669,0.453,0.000,5.122,0,1,0
real-pen,744,0.817,1.905,0.452,0.000,2.357,0,1,0
real-pen,745,7.562,8.661,0.402,0.000,9.063,0,1,0
real-pen,746,12.139,13.365,0.406,0.000,13.771,0,1,0
real-pen,747,2.055,3.161,0.453,0.000,3.615,0,1,0
real-pen,748,5.558,6.738,0.398,0.000,7.136,0,1,0
real-pen,749,8.866,9.981,0.454,0.000,10.435,0,1,0
real-pen,750,8.522,9.692,0.560,0.000,10.252,0,1,0
real-pen,751,8.627,9.958,0.340,0.000,10.297,0,2,0
real-pen,752,4.841,6.076,0.374,0.000,6.450,0,2,0
real-pen,753,3.291,4.431,0.442,0.000,4.873,0,2,0
real-pen,754,0.469,4.771,0.423,0.000,5.194,0,1,0
real-pen,755,15.876,17.164,0.341,0.000,17.505,0,2,0
real-pen,756,12.327,13.645,0.398,0.000,14.043,0,2,0
real-pen,757,5.840,7.126,0.395,0.000,7.521,0,2,0
real-pen,758,9.505,10.536,0.447,0.000,10.983,0,2,0
real-pen,759,9.053,10.164,0.425,0.000,10.590,0,2,0
real-pen,760,4.013,5.152,0.414,0.000,5.566,0,4,0
real-pen,761,6.353,7.512,0.429,0.000,7.941,0,1,0
real-pen,762,5.181,6.253,0.425,0.000,6.677,0,1,0
real-pen,763,0.934,1.968,0.385,0.000,2.353,0,1,0
real-pen,764,5.122,6.446,0.363,0.000,6.809,0,1,0
real-pen,765,7.362,8.511,0.429,0.000,8.939,0,1,0
real-pen,766,8.295,9.365,0.418,0.000,9.783,0,2,0
real-pen,767,5.283,6.332,0.417,0.000,6.750,0,1,0
real-pen,768,7.064,8.231,0.406,0.000,8.637,0,1,0
real-pen,769,11.793,12.894,0.422,0.000,13.316,0,1,0
real-pen,770,13.012,14.174,0.407,0.000,14.581,0,2,0
real-pen,771,4.244,5.397,0.401,0.000,5.798,0,1,0
real-pen,772,11.182,13.155,0.350,0.000,13.504,0,1,0
real-pen,773,10.393,11.720,0.375,0.000,12.095,0,1,0
real-pen,774,11.831,12.949,0.404,0.000,13.353,0,1,0
real-pen,775,15.591,16.902,0.381,0.000,17.282,0,2,0
real-pen,776,1.008,9.250,0.454,0.000,9.704,0,1,0
real-pen,777,3.290,4.459,0.516,0.000,4.975,0,1,0
real-pen,778,5.630,6.608,0.375,0.000,6.983,0,2,0
real-pen,779,4.575,5.667,0.393,0.000,6.060,0,1,0
real-pen,780,3.431,4.594,0.360,0.000,4.954,0,1,0
real-pen,781,9.729,10.918,0.378,0.000,11.296,0,2,0
real-pen,782,11.210,12.530,0.529,0.000,13.059,0,2,0
real-pen,783,10.046,11.065,0.437,0.000,11.502,0,1,0
real-pen,784,8.210,9.362,0.386,0.000,9.749,0,1,0
real-pen,785,11.804,12.955,0.374,0.000,13.329,0,1,0
real-pen,786,10.862,12.043,0.381,0.000,12.424,0,1,0
real-pen,787,6.298,8.322,0.324,0.000,8.646,0,1,0
real-pen,788,6.791,7.997,0.341,0.000,8.337,0,1,0
real-pen,789,5.998,7.128,0.380,0.000,7.508,0,1,0
real-pen,790,3.118,4.248,0.387,0.000,4.634,0,1,0
real-pen,791,3.366,4.680,0.457,0.000,5.137,0,1,0
real-pen,792,3.810,4.915,0.404,0.000,5.319,0,1,0
real-pen,793,2.443,3.518,0.416,0.000,3.934,0,1,0
real-pen,794,3.979,5.078,0.388,0.000,5.466,0,1,0
real-pen,795,7.087,8.444,0.335,0.000,8.779,0,2,0
real-pen,796,11.767,13.184,0.521,0.000,13.706,0,1,0
real-pen,797,10.863,12.020,0.406,0.000,12.426,0,1,0
real-pen,798,8.421,9.568,0.432,0.000,10.000,0,1,0
real-pen,799,10.693,11.934,0.371,0.000,12.305,0,1,0
real-pen,800,3.484,5.047,0.519,0.000,5.566,0,1,0
real-pen,801,6.099,7.400,0.335,0.000,7.735,0,1,0
real-pen,802,4.219,5.478,0.356,0.000,5.834,0,1,0
real-pen,803,0.542,2.085,0.357,0.000,2.442,0,2,0
real-pen,804,3.792,5.339,0.657,0.000,5.996,0,3,0
real-pen,805,3.076,4.360,0.363,0.000,4.722,0,2,0
real-pen,806,3.080,4.605,0.519,0.000,5.124,0,2,0
real-pen,807,7.263,8.431,0.532,0.000,8.963,0,2,0
real-pen,808,3.695,4.863,0.545,0.000,5.409,0,2,0
real-pen,809,3.615,5.022,0.523,0.000,5.545,0,2,0
real-pen,810,5.084,6.230,0.388,0.000,6.618,0,2,0
real-pen,811,6.222,7.233,0.427,0.000,7.661,0,2,0
real-pen,812,4.816,5.860,0.428,0.000,6.288,0,2,0
real-pen,813,0.746,8.674,0.350,0.000,9.023,0,1,0
real-pen,814,8.114,9.352,0.292,0.000,9.645,0,3,0
real-pen,815,12.730,13.719,0.399,0.000,14.118,0,2,0
real-pen,816,8.156,9.444,0.316,0.000,9.759,0,2,0
real-pen,817,3.714,5.086,0.660,0.000,5.746,0,2,0
real-pen,818,11.067,12.364,0.352,0.000,12.715,0,2,0
real-pen,819,12.945,14.094,0.560,0.000,14.654,0,2,0
real-pen,820,7.196,8.342,0.548,0.000,8.890,0,2,0
real-pen,821,9.965,10.984,0.433,0.000,11.416,0,2,0
real-pen,822,10.855,12.055,0.626,0.000,12.681,0,2,0
real-pen,823,3.719,5.001,0.554,0.000,5.555,0,2,0
real-pen,824,7.628,8.675,0.378,0.000,9.054,0,2,0
real-pen,825,6.833,7.950,0.379,0.000,8.330,0,2,0
real-pen,826,0.631,1.683,0.366,0.000,2.049,0,2,0
real-pen,827,3.772,5.007,0.406,0.000,5.413,0,2,0
real-pen,828,0.452,12.370,0.375,0.000,12.745,0,1,0
real-pen,829,3.613,4.674,0.340,0.000,5.014,0,3,0
real-pen,830,8.519,9.715,0.548,0.000,10.263,0,2,0
real-pen,831,10.751,12.001,0.370,0.000,12.370,0,3,0
real-pen,832,4.680,5.899,0.541,0.000,6.439,0,1,0
real-pen,833,5.570,6.999,0.647,0.000,7.646,0,1,0
real-pen,834,4.342,5.518,0.577,0.000,6.095,0,1,0
real-pen,835,8.149,9.696,0.454,0.000,10.150,0,1,0
real-pen,836,7.695,9.120,0.630,0.000,9.749,0,2,0
real-pen,837,5.349,6.615,0.544,0.000,7.158,0,1,0
real-pen,838,6.605,7.789,0.508,0.000,8.296,0,1,0
real-pen,839,4.773,5.934,0.338,0.000,6.272,0,1,0
real-pen,840,8.067,9.723,0.429,0.000,10.152,0,2,0
real-pen,841,8.289,9.460,0.318,0.000,9.778,0,2,0
real-pen,842,6.209,7.277,0.469,0.000,7.746,0,2,0
real-pen,843,5.652,6.679,0.421,0.000,7.099,0,2,0
real-pen,844,3.510,4.723,0.521,0.000,5.244,0,3,0
real-pen,845,3.055,4.437,0.359,0.000,4.796,0,1,0
real-pen,846,4.795,5.927,0.414,0.000,6.340,0,1,0
real-pen,847,3.588,4.849,0.541,0.000,5.390,0,1,0
real-pen,848,5.889,7.281,0.547,0.000,7.827,0,1,0
real-pen,849,0.638,2.070,0.311,0.000,2.381,0,1,0
real-pen,850,3.205,4.597,0.322,0.000,4.920,0,1,0
real-pen,851,5.809,7.152,0.512,0.000,7.664,0,2,0
real-pen,852,8.302,9.556,0.537,0.000,10.093,0,1,0
real-pen,853,6.343,7.579,0.552,0.000,8.131,0,1,0
real-pen,854,4.422,6.002,0.320,0.000,6.322,0,1,0
real-pen,855,5.108,6.338,0.510,0.000,6.848,0,1,0
real-pen,856,10.691,12.025,0.558,0.000,12.583,0,1,0
real-pen,857,6.598,7.756,0.449,0.000,8.205,0,1,0
real-pen,858,6.706,8.058,0.616,0.000,8.674,0,1,0
real-pen,859,5.498,6.923,0.551,0.000,7.474,0,1,0
real-pen,860,6.607,7.786,0.392,0.000,8.178,0,1,0
real-pen,861,13.551,14.875,0.521,0.000,15.396,0,1,0
real-pen,862,3.048,4.240,0.556,0.000,4.796,0,2,0
real-pen,863,11.285,12.761,0.590,0.000,13.351,0,1,0
real-pen,864,5.095,6.211,0.432,0.000,6.643,0,1,0
real-pen,865,2.618,4.093,0.359,0.000,4.452,0,1,0
real-pen,866,9.099,10.266,0.383,0.000,10.649,0,1,0
real-pen,867,9.148,10.398,0.551,0.000,10.948,0,1,0
real-pen,868,7.569,8.805,0.525,0.000,9.330,0,1,0
real-pen,869,1.058,2.285,0.539,0.000,2.824,0,1,0
real-pen,870,5.687,6.910,0.370,0.000,7.280,0,1,0
real-pen,871,7.774,8.965,0.551,0.000,9.517,0,1,0
real-pen,872,9.422,10.847,0.513,0.000,11.360,0,1,0
real-pen,873,8.161,9.645,0.358,0.000,10.003,0,2,0
real-pen,874,8.700,10.108,0.335,0.000,10.444,0,4,0
real-pen,875,10.812,17.172,0.333,0.000,17.505,0,2,0
real-pen,876,0.407,1.676,0.540,0.000,2.216,0,2,0
real-pen,877,3.620,4.753,0.381,0.000,5.134,0,2,0
real-pen,878,10.010,11.194,0.337,0.000,11.531,0,2,0
real-pen,879,9.069,10.519,0.364,0.000,10.883,0,2,0
real-pen,880,8.652,9.873,0.386,0.000,10.260,0,2,0
real-pen,881,5.291,6.514,0.695,0.000,7.209,0,2,0
real-pen,882,3.303,4.423,0.349,0.000,4.771,0,3,0
real-pen,883,10.209,11.418,0.538,0.000,11.955,0,2,0
real-pen,884,8.872,9.883,0.629,0.000,10.512,0,2,0
real-pen,885,7.626,8.598,0.636,0.000,9.235,0,2,0
real-pen,886,5.753,6.705,0.331,0.000,7.036,0,2,0
real-pen,887,2.493,3.460,0.560,0.000,4.020,0,2,0
real-pen,888,3.579,4.625,0.338,0.000,4.963,0,2,0
real-pen,889,0.813,1.812,0.305,0.000,2.116,0,2,0
real-pen,890,8.829,9.770,0.532,0.000,10.302,0,2,0
real-pen,891,4.518,5.481,0.312,0.000,5.792,0,3,0
real-pen,892,9.833,11.391,0.334,0.000,11.725,0,2,0
real-pen,893,3.022,4.226,0.315,0.000,4.540,0,2,0
real-pen,894,0.632,1.706,0.384,0.000,2.089,0,2,0
real-pen,895,3.869,4.958,0.411,0.000,5.369,0,2,0
real-pen,896,5.286,7.970,0.888,0.000,8.858,0,2,0
real-pen,897,10.177,12.430,0.799,0.000,13.230,0,2,0
real-pen,898,9.715,10.973,0.358,0.000,11.331,0,3,0
real-pen,899,6.916,7.940,0.444,0.000,8.384,0,2,0
real-pen,900,4.172,5.230,0.471,0.000,5.701,0,2,0
real-pen,901,0.768,1.963,0.429,0.000,2.392,0,2,0
real-pen,902,0.576,1.651,0.418,0.000,2.069,0,2,0
real-pen,903,12.658,13.482,0.408,0.000,13.889,0,2,0
real-pen,904,3.893,4.751,0.384,0.000,5.135,0,2,0
real-pen,905,8.769,10.286,0.343,0.000,10.629,0,2,0
real-pen,906,1.925,2.898,0.412,0.000,3.310,0,2,0
real-pen,907,12.109,13.091,0.816,0.000,13.907,0,2,0
real-pen,908,4.902,5.722,0.354,0.000,6.076,0,2,0
real-pen,909,9.476,10.270,0.404,0.000,10.673,0,2,0
real-pen,910,14.570,15.410,0.491,0.000,15.901,0,2,0
real-pen,911,13.329,14.419,0.360,0.000,14.779,0,2,0
real-pen,912,10.817,11.595,0.370,0.000,11.965,0,2,0
real-pen,913,12.160,12.955,0.492,0.000,13.447,0,2,0
real-pen,914,0.440,1.458,0.363,0.000,1.821,0,3,0
real-pen,915,1.459,18.190,0.426,0.000,18.616,0,1,0
real-pen,916,9.438,10.319,0.367,0.000,10.686,0,2,0
real-pen,917,15.115,16.252,0.346,0.000,16.599,0,2,0
real-pen,918,8.556,9.758,0.450,0.000,10.208,0,2,0
real-pen,919,11.681,12.889,0.508,0.000,13.396,0,2,0
real-pen,920,4.460,5.716,0.622,0.000,6.338,0,2,0
real-pen,921,0.493,9.604,0.526,0.000,10.130,0,2,0
real-pen,922,7.015,8.212,0.433,0.000,8.645,0,2,0
real-pen,923,10.418,11.326,0.449,0.000,11.775,0,2,0
real-pen,924,9.010,10.051,0.380,0.000,10.431,0,3,0
real-pen,925,7.147,8.233,0.572,0.000,8.805,0,2,0
real-pen,926,3.371,4.687,0.764,0.000,5.450,0,2,0
real-pen,927,0.422,7.709,0.558,0.000,8.267,0,1,0
real-pen,928,1.285,16.841,0.515,0.000,17.357,0,3,0
real-pen,929,13.978,15.230,0.557,0.000,15.787,0,2,0
real-pen,930,11.745,13.123,0.445,0.000,13.568,0,3,0
real-pen,931,7.478,8.668,0.446,0.000,9.114,0,1,0
real-pen,932,9.501,10.840,0.526,0.000,11.367,0,1,0
real-pen,933,9.856,10.928,0.452,0.000,11.380,0,1,0
real-pen,934,5.572,6.655,0.475,0.000,7.130,0,1,0
real-pen,935,2.129,3.219,0.357,0.000,3.575,0,1,0
real-pen,936,0.422,1.608,0.323,0.000,1.931,0,3,0
real-pen,937,7.273,8.446,0.518,0.000,8.964,0,2,0
real-pen,938,9.406,10.709,0.333,0.000,11.042,0,3,0
real-pen,939,1.819,2.955,0.416,0.000,3.371,0,1,0
real-pen,940,12.674,13.924,0.457,0.000,14.381,0,1,0
real-pen,941,6.142,7.321,0.534,0.000,7.854,0,2,0
real-pen,942,7.699,8.861,0.378,0.000,9.239,0,2,0
real-pen,943,2.813,4.055,0.524,0.000,4.579,0,2,0
real-pen,944,11.341,12.991,0.503,0.000,13.493,0,2,0
real-pen,945,10.124,11.493,0.408,0.000,11.901,0,1,0
real-pen,946,0.377,1.551,0.412,0.000,1.963,0,2,0
real-pen,947,9.353,10.562,0.525,0.000,11.087,0,2,0
real-pen,948,7.448,8.553,0.448,0.000,9.000,0,1,0
real-pen,949,12.117,13.696,0.403,0.000,14.098,0,1,0
real-pen,950,9.173,10.541,0.573,0.000,11.114,0,2,0
real-pen,951,8.280,9.471,0.528,0.000,9.999,0,1,0
real-pen,952,4.535,5.821,0.532,0.000,6.353,0,1,0
real-pen,953,9.748,10.894,0.342,0.000,11.236,0,2,0
real-pen,954,3.314,4.387,0.340,0.000,4.727,0,2,0
real-pen,955,8.988,10.110,0.552,0.000,10.662,0,2,0
real-pen,956,7.933,9.125,0.558,0.000,9.682,0,2,0
real-pen,957,4.429,5.698,0.546,0.000,6.244,0,2,0
real-pen,958,3.894,5.228,0.520,0.000,5.747,0,2,0
real-pen,959,3.502,4.555,0.380,0.000,4.935,0,2,0
real-pen,960,6.451,7.620,0.537,0.000,8.157,0,2,0
real-pen,961,8.339,9.409,0.328,0.000,9.736,0,2,0
real-pen,962,8.251,9.361,0.401,0.000,9.762,0,2,0
real-pen,963,5.902,7.144,0.575,0.000,7.719,0,2,0
real-pen,964,6.139,7.356,0.528,0.000,7.885,0,1,0
real-pen,965,4.215,5.243,0.455,0.000,5.698,0,1,0
real-pen,966,7.705,8.768,0.724,0.000,9.492,0,1,0
real-pen,967,8.150,9.162,0.586,0.000,9.748,0,1,0
real-pen,968,2.531,3.557,0.324,0.000,3.881,0,1,0
real-pen,969,4.582,5.582,0.327,0.000,5.910,0,1,0
real-pen,970,5.165,6.231,0.358,0.000,6.589,0,1,0
real-pen,971,3.061,4.358,0.285,0.000,4.643,0,1,0
real-pen,972,0.356,16.256,0.317,0.000,16.574,0,1,0
real-pen,973,7.726,8.932,0.318,0.000,9.250,0,1,0
real-pen,974,5.027,6.211,0.355,0.000,6.566,0,1,0
real-pen,975,4.696,5.811,0.443,0.000,6.254,0,1,0
real-pen,976,3.725,5.195,0.543,0.000,5.739,0,2,0
real-pen,977,5.177,6.443,0.672,0.000,7.115,0,1,0
real-pen,978,7.551,8.869,0.548,0.000,9.417,0,1,0
real-pen,979,7.203,8.413,0.669,0.000,9.082,0,1,0
real-pen,980,3.800,5.200,0.522,0.000,5.722,0,1,0
real-pen,981,3.795,4.979,0.358,0.000,5.337,0,1,0
real-pen,982,2.573,3.708,0.355,0.000,4.063,0,1,0
real-pen,983,5.297,6.458,0.433,0.000,6.891,0,1,0
real-pen,984,3.584,4.921,0.519,0.000,5.440,0,1,0
real-pen,985,0.603,1.550,0.386,0.000,1.936,0,1,0
real-pen,986,8.239,9.298,0.345,0.000,9.643,0,1,0
real-pen,987,3.850,5.402,0.331,0.000,5.733,0,1,0
real-pen,988,7.844,9.064,0.333,0.000,9.397,0,2,0
real-pen,989,2.959,4.071,0.505,0.000,4.575,0,2,0
real-pen,990,2.037,2.955,0.394,0.000,3.348,0,2,0
real-pen,991,0.425,12.222,0.485,0.000,12.707,0,1,0
real-pen,992,3.415,4.234,0.405,0.000,4.639,0,2,0
real-pen,993,8.259,9.393,0.341,0.000,9.734,0,2,0
real-pen,994,6.437,7.277,0.366,0.000,7.643,0,2,0
real-pen,995,7.499,8.672,0.379,0.000,9.051,0,3,0
real-pen,996,3.713,4.604,0.387,0.000,4.991,0,1,0
real-pen,997,3.796,4.928,0.399,0.000,5.327,0,1,0
real-pen,998,4.562,5.445,0.381,0.000,5.826,0,1,0
real-pen,999,7.436,8.406,0.373,0.000,8.779,0,1,0
real-pen,1000,8.838,9.737,0.384,0.000,10.122,0,1,0
real-pen,1001,9.735,10.795,0.411,0.000,11.206,0,1,0
real-pen,1002,3.905,5.014,0.379,0.000,5.393,0,1,0
real-pen,1003,5.038,5.982,0.363,0.000,6.344,0,1,0
real-pen,1004,9.161,10.015,0.376,0.000,10.391,0,1,0
real-pen,1005,8.833,9.733,0.384,0.000,10.117,0,1,0
real-pen,1006,5.371,6.477,0.378,0.000,6.855,0,1,0
real-pen,1007,7.009,7.931,0.386,0.000,8.317,0,1,0
real-pen,1008,8.356,9.296,0.375,0.000,9.670,0,1,0
real-pen,1009,6.122,7.024,0.353,0.000,7.377,0,1,0
real-pen,1010,5.190,6.093,0.385,0.000,6.478,0,1,0
real-pen,1011,4.281,5.315,0.382,0.000,5.697,0,1,0
real-pen,1012,4.924,5.859,0.417,0.000,6.276,0,1,0
real-pen,1013,3.080,4.010,0.376,0.000,4.386,0,1,0
real-pen,1014,10.091,11.026,0.373,0.000,11.399,0,1,0
real-pen,1015,12.720,13.721,0.369,0.000,14.090,0,1,0
real-pen,1016,2.823,3.815,0.332,0.000,4.147,0,1,0
real-pen,1017,6.760,7.951,0.297,0.000,8.248,0,1,0
real-pen,1018,3.290,4.310,0.315,0.000,4.624,0,2,0
real-pen,1019,8.636,9.693,0.726,0.000,10.418,0,2,0
real-pen,1020,5.410,6.392,0.330,0.000,6.723,0,1,0
real-pen,1021,6.202,7.161,0.333,0.000,7.494,0,1,0
real-pen,1022,5.097,6.038,0.362,0.000,6.400,0,1,0
real-pen,1023,13.027,13.924,0.347,0.000,14.271,0,1,0
real-pen,1024,2.885,4.078,0.610,0.000,4.688,0,1,0
real-pen,1025,3.583,4.530,0.331,0.000,4.861,0,1,0
real-pen,1026,3.979,4.946,0.340,0.000,5.285,0,1,0
real-pen,1027,4.730,5.714,0.337,0.000,6.051,0,1,0
real-pen,1028,14.838,17.651,0.352,0.000,18.003,0,1,0
real-pen,1029,12.900,14.018,0.513,0.000,14.530,0,2,0
real-pen,1030,12.310,13.212,0.347,0.000,13.559,0,2,0
real-pen,1031,8.173,9.006,0.356,0.000,9.362,0,2,0
real-pen,1032,9.412,10.257,0.421,0.000,10.678,0,2,0
real-pen,1033,9.996,10.921,0.352,0.000,11.273,0,3,0
real-pen,1034,6.214,7.035,0.351,0.000,7.386,0,2,0
real-pen,1035,5.250,6.097,0.345,0.000,6.442,0,2,0
real-pen,1036,1.018,1.789,0.372,0.000,2.162,0,2,0
real-pen,1037,6.302,7.181,0.632,0.000,7.813,0,2,0
real-pen,1038,5.165,6.109,0.378,0.000,6.487,0,2,0
real-pen,1039,3.501,4.296,0.337,0.000,4.633,0,2,0
real-pen,1040,8.439,9.243,0.368,0.000,9.611,0,2,0
real-pen,1041,6.734,7.636,0.391,0.000,8.027,0,2,0
real-pen,1042,12.294,13.264,0.363,0.000,13.627,0,2,0
real-pen,1043,10.047,10.844,0.388,0.000,11.232,0,3,0
real-pen,1044,4.192,4.894,0.344,0.000,5.238,0,3,0
real-pen,1045,0.413,8.448,0.413,0.000,8.861,0,1,0
real-pen,1046,9.933,10.819,0.369,0.000,11.188,0,3,0
real-pen,1047,3.608,4.618,0.321,0.000,4.939,0,2,0
real-pen,1048,2.678,3.537,0.331,0.000,3.867,0,2,0
real-pen,1049,5.360,6.208,0.356,0.000,6.564,0,2,0
real-pen,1050,6.820,7.689,0.309,0.000,7.998,0,3,0
real-pen,1051,5.302,6.445,0.485,0.000,6.930,0,2,0
real-pen,1052,3.035,3.911,0.333,0.000,4.244,0,2,0
real-pen,1053,5.767,6.684,0.309,0.000,6.993,0,2,0
real-pen,1054,6.071,6.904,0.316,0.000,7.221,0,2,0
real-pen,1055,9.653,10.658,0.376,0.000,11.035,0,2,0
real-pen,1056,2.513,3.486,0.499,0.000,3.985,0,1,0
real-pen,1057,4.403,5.258,0.343,0.000,5.601,0,1,0
real-pen,1058,8.938,9.835,0.314,0.000,10.149,0,1,0
real-pen,1059,7.081,8.002,0.292,0.000,8.295,0,1,0
real-pen,1060,5.517,6.490,0.325,0.000,6.815,0,2,0
real-pen,1061,3.475,4.521,0.511,0.000,5.031,0,2,0
real-pen,1062,11.579,12.392,0.324,0.000,12.716,0,2,0
real-pen,1063,9.829,10.702,0.319,0.000,11.021,0,2,0
real-pen,1064,9.156,9.942,0.339,0.000,10.280,0,2,0
real-pen,1065,5.913,6.752,0.325,0.000,7.078,0,2,0
real-pen,1066,7.324,8.124,0.352,0.000,8.476,0,2,0
real-pen,1067,7.352,8.176,0.325,0.000,8.501,0,2,0
real-pen,1068,4.842,5.891,0.640,0.000,6.530,0,2,0
real-pen,1069,6.309,7.143,0.291,0.000,7.434,0,2,0
real-pen,1070,6.037,6.880,0.319,0.000,7.199,0,2,0
real-pen,1071,8.496,9.305,0.331,0.000,9.636,0,2,0
real-pen,1072,3.998,4.864,0.636,0.000,5.500,0,2,0
real-pen,1073,2.600,3.415,0.304,0.000,3.720,0,2,0
real-pen,1074,15.194,15.962,0.296,0.000,16.258,0,2,0
real-pen,1075,14.293,15.293,0.556,0.000,15.848,0,2,0
real-pen,1076,12.615,13.776,0.331,0.000,14.107,0,4,0
real-pen,1077,10.436,11.308,0.309,0.000,11.617,0,1,0
real-pen,1078,2.865,3.768,0.308,0.000,4.076,0,1,0
real-pen,1079,7.499,8.370,0.328,0.000,8.698,0,1,0
real-pen,1080,10.795,11.681,0.306,0.000,11.988,0,1,0
real-pen,1081,4.192,5.094,0.299,0.000,5.393,0,1,0
real-pen,1082,4.540,5.450,0.302,0.000,5.752,0,1,0
real-pen,1083,7.341,8.562,0.357,0.000,8.920,0,2,0
real-pen,1084,3.411,4.379,0.529,0.000,4.908,0,2,0
real-pen,1085,10.087,10.887,0.438,0.000,11.325,0,3,0
real-pen,1086,5.846,6.754,0.380,0.000,7.134,0,4,0
real-pen,1087,10.291,11.130,0.364,0.000,11.494,0,1,0
real-pen,1088,9.925,10.837,0.588,0.000,11.425,0,1,0
real-pen,1089,12.266,13.263,0.380,0.000,13.643,0,1,0
real-pen,1090,5.820,6.898,0.441,0.000,7.339,0,1,0
real-pen,1091,5.490,6.396,0.378,0.000,6.774,0,1,0
real-pen,1092,11.278,13.239,0.392,0.000,13.632,0,1,0
real-pen,1093,2.659,3.489,0.379,0.000,3.868,0,2,0
real-pen,1094,9.107,9.963,0.371,0.000,10.334,0,1,0
real-pen,1095,9.678,10.542,0.376,0.000,10.918,0,1,0
real-pen,1096,9.096,9.962,0.587,0.000,10.550,0,1,0
real-pen,1097,3.524,4.549,0.359,0.000,4.908,0,1,0
real-pen,1098,5.245,6.116,0.367,0.000,6.483,0,1,0
real-pen,1099,4.358,5.200,0.388,0.000,5.588,0,1,0
real-pen,1100,3.276,4.120,0.383,0.000,4.502,0,1,0
real-pen,1101,14.942,15.904,0.353,0.000,16.257,0,1,0
real-pen,1102,13.044,13.908,0.414,0.000,14.322,0,2,0
real-pen,1103,3.066,4.453,0.420,0.000,4.872,0,1,0
real-pen,1104,8.342,9.222,0.426,0.000,9.648,0,1,0
real-pen,1105,10.498,11.387,0.642,0.000,12.029,0,1,0
real-pen,1106,11.727,12.919,0.310,0.000,13.228,0,1,0
real-pen,1107,4.283,5.418,0.422,0.000,5.840,0,2,0
real-pen,1108,5.267,6.177,0.405,0.000,6.582,0,2,0
real-pen,1109,5.234,6.059,0.440,0.000,6.499,0,2,0
real-pen,1110,9.469,10.403,0.400,0.000,10.803,0,2,0
real-pen,1111,9.024,9.967,0.469,0.000,10.436,0,2,0
real-pen,1112,2.915,3.749,0.330,0.000,4.078,0,2,0
real-pen,1113,5.444,6.330,0.376,0.000,6.706,0,2,0
real-pen,1114,2.677,3.751,0.360,0.000,4.110,0,2,0
real-pen,1115,4.189,5.117,0.289,0.000,5.406,0,3,0
real-pen,1116,3.508,4.393,0.539,0.000,4.932,0,1,0
real-pen,1117,5.268,6.147,0.505,0.000,6.652,0,1,0
real-pen,1118,3.836,5.018,0.338,0.000,5.356,0,1,0
real-pen,1119,4.611,5.503,0.504,0.000,6.007,0,1,0
real-pen,1120,11.871,12.739,0.481,0.000,13.220,0,1,0
real-pen,1121,12.454,13.388,0.469,0.000,13.857,0,1,0
real-pen,1122,12.658,13.566,0.288,0.000,13.854,0,2,0
real-pen,1123,11.711,12.575,0.486,0.000,13.060,0,2,0
real-pen,1124,17.538,18.717,0.304,0.000,19.021,0,1,0
real-pen,1125,6.706,7.701,0.550,0.000,8.251,0,2,0
real-pen,1126,7.604,8.459,0.497,0.000,8.955,0,2,0
real-pen,1127,5.064,5.965,0.502,0.000,6.467,0,2,0
real-pen,1128,3.754,4.608,0.361,0.000,4.969,0,2,0
real-pen,1129,6.187,7.010,0.317,0.000,7.327,0,2,0
real-pen,1130,3.774,4.649,0.517,0.000,5.166,0,1,0
real-pen,1131,2.110,2.963,0.513,0.000,3.477,0,1,0
real-pen,1132,11.853,12.783,0.599,0.000,13.382,0,1,0
real-pen,1133,10.448,11.545,0.409,0.000,11.954,0,2,0
real-pen,1134,14.138,15.316,0.558,0.000,15.874,0,1,0
real-pen,1135,7.521,11.052,0.326,0.000,11.377,0,1,0
real-pen,1136,7.409,8.707,0.681,0.000,9.387,0,2,0
real-pen,1137,11.947,13.177,0.630,0.000,13.806,0,2,0
real-pen,1138,12.198,13.372,0.575,0.000,13.947,0,2,0
real-pen,1139,7.394,8.159,0.339,0.000,8.497,0,4,0
real-pen,1140,5.145,6.408,0.548,0.000,6.956,0,1,0
real-pen,1141,2.401,3.514,0.405,0.000,3.918,0,1,0
real-pen,1142,2.681,3.616,0.571,0.000,4.187,0,1,0
real-pen,1143,6.519,7.466,0.565,0.000,8.031,0,1,0
real-pen,1144,0.743,1.945,0.327,0.000,2.272,0,2,0
real-pen,1145,1.829,2.766,0.311,0.000,3.077,0,2,0
real-pen,1146,3.656,4.615,0.329,0.000,4.944,0,2,0
real-pen,1147,5.006,6.029,0.323,0.000,6.353,0,2,0
real-pen,1148,6.337,7.429,0.310,0.000,7.739,0,3,0
real-pen,1149,3.438,4.295,0.517,0.000,4.812,0,1,0
real-pen,1150,0.497,1.358,0.526,0.000,1.884,0,1,0
real-pen,1151,10.378,11.406,0.329,0.000,11.735,0,1,0
real-pen,1152,13.555,14.461,0.554,0.000,15.014,0,1,0
real-pen,1153,3.568,4.441,0.479,0.000,4.920,0,1,0
real-pen,1154,9.849,10.697,0.500,0.000,11.197,0,1,0
