scenario,index,input_to_msg_ms,msg_to_present_ms,present_block_ms,present_to_display_ms,total_ms,has_display,points_in_frame,present_count
empty-slow,0,0.741,19.269,0.192,0.000,19.461,0,2,0
empty-slow,1,0.020,16.032,0.202,0.000,16.235,0,1,0
empty-slow,2,0.024,16.460,0.514,0.000,16.974,0,1,0
empty-slow,3,0.056,15.460,0.277,0.000,15.737,0,1,0
empty-slow,4,0.040,16.834,0.340,0.000,17.174,0,1,0
empty-slow,5,0.037,16.104,0.289,0.000,16.393,0,1,0
empty-slow,6,0.043,17.709,0.364,0.000,18.073,0,1,0
empty-slow,7,0.044,15.973,1.216,0.000,17.189,0,1,0
empty-slow,8,0.057,14.185,0.371,0.000,14.556,0,1,0
empty-slow,9,0.091,16.139,0.343,0.000,16.482,0,1,0
empty-slow,10,0.045,17.043,0.358,0.000,17.401,0,1,0
empty-slow,11,0.039,15.402,0.355,0.000,15.756,0,1,0
empty-slow,12,0.041,13.917,0.245,0.000,14.162,0,1,0
empty-slow,13,0.030,18.498,0.328,0.000,18.826,0,1,0
empty-slow,14,0.042,17.126,0.310,0.000,17.435,0,1,0
empty-slow,15,0.041,15.268,0.221,0.000,15.488,0,1,0
empty-slow,16,0.045,17.511,0.360,0.000,17.871,0,1,0
empty-slow,17,0.036,13.934,0.264,0.000,14.198,0,1,0
empty-slow,18,0.037,18.090,0.420,0.000,18.510,0,1,0
empty-slow,19,0.046,15.981,0.360,0.000,16.340,0,1,0
empty-slow,20,0.050,14.809,0.211,0.000,15.021,0,1,0
empty-slow,21,0.032,16.979,0.321,0.000,17.301,0,1,0
empty-slow,22,0.045,16.814,0.362,0.000,17.176,0,1,0
empty-slow,23,0.042,16.496,0.283,0.000,16.780,0,1,0
empty-slow,24,0.037,16.242,0.325,0.000,16.567,0,1,0
empty-slow,25,0.039,16.268,0.295,0.000,16.563,0,1,0
empty-slow,26,0.047,15.212,0.283,0.000,15.495,0,1,0
empty-slow,27,0.035,15.495,0.281,0.000,15.775,0,1,0
empty-slow,28,0.033,17.277,0.359,0.000,17.635,0,1,0
empty-slow,29,0.038,17.099,0.286,0.000,17.385,0,1,0
empty-slow,30,0.160,16.124,0.238,0.000,16.362,0,1,0
empty-slow,31,0.043,17.679,0.285,0.000,17.964,0,2,0
empty-slow,32,0.035,17.099,0.274,0.000,17.373,0,1,0
empty-slow,33,0.026,16.474,0.334,0.000,16.809,0,1,0
empty-slow,34,0.036,19.281,0.237,0.000,19.518,0,1,0
empty-slow,35,0.031,13.834,0.257,0.000,14.091,0,1,0
empty-slow,36,0.037,15.747,0.200,0.000,15.947,0,1,0
empty-slow,37,0.025,16.902,0.432,0.000,17.334,0,1,0
empty-slow,38,0.046,17.854,0.318,0.000,18.171,0,1,0
empty-slow,39,0.046,15.637,0.256,0.000,15.893,0,1,0
empty-slow,40,0.052,16.980,0.433,0.000,17.413,0,1,0
empty-slow,41,0.044,15.542,0.358,0.000,15.900,0,1,0
empty-slow,42,0.043,16.814,0.326,0.000,17.140,0,1,0
empty-slow,43,0.040,15.797,0.298,0.000,16.095,0,1,0
empty-slow,44,0.041,16.399,0.270,0.000,16.669,0,1,0
empty-slow,45,0.054,16.611,0.402,0.000,17.014,0,1,0
empty-slow,46,0.038,15.332,0.288,0.000,15.620,0,1,0
empty-slow,47,0.037,15.699,0.308,0.000,16.007,0,1,0
empty-slow,48,0.029,17.517,0.256,0.000,17.772,0,1,0
empty-slow,49,0.039,16.448,0.310,0.000,16.758,0,1,0
empty-slow,50,0.033,16.800,0.362,0.000,17.162,0,1,0
empty-slow,51,0.083,16.200,0.257,0.000,16.457,0,1,0
empty-slow,52,0.033,16.207,0.402,0.000,16.609,0,1,0
empty-slow,53,0.048,16.226,0.269,0.000,16.495,0,1,0
empty-slow,54,0.039,16.864,0.371,0.000,17.235,0,1,0
empty-slow,55,0.045,16.574,0.484,0.000,17.058,0,1,0
empty-slow,56,0.051,14.794,0.292,0.000,15.085,0,1,0
empty-slow,57,0.061,16.904,0.294,0.000,17.197,0,1,0
empty-slow,58,0.035,14.311,0.164,0.000,14.475,0,1,0
empty-slow,59,0.095,18.003,0.282,0.000,18.285,0,1,0
empty-slow,60,0.031,13.873,0.211,0.000,14.084,0,1,0
empty-slow,61,0.115,17.798,0.403,0.000,18.200,0,1,0
empty-slow,62,0.048,15.166,0.319,0.000,15.486,0,1,0
empty-slow,63,0.030,15.802,0.271,0.000,16.073,0,1,0
empty-slow,64,0.022,17.610,0.248,0.000,17.858,0,1,0
empty-slow,65,0.042,17.827,0.299,0.000,18.125,0,1,0
empty-slow,66,0.043,16.117,0.353,0.000,16.471,0,1,0
empty-slow,67,0.050,16.759,0.362,0.000,17.120,0,1,0
empty-slow,68,0.044,16.344,0.343,0.000,16.687,0,1,0
empty-slow,69,0.047,16.150,0.328,0.000,16.477,0,1,0
empty-slow,70,0.050,13.485,0.335,0.000,13.820,0,1,0
empty-slow,71,0.040,16.405,0.125,0.000,16.530,0,1,0
empty-slow,72,0.023,17.053,0.266,0.000,17.318,0,1,0
empty-slow,73,0.038,16.551,0.230,0.000,16.781,0,1,0
empty-slow,74,0.025,16.304,0.216,0.000,16.520,0,1,0
empty-slow,75,0.038,17.660,0.273,0.000,17.933,0,1,0
empty-slow,76,0.034,17.127,0.392,0.000,17.518,0,1,0
empty-slow,77,0.081,13.811,0.170,0.000,13.981,0,1,0
empty-slow,78,0.030,17.468,0.284,0.000,17.752,0,1,0
empty-slow,79,0.039,14.824,0.234,0.000,15.058,0,1,0
empty-slow,80,0.093,17.188,0.361,0.000,17.550,0,1,0
empty-slow,81,0.039,17.695,0.310,0.000,18.006,0,1,0
empty-slow,82,0.037,16.596,0.350,0.000,16.946,0,1,0
empty-slow,83,0.050,16.812,0.401,0.000,17.212,0,1,0
empty-slow,84,0.042,16.388,0.328,0.000,16.716,0,1,0
empty-slow,85,0.045,17.032,0.488,0.000,17.519,0,1,0
empty-slow,86,0.062,12.546,0.238,0.000,12.784,0,1,0
empty-slow,87,0.031,16.214,0.190,0.000,16.404,0,1,0
empty-slow,88,0.025,15.911,0.234,0.000,16.145,0,1,0
empty-slow,89,0.060,16.991,0.209,0.000,17.200,0,1,0
empty-slow,90,0.040,18.605,0.367,0.000,18.971,0,1,0
empty-slow,91,0.415,12.905,0.182,0.000,13.087,0,1,0
empty-slow,92,0.060,15.852,0.281,0.000,16.132,0,1,0
empty-slow,93,0.038,17.711,0.567,0.000,18.278,0,1,0
empty-slow,94,0.190,19.364,0.297,0.000,19.661,0,1,0
empty-slow,95,0.031,12.041,0.325,0.000,12.367,0,1,0
empty-slow,96,0.045,16.714,0.257,0.000,16.971,0,1,0
empty-slow,97,0.037,16.602,0.336,0.000,16.938,0,1,0
empty-slow,98,0.048,16.303,0.431,0.000,16.734,0,1,0
empty-slow,99,0.035,16.219,0.395,0.000,16.614,0,1,0
empty-slow,100,0.048,16.589,0.427,0.000,17.016,0,1,0
empty-slow,101,0.039,14.776,0.468,0.000,15.244,0,1,0
empty-slow,102,0.049,17.278,0.409,0.000,17.687,0,1,0
empty-slow,103,0.041,16.733,0.487,0.000,17.220,0,1,0
empty-slow,104,0.045,16.085,0.354,0.000,16.438,0,1,0
empty-slow,105,0.214,14.592,0.364,0.000,14.956,0,2,0
empty-slow,106,0.190,16.101,0.296,0.000,16.397,0,1,0
empty-slow,107,0.031,16.445,0.319,0.000,16.764,0,1,0
empty-slow,108,0.059,16.746,0.309,0.000,17.055,0,1,0
empty-slow,109,0.037,16.295,0.322,0.000,16.617,0,1,0
empty-slow,110,0.040,15.338,0.271,0.000,15.609,0,1,0
empty-slow,111,0.035,16.739,0.364,0.000,17.103,0,1,0
empty-slow,112,0.043,16.331,0.389,0.000,16.720,0,1,0
empty-slow,113,0.040,16.576,0.368,0.000,16.944,0,1,0
empty-slow,114,0.048,16.130,0.393,0.000,16.522,0,1,0
empty-slow,115,0.039,15.947,0.578,0.000,16.525,0,1,0
empty-slow,116,0.253,15.553,0.422,0.000,15.975,0,1,0
empty-slow,117,0.040,16.634,0.372,0.000,17.006,0,1,0
empty-slow,118,0.061,15.469,0.398,0.000,15.867,0,1,0
empty-slow,119,0.049,16.126,0.322,0.000,16.448,0,1,0
empty-slow,120,0.042,16.908,0.418,0.000,17.326,0,1,0
empty-slow,121,0.048,13.302,0.213,0.000,13.515,0,1,0
empty-slow,122,0.025,18.604,0.245,0.000,18.849,0,1,0
empty-slow,123,0.030,16.908,0.345,0.000,17.252,0,1,0
empty-slow,124,0.047,16.761,0.309,0.000,17.070,0,1,0
empty-slow,125,0.035,15.826,0.388,0.000,16.215,0,1,0
empty-slow,126,0.041,15.717,0.297,0.000,16.014,0,1,0
empty-slow,127,0.037,16.270,0.350,0.000,16.620,0,1,0
empty-slow,128,0.046,17.014,0.344,0.000,17.358,0,1,0
empty-slow,129,0.039,16.133,0.439,0.000,16.573,0,1,0
empty-slow,130,0.047,15.773,0.317,0.000,16.090,0,1,0
empty-slow,131,0.037,16.249,0.463,0.000,16.712,0,1,0
empty-slow,132,0.052,16.114,0.318,0.000,16.432,0,1,0
empty-slow,133,0.037,17.553,0.303,0.000,17.856,0,1,0
empty-slow,134,0.050,15.719,0.326,0.000,16.045,0,1,0
empty-slow,135,0.036,15.955,0.405,0.000,16.360,0,1,0
empty-slow,136,0.395,16.178,0.425,0.000,16.604,0,1,0
empty-slow,137,0.034,15.904,0.352,0.000,16.256,0,1,0
empty-slow,138,0.047,16.251,0.310,0.000,16.561,0,1,0
empty-slow,139,0.039,16.048,0.427,0.000,16.475,0,1,0
empty-slow,140,0.048,16.904,0.372,0.000,17.277,0,1,0
empty-slow,141,0.116,14.791,0.288,0.000,15.079,0,2,0
empty-slow,142,0.055,16.757,0.399,0.000,17.156,0,1,0
empty-slow,143,0.035,16.371,0.352,0.000,16.723,0,1,0
empty-slow,144,0.035,15.295,0.378,0.000,15.673,0,1,0
empty-slow,145,0.031,17.091,0.326,0.000,17.417,0,1,0
empty-slow,146,0.051,16.652,0.348,0.000,17.000,0,1,0
empty-slow,147,0.041,16.340,0.413,0.000,16.753,0,1,0
empty-slow,148,0.048,15.497,0.326,0.000,15.823,0,1,0
empty-slow,149,0.039,17.206,0.422,0.000,17.628,0,1,0
empty-slow,150,0.203,15.700,0.423,0.000,16.123,0,1,0
empty-slow,151,0.047,16.333,0.454,0.000,16.786,0,1,0
empty-slow,152,0.037,13.391,0.273,0.000,13.665,0,1,0
empty-slow,153,0.038,19.448,0.328,0.000,19.776,0,1,0
empty-slow,154,0.044,15.418,0.474,0.000,15.892,0,1,0
empty-slow,155,0.045,19.746,0.275,0.000,20.022,0,1,0
empty-slow,156,0.032,10.799,0.396,0.000,11.195,0,1,0
empty-slow,157,0.159,14.516,0.206,0.000,14.722,0,2,0
empty-slow,158,0.032,16.768,0.165,0.000,16.933,0,1,0
empty-slow,159,0.029,17.390,0.172,0.000,17.562,0,1,0
empty-slow,160,0.036,17.343,0.436,0.000,17.779,0,1,0
empty-slow,161,0.059,16.917,0.337,0.000,17.254,0,1,0
empty-slow,162,0.044,17.033,0.349,0.000,17.381,0,1,0
empty-slow,163,0.044,15.944,0.284,0.000,16.227,0,1,0
empty-slow,164,0.045,15.860,0.394,0.000,16.254,0,1,0
empty-slow,165,0.039,16.210,0.388,0.000,16.598,0,1,0
empty-slow,166,0.184,15.342,0.369,0.000,15.712,0,1,0
empty-slow,167,0.035,15.522,0.232,0.000,15.754,0,1,0
empty-slow,168,0.033,17.939,0.297,0.000,18.236,0,1,0
empty-slow,169,0.034,16.148,0.393,0.000,16.541,0,1,0
empty-slow,170,0.044,17.127,0.455,0.000,17.582,0,1,0
empty-slow,171,0.039,15.425,0.290,0.000,15.716,0,1,0
empty-slow,172,0.064,16.334,0.427,0.000,16.761,0,1,0
empty-slow,173,0.042,16.522,0.390,0.000,16.912,0,1,0
empty-slow,174,0.067,15.840,0.376,0.000,16.217,0,1,0
empty-slow,175,0.038,16.767,0.441,0.000,17.208,0,1,0
empty-slow,176,0.049,16.399,0.428,0.000,16.827,0,1,0
empty-slow,177,0.041,15.807,0.369,0.000,16.176,0,1,0
empty-slow,178,0.041,15.042,0.308,0.000,15.350,0,1,0
empty-slow,179,2.701,5.827,0.174,0.000,6.001,0,1,0
empty-fast,0,0.274,17.035,0.240,0.000,17.275,0,2,0
empty-fast,1,0.031,16.933,0.177,0.000,17.110,0,1,0
empty-fast,2,0.028,18.940,0.448,0.000,19.387,0,1,0
empty-fast,3,0.048,16.483,0.194,0.000,16.676,0,1,0
empty-fast,4,0.021,14.601,0.359,0.000,14.960,0,1,0
empty-fast,5,0.048,18.791,0.485,0.000,19.277,0,1,0
empty-fast,6,0.033,15.562,0.600,0.000,16.163,0,1,0
empty-fast,7,1.296,11.990,0.239,0.000,12.229,0,1,0
empty-fast,8,0.067,16.126,0.307,0.000,16.433,0,2,0
empty-fast,9,0.042,16.560,0.249,0.000,16.809,0,1,0
empty-fast,10,0.026,16.200,0.438,0.000,16.638,0,1,0
empty-fast,11,0.067,16.115,0.287,0.000,16.402,0,2,0
empty-fast,12,0.019,17.831,0.223,0.000,18.054,0,1,0
empty-fast,13,0.025,16.151,0.227,0.000,16.378,0,1,0
empty-fast,14,0.030,15.875,0.479,0.000,16.354,0,1,0
empty-fast,15,0.150,16.902,0.431,0.000,17.334,0,1,0
empty-fast,16,0.036,18.168,0.292,0.000,18.460,0,1,0
empty-fast,17,0.042,13.806,0.302,0.000,14.107,0,1,0
empty-fast,18,0.086,16.820,0.347,0.000,17.166,0,1,0
empty-fast,19,0.039,16.523,0.368,0.000,16.891,0,1,0
empty-fast,20,0.073,16.761,0.480,0.000,17.241,0,1,0
empty-fast,21,0.283,16.064,0.323,0.000,16.387,0,1,0
empty-fast,22,0.037,15.436,0.371,0.000,15.807,0,1,0
empty-fast,23,0.041,15.491,0.332,0.000,15.823,0,1,0
empty-fast,24,0.029,16.732,0.259,0.000,16.991,0,1,0
empty-fast,25,0.034,16.478,0.283,0.000,16.761,0,1,0
empty-fast,26,0.035,16.348,0.340,0.000,16.689,0,1,0
empty-fast,27,0.055,16.166,0.336,0.000,16.502,0,1,0
empty-fast,28,0.069,16.168,0.320,0.000,16.489,0,1,0
empty-fast,29,0.064,17.918,0.305,0.000,18.224,0,1,0
empty-fast,30,0.031,14.203,0.507,0.000,14.710,0,1,0
empty-fast,31,0.036,15.872,0.264,0.000,16.136,0,1,0
empty-fast,32,0.033,17.181,0.277,0.000,17.459,0,1,0
empty-fast,33,0.041,17.675,0.292,0.000,17.967,0,1,0
empty-fast,34,0.068,15.616,0.409,0.000,16.025,0,1,0
empty-fast,35,0.048,15.637,1.676,0.000,17.312,0,1,0
empty-fast,36,0.036,15.616,0.469,0.000,16.085,0,1,0
empty-fast,37,1.197,12.495,0.467,0.000,12.962,0,1,0
empty-fast,38,0.046,15.054,0.279,0.000,15.333,0,1,0
empty-fast,39,0.117,16.074,0.176,0.000,16.250,0,1,0
empty-fast,40,0.025,16.711,0.228,0.000,16.939,0,1,0
empty-fast,41,0.027,16.109,0.409,0.000,16.518,0,1,0
empty-fast,42,0.037,15.780,0.232,0.000,16.013,0,1,0
empty-fast,43,0.030,16.718,0.229,0.000,16.946,0,1,0
empty-fast,44,0.023,16.898,0.193,0.000,17.091,0,1,0
empty-fast,45,0.023,16.770,0.255,0.000,17.025,0,1,0
empty-fast,46,0.033,16.519,0.187,0.000,16.706,0,1,0
empty-fast,47,0.066,16.600,0.274,0.000,16.874,0,1,0
empty-fast,48,0.033,17.979,0.220,0.000,18.199,0,1,0
empty-fast,49,0.035,17.264,0.336,0.000,17.600,0,1,0
empty-fast,50,0.032,13.811,0.271,0.000,14.081,0,1,0
empty-fast,51,0.114,17.709,0.349,0.000,18.057,0,1,0
empty-fast,52,0.040,17.297,0.388,0.000,17.685,0,1,0
empty-fast,53,0.045,12.327,0.151,0.000,12.478,0,1,0
empty-fast,54,0.026,17.125,0.334,0.000,17.459,0,1,0
empty-fast,55,0.036,15.732,0.233,0.000,15.966,0,1,0
empty-fast,56,0.027,16.895,0.202,0.000,17.097,0,1,0
empty-fast,57,0.027,16.868,0.293,0.000,17.161,0,1,0
empty-fast,58,0.034,15.059,0.241,0.000,15.300,0,1,0
empty-fast,59,0.064,16.278,0.180,0.000,16.458,0,1,0
empty-fast,60,0.030,16.428,0.192,0.000,16.620,0,1,0
empty-fast,61,0.028,16.556,0.246,0.000,16.801,0,1,0
empty-fast,62,0.024,17.030,0.213,0.000,17.243,0,1,0
empty-fast,63,0.033,18.161,0.306,0.000,18.468,0,1,0
empty-fast,64,0.033,16.509,0.299,0.000,16.808,0,1,0
empty-fast,65,0.038,15.924,0.363,0.000,16.287,0,1,0
empty-fast,66,0.117,15.969,0.473,0.000,16.442,0,2,0
empty-fast,67,0.508,16.425,0.248,0.000,16.673,0,1,0
empty-fast,68,0.025,15.988,0.350,0.000,16.338,0,1,0
empty-fast,69,0.042,17.195,0.339,0.000,17.534,0,1,0
empty-fast,70,0.054,14.228,0.457,0.000,14.684,0,1,0
empty-fast,71,0.052,18.002,0.324,0.000,18.326,0,1,0
empty-fast,72,0.040,17.635,0.285,0.000,17.920,0,1,0
empty-fast,73,0.031,13.721,0.419,0.000,14.140,0,1,0
empty-fast,74,0.169,16.552,0.319,0.000,16.871,0,1,0
empty-fast,75,0.044,16.500,0.395,0.000,16.895,0,1,0
empty-fast,76,0.034,16.785,0.320,0.000,17.106,0,1,0
empty-fast,77,0.044,15.432,0.299,0.000,15.731,0,1,0
empty-fast,78,0.037,17.231,0.334,0.000,17.564,0,1,0
empty-fast,79,0.044,14.946,0.398,0.000,15.344,0,1,0
empty-fast,80,0.031,16.615,0.450,0.000,17.065,0,1,0
empty-fast,81,0.080,15.385,0.607,0.000,15.993,0,1,0
empty-fast,82,0.074,14.900,0.393,0.000,15.293,0,2,0
empty-fast,83,0.043,17.002,0.413,0.000,17.416,0,1,0
empty-fast,84,0.043,14.819,0.261,0.000,15.080,0,1,0
empty-fast,85,0.034,16.586,0.369,0.000,16.955,0,1,0
empty-fast,86,0.037,16.756,0.386,0.000,17.142,0,1,0
empty-fast,87,0.035,16.706,0.378,0.000,17.084,0,1,0
empty-fast,88,0.046,13.704,0.262,0.000,13.966,0,1,0
empty-fast,89,0.034,17.553,0.419,0.000,17.973,0,1,0
empty-fast,90,0.043,17.147,0.467,0.000,17.614,0,1,0
empty-fast,91,0.044,16.163,0.333,0.000,16.496,0,1,0
empty-fast,92,0.042,16.118,0.411,0.000,16.529,0,1,0
empty-fast,93,0.045,16.717,0.358,0.000,17.075,0,1,0
empty-fast,94,0.056,16.794,0.326,0.000,17.120,0,1,0
empty-fast,95,0.042,13.904,0.392,0.000,14.296,0,1,0
empty-fast,96,0.039,18.126,0.435,0.000,18.561,0,1,0
empty-fast,97,0.053,16.021,0.361,0.000,16.381,0,1,0
empty-fast,98,0.041,15.112,0.443,0.000,15.555,0,1,0
empty-fast,99,0.087,15.884,0.293,0.000,16.176,0,1,0
empty-fast,100,0.041,17.517,0.360,0.000,17.877,0,1,0
empty-fast,101,0.044,16.419,0.426,0.000,16.845,0,1,0
empty-fast,102,0.147,15.542,0.387,0.000,15.930,0,1,0
empty-fast,103,0.035,16.286,0.290,0.000,16.576,0,1,0
empty-fast,104,0.050,16.287,0.368,0.000,16.655,0,1,0
empty-fast,105,0.043,16.640,0.349,0.000,16.989,0,1,0
empty-fast,106,0.046,16.842,0.418,0.000,17.260,0,1,0
empty-fast,107,0.060,11.692,0.367,0.000,12.059,0,1,0
empty-fast,108,0.047,16.553,0.240,0.000,16.793,0,1,0
empty-fast,109,0.023,16.187,0.452,0.000,16.639,0,1,0
empty-fast,110,0.053,15.933,0.180,0.000,16.113,0,1,0
empty-fast,111,0.020,16.490,0.192,0.000,16.682,0,1,0
empty-fast,112,0.165,16.896,0.177,0.000,17.072,0,1,0
empty-fast,113,0.030,15.940,0.154,0.000,16.095,0,1,0
empty-fast,114,0.033,16.645,0.196,0.000,16.841,0,1,0
empty-fast,115,0.027,17.121,0.337,0.000,17.458,0,1,0
empty-fast,116,0.052,16.572,0.307,0.000,16.880,0,1,0
empty-fast,117,0.036,17.286,0.299,0.000,17.585,0,1,0
empty-fast,118,0.041,16.953,0.435,0.000,17.388,0,1,0
empty-fast,119,0.043,17.497,0.437,0.000,17.934,0,1,0
empty-fast,120,0.036,14.614,0.303,0.000,14.916,0,1,0
empty-fast,121,0.038,17.218,0.264,0.000,17.482,0,1,0
empty-fast,122,0.039,13.642,0.371,0.000,14.012,0,1,0
empty-fast,123,0.031,15.847,0.235,0.000,16.082,0,1,0
empty-fast,124,0.036,16.189,0.175,0.000,16.364,0,1,0
empty-fast,125,0.029,16.354,0.224,0.000,16.578,0,1,0
empty-fast,126,0.023,16.650,0.191,0.000,16.841,0,1,0
empty-fast,127,0.069,15.738,0.254,0.000,15.991,0,1,0
empty-fast,128,0.019,16.949,0.311,0.000,17.260,0,1,0
empty-fast,129,0.026,16.002,0.204,0.000,16.206,0,1,0
empty-fast,130,0.026,16.397,0.211,0.000,16.608,0,1,0
empty-fast,131,0.024,17.232,0.158,0.000,17.390,0,1,0
empty-fast,132,0.027,17.560,0.392,0.000,17.952,0,1,0
empty-fast,133,0.062,20.338,0.299,0.000,20.637,0,1,0
empty-fast,134,0.035,12.687,0.274,0.000,12.961,0,1,0
empty-fast,135,0.045,16.760,0.268,0.000,17.029,0,1,0
empty-fast,136,0.035,16.081,0.321,0.000,16.402,0,1,0
empty-fast,137,0.030,16.530,0.281,0.000,16.812,0,1,0
empty-fast,138,0.044,16.277,0.594,0.000,16.870,0,1,0
empty-fast,139,0.085,15.959,0.270,0.000,16.228,0,2,0
empty-fast,140,0.038,15.912,0.482,0.000,16.394,0,1,0
empty-fast,141,0.052,15.946,0.414,0.000,16.360,0,1,0
empty-fast,142,0.084,15.599,0.326,0.000,15.926,0,1,0
empty-fast,143,0.040,17.274,0.473,0.000,17.747,0,1,0
empty-fast,144,0.130,15.071,0.440,0.000,15.512,0,2,0
empty-fast,145,0.074,15.434,0.316,0.000,15.750,0,1,0
empty-fast,146,0.036,16.695,0.283,0.000,16.977,0,1,0
empty-fast,147,0.032,15.476,0.285,0.000,15.761,0,1,0
empty-fast,148,0.037,16.998,0.292,0.000,17.290,0,1,0
empty-fast,149,0.033,16.758,0.395,0.000,17.153,0,1,0
empty-fast,150,0.670,3.130,0.186,0.000,3.316,0,1,0
dense,0,0.467,19.409,0.114,0.000,19.523,0,2,0
dense,1,0.030,14.957,0.215,0.000,15.172,0,1,0
dense,2,0.040,17.166,0.199,0.000,17.365,0,1,0
dense,3,0.368,16.917,0.197,0.000,17.115,0,1,0
dense,4,0.029,16.606,0.183,0.000,16.788,0,1,0
dense,5,0.035,16.353,0.266,0.000,16.619,0,1,0
dense,6,0.034,18.259,0.384,0.000,18.643,0,1,0
dense,7,0.047,12.537,0.209,0.000,12.746,0,1,0
dense,8,0.036,16.776,0.140,0.000,16.916,0,1,0
dense,9,0.028,16.857,0.277,0.000,17.134,0,1,0
dense,10,0.037,16.045,0.168,0.000,16.213,0,1,0
dense,11,0.039,16.872,0.405,0.000,17.277,0,1,0
dense,12,0.038,16.056,0.349,0.000,16.405,0,1,0
dense,13,0.031,16.390,0.298,0.000,16.688,0,1,0
dense,14,0.079,14.885,0.183,0.000,15.068,0,1,0
dense,15,0.025,16.916,0.281,0.000,17.197,0,1,0
dense,16,0.026,17.218,0.205,0.000,17.423,0,1,0
dense,17,0.115,15.367,0.168,0.000,15.535,0,1,0
dense,18,0.022,16.771,0.201,0.000,16.972,0,1,0
dense,19,0.040,15.746,0.188,0.000,15.934,0,1,0
dense,20,0.029,17.024,0.179,0.000,17.203,0,1,0
dense,21,0.028,17.033,0.184,0.000,17.217,0,1,0
dense,22,0.027,16.863,0.256,0.000,17.119,0,1,0
dense,23,0.038,18.182,0.294,0.000,18.476,0,1,0
dense,24,0.038,16.258,0.284,0.000,16.541,0,1,0
dense,25,0.044,16.038,0.333,0.000,16.372,0,1,0
dense,26,0.044,14.320,0.187,0.000,14.506,0,1,0
dense,27,0.028,15.484,0.244,0.000,15.727,0,1,0
dense,28,0.037,16.163,0.172,0.000,16.335,0,1,0
dense,29,0.024,16.905,0.410,0.000,17.315,0,1,0
dense,30,0.028,16.308,0.302,0.000,16.610,0,1,0
dense,31,0.032,16.208,0.171,0.000,16.379,0,1,0
dense,32,0.026,16.172,0.294,0.000,16.466,0,1,0
dense,33,0.389,16.591,0.290,0.000,16.881,0,1,0
dense,34,0.076,15.937,0.167,0.000,16.104,0,1,0
dense,35,0.031,15.971,0.183,0.000,16.154,0,1,0
dense,36,0.024,18.200,0.234,0.000,18.434,0,1,0
dense,37,0.032,17.222,0.259,0.000,17.481,0,1,0
dense,38,0.032,16.753,0.287,0.000,17.040,0,1,0
dense,39,0.039,16.983,0.398,0.000,17.382,0,1,0
dense,40,0.041,16.138,0.349,0.000,16.487,0,1,0
dense,41,0.060,16.469,0.356,0.000,16.825,0,1,0
dense,42,0.039,16.682,0.321,0.000,17.003,0,1,0
dense,43,0.045,15.795,0.328,0.000,16.123,0,1,0
dense,44,0.036,15.998,0.316,0.000,16.314,0,1,0
dense,45,0.042,16.382,0.351,0.000,16.732,0,1,0
dense,46,0.183,14.294,0.384,0.000,14.678,0,2,0
dense,47,0.046,15.250,0.227,0.000,15.477,0,1,0
dense,48,0.072,16.931,0.144,0.000,17.075,0,1,0
dense,49,0.025,17.616,0.396,0.000,18.013,0,1,0
dense,50,0.043,17.492,0.501,0.000,17.993,0,1,0
dense,51,0.570,13.964,0.369,0.000,14.333,0,1,0
dense,52,0.037,17.275,0.393,0.000,17.668,0,1,0
dense,53,0.047,16.323,0.296,0.000,16.619,0,1,0
dense,54,0.037,14.760,0.269,0.000,15.029,0,1,0
dense,55,0.039,15.542,0.363,0.000,15.906,0,1,0
dense,56,0.063,16.459,0.300,0.000,16.758,0,1,0
dense,57,0.040,16.204,0.416,0.000,16.620,0,1,0
dense,58,0.045,16.201,0.339,0.000,16.541,0,1,0
dense,59,0.061,16.241,0.353,0.000,16.594,0,1,0
dense,60,0.040,20.446,0.233,0.000,20.678,0,1,0
dense,61,0.037,12.534,0.265,0.000,12.799,0,1,0
dense,62,0.045,15.311,0.271,0.000,15.582,0,1,0
dense,63,0.395,18.398,0.347,0.000,18.745,0,1,0
dense,64,0.039,16.529,0.318,0.000,16.847,0,1,0
dense,65,0.039,16.403,0.279,0.000,16.682,0,1,0
dense,66,0.037,15.464,0.276,0.000,15.740,0,1,0
dense,67,0.058,15.940,0.320,0.000,16.260,0,1,0
dense,68,0.044,16.774,0.384,0.000,17.157,0,1,0
dense,69,0.040,16.102,0.357,0.000,16.458,0,1,0
dense,70,0.038,16.240,0.311,0.000,16.551,0,1,0
dense,71,0.043,16.590,0.405,0.000,16.995,0,1,0
dense,72,0.036,16.148,0.327,0.000,16.475,0,1,0
dense,73,0.125,15.508,0.271,0.000,15.779,0,1,0
dense,74,0.036,16.829,0.297,0.000,17.126,0,1,0
dense,75,0.038,16.090,0.297,0.000,16.388,0,1,0
dense,76,0.034,16.719,0.393,0.000,17.112,0,1,0
dense,77,0.052,16.374,0.476,0.000,16.850,0,1,0
dense,78,0.087,14.770,0.511,0.000,15.281,0,1,0
dense,79,0.059,15.075,0.245,0.000,15.319,0,1,0
dense,80,0.044,17.470,0.374,0.000,17.843,0,1,0
dense,81,0.247,16.814,0.337,0.000,17.151,0,1,0
dense,82,0.036,15.900,0.512,0.000,16.411,0,1,0
dense,83,0.185,16.107,0.379,0.000,16.485,0,1,0
dense,84,0.032,17.175,0.329,0.000,17.504,0,1,0
dense,85,0.038,15.574,0.373,0.000,15.947,0,1,0
dense,86,0.042,15.934,0.263,0.000,16.197,0,1,0
dense,87,0.041,16.684,0.295,0.000,16.978,0,1,0
dense,88,0.035,16.355,0.402,0.000,16.757,0,1,0
dense,89,0.039,15.809,0.421,0.000,16.229,0,1,0
dense,90,0.038,17.193,0.370,0.000,17.563,0,1,0
dense,91,0.054,15.085,0.315,0.000,15.400,0,1,0
dense,92,0.034,15.092,0.343,0.000,15.436,0,1,0
dense,93,0.678,17.730,0.508,0.000,18.238,0,1,0
dense,94,0.114,14.851,0.320,0.000,15.170,0,2,0
dense,95,0.052,16.520,0.300,0.000,16.820,0,1,0
dense,96,0.034,16.661,0.284,0.000,16.945,0,1,0
dense,97,0.040,16.059,0.366,0.000,16.426,0,1,0
dense,98,0.031,16.547,0.347,0.000,16.894,0,1,0
dense,99,0.037,16.111,0.243,0.000,16.354,0,1,0
dense,100,0.032,15.840,0.340,0.000,16.180,0,1,0
dense,101,0.057,16.909,0.375,0.000,17.284,0,1,0
dense,102,0.032,15.903,0.452,0.000,16.355,0,1,0
dense,103,0.038,16.834,0.413,0.000,17.246,0,1,0
dense,104,0.039,15.476,0.328,0.000,15.804,0,1,0
dense,105,0.071,14.885,0.499,0.000,15.385,0,1,0
dense,106,0.043,16.388,0.289,0.000,16.678,0,1,0
dense,107,0.040,16.332,0.436,0.000,16.768,0,1,0
dense,108,0.031,16.340,0.294,0.000,16.635,0,1,0
dense,109,0.086,15.064,0.310,0.000,15.374,0,2,0
dense,110,0.033,16.989,0.288,0.000,17.276,0,1,0
dense,111,0.033,16.703,0.347,0.000,17.049,0,1,0
dense,112,0.037,16.090,0.357,0.000,16.447,0,1,0
dense,113,0.039,16.151,0.420,0.000,16.571,0,1,0
dense,114,0.037,16.827,0.381,0.000,17.207,0,1,0
dense,115,0.045,13.718,0.204,0.000,13.921,0,1,0
dense,116,0.119,17.095,0.250,0.000,17.344,0,1,0
dense,117,0.034,17.245,0.362,0.000,17.608,0,1,0
dense,118,0.040,16.929,0.345,0.000,17.274,0,1,0
dense,119,0.039,15.099,0.531,0.000,15.630,0,1,0
dense,120,0.057,19.069,0.321,0.000,19.390,0,1,0
dense,121,0.031,13.010,0.384,0.000,13.394,0,1,0
dense,122,0.039,17.269,0.354,0.000,17.623,0,1,0
dense,123,0.036,15.647,0.333,0.000,15.979,0,1,0
dense,124,0.042,15.916,0.368,0.000,16.284,0,1,0
dense,125,0.035,16.623,0.309,0.000,16.932,0,1,0
dense,126,0.041,16.440,0.298,0.000,16.738,0,1,0
dense,127,0.034,16.308,0.430,0.000,16.737,0,1,0
dense,128,0.049,15.985,0.280,0.000,16.264,0,1,0
dense,129,0.036,17.056,0.364,0.000,17.421,0,1,0
dense,130,0.042,16.221,0.265,0.000,16.486,0,1,0
dense,131,0.037,16.512,0.306,0.000,16.819,0,1,0
dense,132,0.049,15.458,0.353,0.000,15.810,0,1,0
dense,133,0.034,16.326,0.228,0.000,16.554,0,1,0
dense,134,0.035,16.300,0.335,0.000,16.635,0,1,0
dense,135,0.033,16.290,0.363,0.000,16.653,0,1,0
dense,136,0.046,16.899,0.263,0.000,17.163,0,1,0
dense,137,0.046,15.383,0.343,0.000,15.726,0,1,0
dense,138,0.352,15.216,0.321,0.000,15.537,0,1,0
dense,139,0.082,15.684,0.222,0.000,15.906,0,1,0
dense,140,0.030,16.058,0.224,0.000,16.282,0,1,0
dense,141,0.027,17.365,0.293,0.000,17.658,0,1,0
dense,142,0.038,17.606,0.419,0.000,18.025,0,1,0
dense,143,0.036,15.565,0.312,0.000,15.877,0,1,0
dense,144,0.040,17.052,0.348,0.000,17.400,0,1,0
dense,145,0.040,16.592,0.366,0.000,16.958,0,1,0
dense,146,0.056,16.415,0.389,0.000,16.803,0,1,0
dense,147,0.046,15.896,0.365,0.000,16.261,0,1,0
dense,148,0.050,16.120,0.281,0.000,16.401,0,1,0
dense,149,0.036,15.939,0.425,0.000,16.364,0,1,0
dense,150,0.050,16.671,0.276,0.000,16.947,0,1,0
dense,151,0.036,15.589,0.285,0.000,15.874,0,1,0
dense,152,0.036,15.828,0.294,0.000,16.122,0,1,0
dense,153,0.030,15.975,0.490,0.000,16.464,0,1,0
dense,154,0.052,14.805,0.328,0.000,15.133,0,1,0
dense,155,0.115,15.681,0.330,0.000,16.010,0,1,0
dense,156,0.028,17.106,0.172,0.000,17.278,0,1,0
dense,157,0.027,16.527,0.225,0.000,16.752,0,1,0
dense,158,0.035,17.437,0.296,0.000,17.733,0,1,0
dense,159,0.036,16.321,0.193,0.000,16.514,0,1,0
dense,160,0.036,16.789,0.311,0.000,17.101,0,1,0
dense,161,0.034,15.932,0.285,0.000,16.217,0,1,0
dense,162,0.034,16.665,0.408,0.000,17.073,0,1,0
dense,163,0.037,14.766,0.216,0.000,14.982,0,1,0
dense,164,0.031,18.269,0.353,0.000,18.622,0,1,0
dense,165,0.043,14.840,0.298,0.000,15.139,0,1,0
dense,166,0.034,15.399,0.195,0.000,15.594,0,1,0
dense,167,0.032,16.829,0.256,0.000,17.085,0,1,0
dense,168,0.750,16.255,0.236,0.000,16.491,0,1,0
dense,169,0.030,17.108,0.282,0.000,17.390,0,1,0
dense,170,0.035,16.931,0.421,0.000,17.353,0,1,0
dense,171,0.201,14.036,0.479,0.000,14.515,0,1,0
dense,172,0.037,17.284,0.277,0.000,17.562,0,1,0
dense,173,0.028,15.993,0.276,0.000,16.269,0,1,0
dense,174,0.034,16.531,0.266,0.000,16.797,0,1,0
dense,175,0.030,16.865,0.226,0.000,17.091,0,1,0
dense,176,0.041,15.546,0.264,0.000,15.810,0,1,0
dense,177,0.029,16.612,0.324,0.000,16.936,0,1,0
dense,178,0.044,15.689,0.208,0.000,15.897,0,1,0
dense,179,0.035,16.649,0.262,0.000,16.912,0,1,0
dense,180,2.911,3.572,0.233,0.000,3.805,0,1,0
long-12s,0,0.301,17.005,0.304,0.000,17.309,0,2,0
long-12s,1,0.041,3.052,0.245,0.000,3.297,0,1,0
long-12s,2,0.100,2.503,0.349,0.000,2.852,0,1,0
long-12s,3,0.021,16.388,0.263,0.000,16.651,0,1,0
long-12s,4,0.047,16.041,0.123,0.000,16.164,0,1,0
long-12s,5,0.026,18.606,0.313,0.000,18.919,0,1,0
long-12s,6,0.037,18.302,0.248,0.000,18.550,0,1,0
long-12s,7,0.026,15.323,0.340,0.000,15.663,0,1,0
long-12s,8,0.039,15.475,0.241,0.000,15.715,0,1,0
long-12s,9,0.035,15.998,0.470,0.000,16.467,0,1,0
long-12s,10,0.118,16.923,0.351,0.000,17.274,0,1,0
long-12s,11,0.033,14.688,0.279,0.000,14.967,0,1,0
long-12s,12,0.032,17.516,0.300,0.000,17.816,0,1,0
long-12s,13,0.036,16.524,0.335,0.000,16.859,0,1,0
long-12s,14,0.040,16.261,0.291,0.000,16.552,0,1,0
long-12s,15,0.038,16.164,0.297,0.000,16.462,0,1,0
long-12s,16,0.037,17.289,0.408,0.000,17.697,0,1,0
long-12s,17,0.043,15.299,0.226,0.000,15.525,0,1,0
long-12s,18,0.035,16.180,0.352,0.000,16.531,0,1,0
long-12s,19,0.039,16.312,0.280,0.000,16.592,0,1,0
long-12s,20,0.036,16.075,0.204,0.000,16.279,0,1,0
long-12s,21,0.046,16.703,0.277,0.000,16.981,0,1,0
long-12s,22,0.038,16.368,0.294,0.000,16.662,0,1,0
long-12s,23,0.046,16.051,0.372,0.000,16.423,0,1,0
long-12s,24,0.036,16.262,0.294,0.000,16.556,0,1,0
long-12s,25,0.218,16.598,0.333,0.000,16.931,0,1,0
long-12s,26,0.037,17.190,0.417,0.000,17.607,0,1,0
long-12s,27,0.044,14.590,0.322,0.000,14.912,0,1,0
long-12s,28,0.037,17.948,0.321,0.000,18.269,0,1,0
long-12s,29,0.043,14.892,0.272,0.000,15.164,0,1,0
long-12s,30,0.032,16.940,0.360,0.000,17.300,0,1,0
long-12s,31,0.045,16.482,0.431,0.000,16.913,0,1,0
long-12s,32,0.040,16.052,0.332,0.000,16.384,0,1,0
long-12s,33,0.048,14.671,0.266,0.000,14.937,0,1,0
long-12s,34,0.034,17.290,0.281,0.000,17.571,0,1,0
long-12s,35,0.048,16.334,0.217,0.000,16.551,0,1,0
long-12s,36,0.037,16.875,0.408,0.000,17.283,0,1,0
long-12s,37,0.047,15.259,0.294,0.000,15.553,0,1,0
long-12s,38,0.046,13.997,0.281,0.000,14.278,0,1,0
long-12s,39,0.029,16.455,0.177,0.000,16.632,0,1,0
long-12s,40,0.023,16.586,0.142,0.000,16.728,0,1,0
long-12s,41,0.022,16.792,0.158,0.000,16.950,0,1,0
long-12s,42,0.026,16.016,0.263,0.000,16.278,0,1,0
long-12s,43,0.158,16.652,0.246,0.000,16.898,0,1,0
long-12s,44,0.026,16.108,0.138,0.000,16.246,0,1,0
long-12s,45,0.023,16.778,0.126,0.000,16.904,0,1,0
long-12s,46,0.024,15.985,0.194,0.000,16.179,0,1,0
long-12s,47,0.030,17.673,0.308,0.000,17.981,0,1,0
long-12s,48,0.031,17.207,0.355,0.000,17.562,0,1,0
long-12s,49,0.058,17.740,0.281,0.000,18.021,0,1,0
long-12s,50,0.060,16.327,0.318,0.000,16.645,0,1,0
long-12s,51,0.042,13.343,0.226,0.000,13.569,0,1,0
long-12s,52,0.027,15.602,0.150,0.000,15.752,0,1,0
long-12s,53,0.020,16.481,0.232,0.000,16.713,0,1,0
long-12s,54,0.025,16.642,0.228,0.000,16.870,0,1,0
long-12s,55,0.610,15.255,0.227,0.000,15.482,0,1,0
long-12s,56,0.025,17.287,0.199,0.000,17.486,0,1,0
long-12s,57,0.028,16.692,0.326,0.000,17.017,0,1,0
long-12s,58,0.103,15.785,0.261,0.000,16.045,0,1,0
long-12s,59,0.151,17.495,0.257,0.000,17.752,0,1,0
long-12s,60,0.024,16.717,0.284,0.000,17.000,0,1,0
long-12s,61,0.031,16.787,0.143,0.000,16.930,0,1,0
long-12s,62,0.018,15.974,0.177,0.000,16.151,0,1,0
long-12s,63,0.037,17.100,0.321,0.000,17.421,0,1,0
long-12s,64,0.034,16.276,0.144,0.000,16.419,0,1,0
long-12s,65,0.033,18.079,0.424,0.000,18.503,0,1,0
long-12s,66,0.051,16.608,0.465,0.000,17.073,0,1,0
long-12s,67,0.064,16.454,0.305,0.000,16.759,0,1,0
long-12s,68,0.035,16.740,0.420,0.000,17.160,0,1,0
long-12s,69,0.297,13.651,0.340,0.000,13.991,0,1,0
long-12s,70,0.041,16.540,0.426,0.000,16.966,0,1,0
long-12s,71,0.048,15.167,0.342,0.000,15.510,0,1,0
long-12s,72,0.039,17.745,0.254,0.000,17.999,0,1,0
long-12s,73,0.038,17.110,0.361,0.000,17.470,0,1,0
long-12s,74,0.043,16.944,0.373,0.000,17.317,0,1,0
long-12s,75,0.043,16.236,0.396,0.000,16.633,0,1,0
long-12s,76,0.046,14.172,0.249,0.000,14.421,0,1,0
long-12s,77,0.039,18.537,0.365,0.000,18.902,0,1,0
long-12s,78,0.066,16.278,0.385,0.000,16.663,0,1,0
long-12s,79,0.047,16.256,0.323,0.000,16.579,0,1,0
long-12s,80,0.043,15.921,0.345,0.000,16.265,0,1,0
long-12s,81,0.099,14.727,0.450,0.000,15.178,0,1,0
long-12s,82,0.044,15.192,0.419,0.000,15.611,0,1,0
long-12s,83,0.316,17.161,0.365,0.000,17.526,0,1,0
long-12s,84,0.022,16.049,0.391,0.000,16.440,0,2,0
long-12s,85,0.096,18.149,0.298,0.000,18.448,0,1,0
long-12s,86,0.036,19.039,0.373,0.000,19.412,0,1,0
long-12s,87,0.050,16.362,0.449,0.000,16.811,0,1,0
long-12s,88,0.046,16.019,0.388,0.000,16.408,0,1,0
long-12s,89,0.071,15.974,0.343,0.000,16.317,0,1,0
long-12s,90,0.041,16.769,0.463,0.000,17.232,0,1,0
long-12s,91,0.057,14.779,0.410,0.000,15.189,0,1,0
long-12s,92,0.042,16.881,0.302,0.000,17.183,0,1,0
long-12s,93,0.052,13.419,0.192,0.000,13.611,0,1,0
long-12s,94,0.024,18.449,0.315,0.000,18.764,0,1,0
long-12s,95,0.042,20.610,0.202,0.000,20.812,0,1,0
long-12s,96,0.030,11.040,0.217,0.000,11.257,0,1,0
long-12s,97,0.125,17.448,0.427,0.000,17.875,0,1,0
long-12s,98,0.061,15.558,0.365,0.000,15.923,0,1,0
long-12s,99,0.035,17.306,0.324,0.000,17.631,0,1,0
long-12s,100,0.045,15.752,0.332,0.000,16.084,0,1,0
long-12s,101,0.044,15.421,0.262,0.000,15.683,0,1,0
long-12s,102,0.038,17.732,0.380,0.000,18.112,0,1,0
long-12s,103,0.057,15.808,0.474,0.000,16.282,0,1,0
long-12s,104,0.128,16.097,0.346,0.000,16.443,0,1,0
long-12s,105,0.061,15.684,0.533,0.000,16.216,0,1,0
long-12s,106,0.036,15.672,0.459,0.000,16.131,0,1,0
long-12s,107,0.150,16.107,0.338,0.000,16.445,0,1,0
long-12s,108,0.072,16.976,0.488,0.000,17.463,0,1,0
long-12s,109,0.053,15.885,0.424,0.000,16.309,0,1,0
long-12s,110,0.114,15.587,0.403,0.000,15.990,0,1,0
long-12s,111,0.048,16.559,0.316,0.000,16.875,0,1,0
long-12s,112,0.047,15.551,0.403,0.000,15.954,0,1,0
long-12s,113,0.329,14.464,0.263,0.000,14.727,0,1,0
long-12s,114,0.058,17.321,0.489,0.000,17.811,0,1,0
long-12s,115,0.037,16.488,0.345,0.000,16.833,0,1,0
long-12s,116,0.048,14.772,0.373,0.000,15.146,0,1,0
long-12s,117,0.081,16.805,0.368,0.000,17.173,0,1,0
long-12s,118,0.044,16.189,0.368,0.000,16.558,0,1,0
long-12s,119,0.043,17.459,0.401,0.000,17.860,0,1,0
long-12s,120,0.046,15.255,0.500,0.000,15.754,0,1,0
long-12s,121,0.044,16.371,0.378,0.000,16.749,0,1,0
long-12s,122,0.046,15.762,0.384,0.000,16.146,0,1,0
long-12s,123,0.037,16.995,0.339,0.000,17.334,0,1,0
long-12s,124,0.041,15.438,0.334,0.000,15.772,0,1,0
long-12s,125,0.036,14.507,0.605,0.000,15.113,0,1,0
long-12s,126,0.100,16.368,0.440,0.000,16.808,0,1,0
long-12s,127,0.057,14.972,0.401,0.000,15.373,0,1,0
long-12s,128,0.155,11.630,0.190,0.000,11.819,0,1,0
long-12s,129,0.031,16.691,0.235,0.000,16.926,0,1,0
long-12s,130,0.031,17.375,0.292,0.000,17.667,0,1,0
long-12s,131,0.040,17.056,0.595,0.000,17.651,0,1,0
long-12s,132,0.152,15.487,0.367,0.000,15.854,0,1,0
long-12s,133,0.066,15.706,0.382,0.000,16.088,0,1,0
long-12s,134,0.049,16.621,0.323,0.000,16.944,0,1,0
long-12s,135,0.049,16.511,0.458,0.000,16.969,0,1,0
long-12s,136,0.044,15.790,0.321,0.000,16.111,0,1,0
long-12s,137,0.044,16.510,0.427,0.000,16.937,0,1,0
long-12s,138,0.126,15.620,0.538,0.000,16.158,0,1,0
long-12s,139,0.052,16.317,0.488,0.000,16.805,0,1,0
long-12s,140,0.078,15.386,0.424,0.000,15.810,0,1,0
long-12s,141,0.071,14.139,0.180,0.000,14.320,0,1,0
long-12s,142,0.052,17.430,0.246,0.000,17.676,0,1,0
long-12s,143,0.049,14.501,0.392,0.000,14.893,0,2,0
long-12s,144,0.050,16.716,0.520,0.000,17.236,0,1,0
long-12s,145,0.118,16.255,0.372,0.000,16.628,0,1,0
long-12s,146,0.041,16.226,0.323,0.000,16.549,0,1,0
long-12s,147,0.043,17.030,0.384,0.000,17.415,0,1,0
long-12s,148,0.040,14.822,0.344,0.000,15.165,0,1,0
long-12s,149,0.106,15.766,0.433,0.000,16.199,0,1,0
long-12s,150,0.069,15.682,0.369,0.000,16.051,0,1,0
long-12s,151,0.033,16.061,0.552,0.000,16.612,0,1,0
long-12s,152,0.054,15.266,0.302,0.000,15.568,0,1,0
long-12s,153,0.054,17.529,0.338,0.000,17.867,0,1,0
long-12s,154,0.057,16.225,0.287,0.000,16.512,0,1,0
long-12s,155,0.071,15.650,0.345,0.000,15.995,0,1,0
long-12s,156,0.038,19.790,0.197,0.000,19.986,0,1,0
long-12s,157,0.030,12.481,0.403,0.000,12.884,0,1,0
long-12s,158,0.062,14.330,0.276,0.000,14.606,0,1,0
long-12s,159,0.033,17.323,0.305,0.000,17.627,0,1,0
long-12s,160,0.044,16.006,0.371,0.000,16.377,0,1,0
long-12s,161,0.103,17.980,0.205,0.000,18.185,0,1,0
long-12s,162,0.020,18.019,0.221,0.000,18.240,0,1,0
long-12s,163,0.037,18.741,0.395,0.000,19.136,0,1,0
long-12s,164,0.035,15.352,0.292,0.000,15.644,0,1,0
long-12s,165,0.043,16.757,0.406,0.000,17.163,0,1,0
long-12s,166,0.040,16.664,0.367,0.000,17.030,0,1,0
long-12s,167,0.049,15.440,0.455,0.000,15.895,0,1,0
long-12s,168,0.042,15.302,0.324,0.000,15.626,0,1,0
long-12s,169,0.037,17.114,0.385,0.000,17.499,0,1,0
long-12s,170,0.045,17.249,0.359,0.000,17.608,0,1,0
long-12s,171,0.092,15.038,0.356,0.000,15.394,0,1,0
long-12s,172,0.047,15.037,0.244,0.000,15.281,0,1,0
long-12s,173,0.202,17.486,0.579,0.000,18.066,0,1,0
long-12s,174,0.169,14.632,0.244,0.000,14.876,0,1,0
long-12s,175,0.034,17.273,0.378,0.000,17.651,0,1,0
long-12s,176,0.037,16.925,0.364,0.000,17.289,0,1,0
long-12s,177,0.048,17.005,0.329,0.000,17.334,0,1,0
long-12s,178,0.065,15.561,0.452,0.000,16.013,0,1,0
long-12s,179,0.047,16.204,0.373,0.000,16.577,0,1,0
long-12s,180,0.043,15.984,0.385,0.000,16.368,0,1,0
long-12s,181,0.226,16.110,0.239,0.000,16.350,0,1,0
long-12s,182,0.036,16.265,0.360,0.000,16.625,0,1,0
long-12s,183,0.044,16.715,0.345,0.000,17.059,0,1,0
long-12s,184,0.039,15.197,0.320,0.000,15.517,0,1,0
long-12s,185,0.035,16.268,0.420,0.000,16.688,0,1,0
long-12s,186,0.047,16.838,0.542,0.000,17.380,0,1,0
long-12s,187,0.573,13.602,0.320,0.000,13.922,0,1,0
long-12s,188,0.043,15.284,0.292,0.000,15.576,0,1,0
long-12s,189,0.040,15.801,0.170,0.000,15.971,0,1,0
long-12s,190,0.025,17.381,0.252,0.000,17.633,0,1,0
long-12s,191,0.039,18.954,0.416,0.000,19.369,0,1,0
long-12s,192,0.048,16.131,0.364,0.000,16.495,0,1,0
long-12s,193,0.046,16.304,0.430,0.000,16.735,0,1,0
long-12s,194,0.040,16.203,0.378,0.000,16.581,0,1,0
long-12s,195,0.065,15.958,0.496,0.000,16.455,0,1,0
long-12s,196,0.044,16.387,0.297,0.000,16.684,0,1,0
long-12s,197,0.069,15.970,0.247,0.000,16.218,0,1,0
long-12s,198,0.034,16.175,0.408,0.000,16.582,0,1,0
long-12s,199,0.068,15.869,0.380,0.000,16.249,0,1,0
long-12s,200,0.044,16.852,0.478,0.000,17.330,0,1,0
long-12s,201,0.054,13.986,0.249,0.000,14.235,0,1,0
long-12s,202,0.023,15.371,0.156,0.000,15.527,0,1,0
long-12s,203,0.025,17.381,0.242,0.000,17.624,0,1,0
long-12s,204,0.031,17.065,0.523,0.000,17.589,0,1,0
long-12s,205,0.054,17.568,0.353,0.000,17.920,0,1,0
long-12s,206,0.041,15.819,0.398,0.000,16.217,0,1,0
long-12s,207,0.080,16.628,0.418,0.000,17.046,0,1,0
long-12s,208,0.048,16.128,0.380,0.000,16.508,0,1,0
long-12s,209,0.051,16.783,0.323,0.000,17.105,0,1,0
long-12s,210,0.039,15.348,0.456,0.000,15.805,0,1,0
long-12s,211,0.041,15.627,0.286,0.000,15.913,0,1,0
long-12s,212,0.037,14.908,0.260,0.000,15.168,0,1,0
long-12s,213,0.036,17.976,0.384,0.000,18.360,0,1,0
long-12s,214,0.083,14.974,0.542,0.000,15.516,0,1,0
long-12s,215,0.248,13.620,0.501,0.000,14.120,0,1,0
long-12s,216,0.046,20.203,0.228,0.000,20.431,0,1,0
long-12s,217,0.181,11.673,0.349,0.000,12.022,0,1,0
long-12s,218,0.029,17.482,0.309,0.000,17.791,0,1,0
long-12s,219,0.044,15.896,0.305,0.000,16.202,0,1,0
long-12s,220,0.034,16.644,0.366,0.000,17.010,0,1,0
long-12s,221,0.040,16.677,0.483,0.000,17.159,0,1,0
long-12s,222,0.044,16.265,0.391,0.000,16.656,0,1,0
long-12s,223,0.051,16.257,0.441,0.000,16.698,0,1,0
long-12s,224,0.040,16.074,0.408,0.000,16.482,0,1,0
long-12s,225,0.044,15.779,0.413,0.000,16.192,0,1,0
long-12s,226,0.046,16.768,0.416,0.000,17.184,0,1,0
long-12s,227,0.059,16.161,0.356,0.000,16.518,0,1,0
long-12s,228,0.045,15.801,0.321,0.000,16.122,0,1,0
long-12s,229,0.076,16.142,0.323,0.000,16.466,0,1,0
long-12s,230,0.040,16.413,0.350,0.000,16.763,0,1,0
long-12s,231,0.048,16.235,0.387,0.000,16.622,0,1,0
long-12s,232,0.015,14.735,0.284,0.000,15.019,0,2,0
long-12s,233,0.034,17.350,0.465,0.000,17.815,0,1,0
long-12s,234,0.046,15.246,0.346,0.000,15.592,0,1,0
long-12s,235,0.039,17.350,0.394,0.000,17.743,0,1,0
long-12s,236,0.061,15.981,0.366,0.000,16.347,0,1,0
long-12s,237,0.046,15.593,0.350,0.000,15.944,0,1,0
long-12s,238,0.048,16.974,0.443,0.000,17.417,0,1,0
long-12s,239,0.033,15.549,0.385,0.000,15.934,0,1,0
long-12s,240,0.046,17.068,0.349,0.000,17.417,0,1,0
long-12s,241,0.054,15.962,0.420,0.000,16.382,0,1,0
long-12s,242,0.040,16.145,0.360,0.000,16.505,0,1,0
long-12s,243,0.045,16.519,0.393,0.000,16.912,0,1,0
long-12s,244,0.051,15.813,0.346,0.000,16.158,0,1,0
long-12s,245,0.034,16.003,0.361,0.000,16.364,0,1,0
long-12s,246,0.118,16.168,0.453,0.000,16.621,0,1,0
long-12s,247,0.144,15.422,0.287,0.000,15.709,0,2,0
long-12s,248,0.040,16.908,0.411,0.000,17.319,0,1,0
long-12s,249,0.037,15.278,0.348,0.000,15.626,0,1,0
long-12s,250,0.051,16.859,0.371,0.000,17.230,0,1,0
long-12s,251,0.052,15.032,0.243,0.000,15.276,0,1,0
long-12s,252,0.036,17.212,0.275,0.000,17.487,0,1,0
long-12s,253,0.038,16.602,0.306,0.000,16.908,0,1,0
long-12s,254,0.041,16.436,0.365,0.000,16.801,0,1,0
long-12s,255,0.046,16.239,0.509,0.000,16.748,0,1,0
long-12s,256,0.212,16.076,0.430,0.000,16.506,0,1,0
long-12s,257,0.045,16.251,0.446,0.000,16.697,0,1,0
long-12s,258,0.049,15.739,0.373,0.000,16.112,0,1,0
long-12s,259,0.042,16.388,0.357,0.000,16.745,0,1,0
long-12s,260,0.059,16.504,0.414,0.000,16.917,0,1,0
long-12s,261,0.039,15.977,0.413,0.000,16.390,0,1,0
long-12s,262,0.725,14.766,0.420,0.000,15.186,0,1,0
long-12s,263,0.132,15.988,0.205,0.000,16.193,0,1,0
long-12s,264,0.027,18.364,0.358,0.000,18.722,0,1,0
long-12s,265,0.063,15.424,0.335,0.000,15.759,0,1,0
long-12s,266,0.041,15.898,0.182,0.000,16.080,0,1,0
long-12s,267,0.191,17.195,0.214,0.000,17.409,0,1,0
long-12s,268,0.032,17.368,0.178,0.000,17.546,0,1,0
long-12s,269,0.038,18.636,0.325,0.000,18.961,0,1,0
long-12s,270,0.040,14.955,0.249,0.000,15.204,0,1,0
long-12s,271,0.036,17.274,0.336,0.000,17.610,0,1,0
long-12s,272,0.040,17.016,0.469,0.000,17.485,0,1,0
long-12s,273,0.050,16.331,0.430,0.000,16.761,0,1,0
long-12s,274,0.044,14.985,0.494,0.000,15.479,0,1,0
long-12s,275,0.983,17.763,0.168,0.000,17.930,0,1,0
long-12s,276,0.028,12.120,0.276,0.000,12.396,0,1,0
long-12s,277,0.033,17.498,0.265,0.000,17.763,0,1,0
long-12s,278,0.032,16.622,0.450,0.000,17.072,0,1,0
long-12s,279,0.053,17.005,0.348,0.000,17.353,0,1,0
long-12s,280,0.044,15.741,0.329,0.000,16.070,0,1,0
long-12s,281,0.039,16.739,0.353,0.000,17.091,0,1,0
long-12s,282,0.042,14.370,0.293,0.000,14.663,0,1,0
long-12s,283,0.437,16.002,0.445,0.000,16.447,0,1,0
long-12s,284,0.054,16.576,0.432,0.000,17.008,0,1,0
long-12s,285,0.048,16.527,0.260,0.000,16.787,0,1,0
long-12s,286,0.045,15.776,0.286,0.000,16.062,0,1,0
long-12s,287,0.039,15.281,0.286,0.000,15.567,0,1,0
long-12s,288,0.035,18.299,0.346,0.000,18.645,0,1,0
long-12s,289,0.047,15.471,0.341,0.000,15.812,0,1,0
long-12s,290,0.130,14.024,0.263,0.000,14.287,0,1,0
long-12s,291,0.032,16.745,0.242,0.000,16.986,0,1,0
long-12s,292,0.032,18.706,0.453,0.000,19.159,0,1,0
long-12s,293,0.059,15.304,0.428,0.000,15.733,0,1,0
long-12s,294,0.037,16.138,0.426,0.000,16.564,0,1,0
long-12s,295,0.053,14.496,0.368,0.000,14.865,0,1,0
long-12s,296,0.043,16.689,0.359,0.000,17.048,0,1,0
long-12s,297,0.046,17.582,0.374,0.000,17.956,0,1,0
long-12s,298,0.040,16.928,0.387,0.000,17.315,0,1,0
long-12s,299,0.058,15.182,0.258,0.000,15.439,0,1,0
long-12s,300,0.035,16.224,0.407,0.000,16.631,0,1,0
long-12s,301,0.043,17.066,0.405,0.000,17.471,0,1,0
long-12s,302,0.093,12.294,0.229,0.000,12.522,0,1,0
long-12s,303,0.042,16.445,0.304,0.000,16.750,0,1,0
long-12s,304,0.039,16.566,0.390,0.000,16.957,0,1,0
long-12s,305,0.085,14.635,0.205,0.000,14.840,0,1,0
long-12s,306,0.030,17.040,0.322,0.000,17.362,0,1,0
long-12s,307,0.035,15.592,0.173,0.000,15.765,0,1,0
long-12s,308,0.028,16.023,0.305,0.000,16.328,0,1,0
long-12s,309,0.039,17.862,0.309,0.000,18.172,0,1,0
long-12s,310,0.049,15.195,0.208,0.000,15.402,0,1,0
long-12s,311,0.025,15.887,0.253,0.000,16.140,0,1,0
long-12s,312,0.025,17.252,0.289,0.000,17.540,0,1,0
long-12s,313,0.034,15.966,0.234,0.000,16.200,0,1,0
long-12s,314,0.038,19.011,0.324,0.000,19.335,0,1,0
long-12s,315,0.034,16.718,0.313,0.000,17.031,0,1,0
long-12s,316,0.039,15.921,0.375,0.000,16.295,0,1,0
long-12s,317,0.039,16.032,0.203,0.000,16.235,0,1,0
long-12s,318,0.040,15.769,0.348,0.000,16.117,0,1,0
long-12s,319,0.031,15.563,0.213,0.000,15.776,0,1,0
long-12s,320,0.045,17.664,0.167,0.000,17.832,0,1,0
long-12s,321,0.026,17.518,0.204,0.000,17.722,0,1,0
long-12s,322,0.041,18.099,0.273,0.000,18.372,0,1,0
long-12s,323,0.034,16.227,0.264,0.000,16.491,0,1,0
long-12s,324,0.039,17.181,0.286,0.000,17.467,0,1,0
long-12s,325,0.057,16.487,0.404,0.000,16.891,0,1,0
long-12s,326,0.048,16.116,0.237,0.000,16.353,0,1,0
long-12s,327,0.032,15.870,0.330,0.000,16.200,0,1,0
long-12s,328,0.040,16.560,0.299,0.000,16.859,0,1,0
long-12s,329,0.034,16.337,0.240,0.000,16.577,0,1,0
long-12s,330,0.042,14.815,0.564,0.000,15.378,0,1,0
long-12s,331,0.058,17.349,0.256,0.000,17.605,0,1,0
long-12s,332,0.033,16.392,0.262,0.000,16.654,0,1,0
long-12s,333,0.033,16.211,0.332,0.000,16.543,0,1,0
long-12s,334,0.202,19.274,0.214,0.000,19.489,0,1,0
long-12s,335,0.032,12.673,0.348,0.000,13.021,0,1,0
long-12s,336,0.043,16.834,0.339,0.000,17.172,0,1,0
long-12s,337,0.071,14.629,0.349,0.000,14.978,0,1,0
long-12s,338,0.147,15.133,0.261,0.000,15.394,0,2,0
long-12s,339,0.046,17.971,0.262,0.000,18.233,0,1,0
long-12s,340,0.034,16.694,0.246,0.000,16.940,0,1,0
long-12s,341,0.035,15.276,0.192,0.000,15.468,0,1,0
long-12s,342,0.029,17.546,0.226,0.000,17.772,0,1,0
long-12s,343,0.035,15.221,0.228,0.000,15.449,0,1,0
long-12s,344,0.036,16.041,0.295,0.000,16.336,0,1,0
long-12s,345,0.044,17.101,0.280,0.000,17.380,0,1,0
long-12s,346,0.036,16.631,0.313,0.000,16.943,0,1,0
long-12s,347,0.038,16.015,0.317,0.000,16.332,0,1,0
long-12s,348,0.034,15.848,0.508,0.000,16.356,0,1,0
long-12s,349,0.347,15.554,0.265,0.000,15.820,0,1,0
long-12s,350,0.032,16.391,0.345,0.000,16.736,0,1,0
long-12s,351,0.040,16.234,0.267,0.000,16.501,0,1,0
long-12s,352,0.033,16.800,0.452,0.000,17.252,0,1,0
long-12s,353,0.040,16.751,0.318,0.000,17.069,0,1,0
long-12s,354,0.037,15.488,0.316,0.000,15.804,0,1,0
long-12s,355,0.068,14.812,0.258,0.000,15.071,0,1,0
long-12s,356,0.035,17.630,0.318,0.000,17.948,0,1,0
long-12s,357,0.042,16.502,0.379,0.000,16.880,0,1,0
long-12s,358,0.044,15.111,0.356,0.000,15.467,0,1,0
long-12s,359,0.043,17.301,0.292,0.000,17.594,0,1,0
long-12s,360,0.045,15.862,0.440,0.000,16.302,0,1,0
long-12s,361,0.151,16.000,0.330,0.000,16.329,0,1,0
long-12s,362,0.034,13.436,0.401,0.000,13.837,0,1,0
long-12s,363,0.121,14.455,0.257,0.000,14.712,0,1,0
long-12s,364,0.062,13.789,0.329,0.000,14.119,0,1,0
long-12s,365,0.038,16.709,0.216,0.000,16.925,0,1,0
long-12s,366,0.029,15.188,0.143,0.000,15.331,0,1,0
long-12s,367,0.021,17.303,0.316,0.000,17.618,0,1,0
long-12s,368,0.040,16.405,0.231,0.000,16.636,0,1,0
long-12s,369,0.029,16.235,0.300,0.000,16.534,0,1,0
long-12s,370,0.027,17.058,0.185,0.000,17.243,0,1,0
long-12s,371,0.030,17.556,0.222,0.000,17.778,0,1,0
long-12s,372,0.033,16.319,0.258,0.000,16.577,0,1,0
long-12s,373,0.053,17.636,0.335,0.000,17.971,0,1,0
long-12s,374,0.039,17.404,0.309,0.000,17.713,0,1,0
long-12s,375,0.034,16.885,0.242,0.000,17.127,0,1,0
long-12s,376,0.042,16.141,0.251,0.000,16.392,0,1,0
long-12s,377,0.038,15.103,0.311,0.000,15.414,0,1,0
long-12s,378,0.025,16.653,0.153,0.000,16.806,0,1,0
long-12s,379,0.026,17.578,0.337,0.000,17.915,0,1,0
long-12s,380,0.031,16.744,0.258,0.000,17.002,0,1,0
long-12s,381,0.046,16.715,0.276,0.000,16.991,0,1,0
long-12s,382,0.034,16.202,0.358,0.000,16.561,0,1,0
long-12s,383,0.041,15.990,0.278,0.000,16.268,0,1,0
long-12s,384,0.055,16.186,0.251,0.000,16.437,0,1,0
long-12s,385,0.042,16.840,0.293,0.000,17.133,0,1,0
long-12s,386,0.037,16.649,0.265,0.000,16.913,0,1,0
long-12s,387,0.039,15.884,0.257,0.000,16.141,0,1,0
long-12s,388,0.052,16.449,0.391,0.000,16.839,0,1,0
long-12s,389,0.044,15.615,0.409,0.000,16.024,0,1,0
long-12s,390,0.039,17.768,0.332,0.000,18.100,0,1,0
long-12s,391,0.044,14.556,0.290,0.000,14.846,0,1,0
long-12s,392,0.033,17.439,0.379,0.000,17.818,0,1,0
long-12s,393,0.338,15.422,0.291,0.000,15.713,0,1,0
long-12s,394,0.032,18.302,0.288,0.000,18.590,0,1,0
long-12s,395,0.039,14.355,0.403,0.000,14.758,0,1,0
long-12s,396,0.047,15.966,0.369,0.000,16.336,0,1,0
long-12s,397,0.037,16.916,0.338,0.000,17.254,0,1,0
long-12s,398,0.040,16.348,0.311,0.000,16.658,0,1,0
long-12s,399,0.037,13.191,0.162,0.000,13.352,0,1,0
long-12s,400,0.028,17.679,0.187,0.000,17.866,0,1,0
long-12s,401,0.032,17.072,0.228,0.000,17.300,0,1,0
long-12s,402,0.037,17.471,0.270,0.000,17.741,0,1,0
long-12s,403,0.045,16.238,0.329,0.000,16.567,0,1,0
long-12s,404,0.042,16.247,0.402,0.000,16.649,0,1,0
long-12s,405,0.047,16.275,0.348,0.000,16.623,0,1,0
long-12s,406,0.043,15.920,0.354,0.000,16.275,0,1,0
long-12s,407,0.101,15.776,0.486,0.000,16.262,0,1,0
long-12s,408,0.085,15.074,0.284,0.000,15.358,0,1,0
long-12s,409,0.038,16.627,0.393,0.000,17.020,0,1,0
long-12s,410,0.042,15.368,0.248,0.000,15.615,0,1,0
long-12s,411,0.031,17.159,0.339,0.000,17.497,0,1,0
long-12s,412,0.038,16.731,0.343,0.000,17.075,0,1,0
long-12s,413,0.041,16.463,0.316,0.000,16.779,0,1,0
long-12s,414,0.057,16.100,0.390,0.000,16.490,0,1,0
long-12s,415,0.051,16.074,0.340,0.000,16.414,0,1,0
long-12s,416,0.044,16.318,0.388,0.000,16.705,0,1,0
long-12s,417,0.035,15.919,0.282,0.000,16.200,0,1,0
long-12s,418,0.034,16.610,0.319,0.000,16.928,0,1,0
long-12s,419,0.028,15.665,0.327,0.000,15.992,0,1,0
long-12s,420,0.034,15.480,0.268,0.000,15.748,0,1,0
long-12s,421,0.033,17.832,0.378,0.000,18.210,0,1,0
long-12s,422,0.050,16.076,0.322,0.000,16.399,0,1,0
long-12s,423,0.034,13.233,0.185,0.000,13.418,0,1,0
long-12s,424,0.023,16.822,0.202,0.000,17.025,0,1,0
long-12s,425,0.027,16.957,0.198,0.000,17.155,0,1,0
long-12s,426,0.031,17.201,0.358,0.000,17.559,0,1,0
long-12s,427,0.039,17.038,0.231,0.000,17.268,0,1,0
long-12s,428,0.035,16.550,0.292,0.000,16.842,0,1,0
long-12s,429,0.044,17.036,0.354,0.000,17.390,0,1,0
long-12s,430,0.046,15.819,0.349,0.000,16.168,0,1,0
long-12s,431,0.037,15.402,0.357,0.000,15.759,0,1,0
long-12s,432,0.146,16.718,0.292,0.000,17.010,0,1,0
long-12s,433,0.036,16.562,0.273,0.000,16.835,0,1,0
long-12s,434,0.042,15.737,0.329,0.000,16.066,0,1,0
long-12s,435,0.034,15.764,0.201,0.000,15.966,0,1,0
long-12s,436,0.035,17.661,0.398,0.000,18.059,0,1,0
long-12s,437,0.167,15.934,0.397,0.000,16.331,0,1,0
long-12s,438,0.882,14.091,0.382,0.000,14.473,0,1,0
long-12s,439,0.036,16.736,0.367,0.000,17.103,0,1,0
long-12s,440,0.046,17.506,0.218,0.000,17.723,0,1,0
long-12s,441,0.069,15.835,0.346,0.000,16.181,0,1,0
long-12s,442,0.043,16.078,0.287,0.000,16.364,0,1,0
long-12s,443,0.034,15.554,0.303,0.000,15.857,0,1,0
long-12s,444,0.058,18.292,0.213,0.000,18.504,0,1,0
long-12s,445,0.028,18.686,0.292,0.000,18.978,0,1,0
long-12s,446,0.041,17.794,0.475,0.000,18.270,0,1,0
long-12s,447,0.059,15.990,0.292,0.000,16.281,0,1,0
long-12s,448,0.046,16.488,0.377,0.000,16.864,0,1,0
long-12s,449,0.045,15.247,0.425,0.000,15.672,0,1,0
long-12s,450,0.052,17.303,0.382,0.000,17.685,0,1,0
long-12s,451,0.038,14.354,0.256,0.000,14.610,0,1,0
long-12s,452,0.168,16.417,0.298,0.000,16.715,0,1,0
long-12s,453,0.030,20.201,0.287,0.000,20.488,0,1,0
long-12s,454,0.036,11.890,0.252,0.000,12.142,0,1,0
long-12s,455,0.028,17.073,0.389,0.000,17.462,0,1,0
long-12s,456,0.045,16.965,0.260,0.000,17.225,0,1,0
long-12s,457,0.035,16.435,0.298,0.000,16.734,0,1,0
long-12s,458,0.044,16.765,0.305,0.000,17.070,0,1,0
long-12s,459,0.032,15.491,0.298,0.000,15.789,0,1,0
long-12s,460,0.033,15.196,0.296,0.000,15.491,0,1,0
long-12s,461,0.038,19.009,0.278,0.000,19.287,0,1,0
long-12s,462,0.042,15.654,0.218,0.000,15.872,0,1,0
long-12s,463,0.051,16.004,0.285,0.000,16.288,0,1,0
long-12s,464,0.038,16.041,0.311,0.000,16.352,0,1,0
long-12s,465,0.037,16.029,0.267,0.000,16.296,0,1,0
long-12s,466,0.069,16.911,0.407,0.000,17.318,0,1,0
long-12s,467,0.050,14.987,0.304,0.000,15.290,0,1,0
long-12s,468,0.029,16.362,0.226,0.000,16.587,0,1,0
long-12s,469,0.028,16.600,0.347,0.000,16.947,0,1,0
long-12s,470,0.043,17.089,0.292,0.000,17.381,0,1,0
long-12s,471,0.033,16.279,0.354,0.000,16.633,0,1,0
long-12s,472,0.044,16.171,0.436,0.000,16.607,0,1,0
long-12s,473,0.044,16.083,0.302,0.000,16.386,0,1,0
long-12s,474,0.043,16.832,0.363,0.000,17.195,0,1,0
long-12s,475,0.044,16.224,0.322,0.000,16.546,0,1,0
long-12s,476,0.039,15.928,0.317,0.000,16.245,0,1,0
long-12s,477,0.040,17.246,0.372,0.000,17.617,0,1,0
long-12s,478,0.048,15.489,0.321,0.000,15.810,0,1,0
long-12s,479,0.039,15.258,0.335,0.000,15.593,0,1,0
long-12s,480,0.052,17.035,0.337,0.000,17.372,0,1,0
long-12s,481,0.032,16.320,0.310,0.000,16.631,0,1,0
long-12s,482,0.199,16.141,0.253,0.000,16.394,0,1,0
long-12s,483,0.037,16.954,0.356,0.000,17.310,0,1,0
long-12s,484,0.050,16.159,0.239,0.000,16.397,0,1,0
long-12s,485,0.040,15.778,0.305,0.000,16.083,0,1,0
long-12s,486,0.040,16.145,0.246,0.000,16.391,0,1,0
long-12s,487,0.037,20.739,0.289,0.000,21.028,0,1,0
long-12s,488,0.043,11.016,0.254,0.000,11.270,0,1,0
long-12s,489,0.028,16.970,0.280,0.000,17.250,0,1,0
long-12s,490,0.034,16.476,0.234,0.000,16.710,0,1,0
long-12s,491,0.033,16.515,0.288,0.000,16.803,0,1,0
long-12s,492,0.045,16.404,0.373,0.000,16.777,0,1,0
long-12s,493,0.050,17.052,0.342,0.000,17.394,0,1,0
long-12s,494,0.120,15.736,0.238,0.000,15.973,0,1,0
long-12s,495,0.032,16.214,0.297,0.000,16.512,0,1,0
long-12s,496,0.045,16.482,0.333,0.000,16.815,0,1,0
long-12s,497,0.045,18.704,0.227,0.000,18.931,0,1,0
long-12s,498,0.024,18.928,0.286,0.000,19.214,0,1,0
long-12s,499,0.042,16.499,0.339,0.000,16.838,0,1,0
long-12s,500,0.033,15.985,0.218,0.000,16.203,0,1,0
long-12s,501,0.055,16.376,0.350,0.000,16.726,0,1,0
long-12s,502,0.038,16.900,0.389,0.000,17.289,0,1,0
long-12s,503,0.040,16.547,0.367,0.000,16.914,0,1,0
long-12s,504,0.039,15.679,0.304,0.000,15.983,0,1,0
long-12s,505,0.043,16.158,0.226,0.000,16.384,0,1,0
long-12s,506,0.041,16.201,0.249,0.000,16.450,0,1,0
long-12s,507,0.045,16.488,0.458,0.000,16.946,0,1,0
long-12s,508,0.049,16.859,0.296,0.000,17.155,0,1,0
long-12s,509,0.054,15.954,0.372,0.000,16.326,0,1,0
long-12s,510,0.035,15.556,0.361,0.000,15.917,0,1,0
long-12s,511,0.206,16.263,0.284,0.000,16.547,0,1,0
long-12s,512,0.036,20.812,0.226,0.000,21.038,0,1,0
long-12s,513,0.042,10.944,0.317,0.000,11.261,0,1,0
long-12s,514,0.036,16.976,0.376,0.000,17.352,0,1,0
long-12s,515,0.042,17.003,0.354,0.000,17.356,0,1,0
long-12s,516,0.035,16.650,0.281,0.000,16.930,0,1,0
long-12s,517,0.051,13.728,0.339,0.000,14.067,0,1,0
long-12s,518,0.082,18.477,0.296,0.000,18.773,0,1,0
long-12s,519,0.035,15.164,0.281,0.000,15.445,0,1,0
long-12s,520,0.037,17.007,0.314,0.000,17.321,0,1,0
long-12s,521,0.040,16.591,0.234,0.000,16.825,0,1,0
long-12s,522,0.039,14.523,0.303,0.000,14.826,0,1,0
long-12s,523,0.031,17.510,0.329,0.000,17.838,0,1,0
long-12s,524,0.036,15.872,0.350,0.000,16.222,0,1,0
long-12s,525,0.042,16.946,0.515,0.000,17.461,0,1,0
long-12s,526,0.038,12.899,0.257,0.000,13.156,0,2,0
long-12s,527,0.043,13.116,0.301,0.000,13.417,0,1,0
long-12s,528,0.036,18.301,0.319,0.000,18.621,0,1,0
long-12s,529,0.042,15.778,0.310,0.000,16.088,0,1,0
long-12s,530,0.033,16.645,0.365,0.000,17.011,0,1,0
long-12s,531,0.050,17.066,0.368,0.000,17.434,0,1,0
long-12s,532,0.047,15.783,0.379,0.000,16.162,0,1,0
long-12s,533,0.093,15.553,0.373,0.000,15.926,0,1,0
long-12s,534,0.041,16.335,0.392,0.000,16.727,0,1,0
long-12s,535,0.054,15.416,0.407,0.000,15.823,0,1,0
long-12s,536,0.035,16.930,0.458,0.000,17.389,0,1,0
long-12s,537,0.048,16.331,0.452,0.000,16.783,0,1,0
long-12s,538,0.045,15.988,0.388,0.000,16.376,0,1,0
long-12s,539,0.044,16.576,0.359,0.000,16.935,0,1,0
long-12s,540,0.039,16.282,0.543,0.000,16.825,0,1,0
long-12s,541,0.093,12.129,0.229,0.000,12.358,0,2,0
long-12s,542,0.033,16.600,0.411,0.000,17.011,0,1,0
long-12s,543,0.044,15.056,0.135,0.000,15.191,0,1,0
long-12s,544,0.026,16.859,0.336,0.000,17.195,0,1,0
long-12s,545,0.036,18.715,0.331,0.000,19.045,0,1,0
long-12s,546,0.046,15.999,0.378,0.000,16.377,0,1,0
long-12s,547,0.051,16.867,0.373,0.000,17.241,0,1,0
long-12s,548,0.045,15.752,0.305,0.000,16.057,0,1,0
long-12s,549,0.043,16.308,0.432,0.000,16.740,0,1,0
long-12s,550,0.220,15.687,0.396,0.000,16.082,0,1,0
long-12s,551,0.042,16.763,0.359,0.000,17.121,0,1,0
long-12s,552,0.064,16.376,0.490,0.000,16.867,0,1,0
long-12s,553,0.196,14.975,0.407,0.000,15.381,0,1,0
long-12s,554,0.037,17.233,0.463,0.000,17.696,0,1,0
long-12s,555,0.044,15.712,0.349,0.000,16.061,0,1,0
long-12s,556,0.031,16.019,0.501,0.000,16.519,0,1,0
long-12s,557,0.071,14.262,0.499,0.000,14.760,0,1,0
long-12s,558,0.108,15.208,0.281,0.000,15.488,0,1,0
long-12s,559,0.029,16.286,0.185,0.000,16.471,0,1,0
long-12s,560,0.025,18.223,0.313,0.000,18.536,0,1,0
long-12s,561,0.037,17.059,0.364,0.000,17.423,0,1,0
long-12s,562,0.036,16.372,0.446,0.000,16.818,0,1,0
long-12s,563,0.054,16.350,0.297,0.000,16.647,0,1,0
long-12s,564,0.040,15.862,0.677,0.000,16.539,0,1,0
long-12s,565,0.234,15.824,0.346,0.000,16.170,0,1,0
long-12s,566,0.036,16.644,0.363,0.000,17.007,0,1,0
long-12s,567,0.048,16.901,0.411,0.000,17.312,0,1,0
long-12s,568,0.037,15.557,0.603,0.000,16.160,0,1,0
long-12s,569,0.320,15.163,0.341,0.000,15.504,0,1,0
long-12s,570,0.039,14.527,0.308,0.000,14.835,0,1,0
long-12s,571,0.561,14.559,0.255,0.000,14.815,0,1,0
long-12s,572,0.081,15.696,0.389,0.000,16.084,0,1,0
long-12s,573,0.023,19.218,0.168,0.000,19.385,0,1,0
long-12s,574,0.032,15.086,0.388,0.000,15.475,0,1,0
long-12s,575,0.035,17.247,0.497,0.000,17.744,0,1,0
long-12s,576,0.056,16.354,0.345,0.000,16.698,0,1,0
long-12s,577,0.107,15.495,0.450,0.000,15.945,0,1,0
long-12s,578,0.049,16.732,0.336,0.000,17.068,0,1,0
long-12s,579,0.041,16.024,0.422,0.000,16.446,0,1,0
long-12s,580,0.050,16.061,0.356,0.000,16.417,0,1,0
long-12s,581,0.042,17.444,0.361,0.000,17.805,0,1,0
long-12s,582,0.043,14.370,0.368,0.000,14.737,0,1,0
long-12s,583,0.043,18.248,0.451,0.000,18.699,0,1,0
long-12s,584,0.049,15.245,0.423,0.000,15.668,0,1,0
long-12s,585,0.038,16.527,0.549,0.000,17.076,0,1,0
long-12s,586,0.302,13.519,0.430,0.000,13.949,0,1,0
long-12s,587,0.074,16.497,0.341,0.000,16.838,0,1,0
long-12s,588,0.040,17.300,0.328,0.000,17.629,0,1,0
long-12s,589,0.043,15.260,0.411,0.000,15.671,0,1,0
long-12s,590,0.040,16.783,0.352,0.000,17.136,0,1,0
long-12s,591,0.048,16.404,0.427,0.000,16.831,0,1,0
long-12s,592,0.040,16.098,0.320,0.000,16.418,0,1,0
long-12s,593,0.047,16.288,0.330,0.000,16.618,0,1,0
long-12s,594,0.036,16.578,0.385,0.000,16.963,0,1,0
long-12s,595,0.054,14.472,0.367,0.000,14.839,0,1,0
long-12s,596,0.083,16.386,0.309,0.000,16.695,0,1,0
long-12s,597,0.038,17.803,0.303,0.000,18.106,0,1,0
long-12s,598,0.031,14.899,0.222,0.000,15.121,0,1,0
long-12s,599,0.164,16.050,0.266,0.000,16.316,0,1,0
long-12s,600,0.021,16.910,0.186,0.000,17.096,0,1,0
long-12s,601,0.033,18.378,0.202,0.000,18.581,0,1,0
long-12s,602,0.033,16.850,0.445,0.000,17.296,0,1,0
long-12s,603,0.094,15.831,0.382,0.000,16.213,0,1,0
long-12s,604,0.038,14.298,0.432,0.000,14.730,0,1,0
long-12s,605,0.069,17.913,0.345,0.000,18.258,0,1,0
long-12s,606,0.044,15.979,0.375,0.000,16.354,0,1,0
long-12s,607,0.117,16.451,0.353,0.000,16.803,0,1,0
long-12s,608,0.040,15.944,0.480,0.000,16.424,0,1,0
long-12s,609,0.183,16.623,0.340,0.000,16.963,0,1,0
long-12s,610,0.043,15.505,0.386,0.000,15.891,0,1,0
long-12s,611,0.044,17.082,0.295,0.000,17.376,0,1,0
long-12s,612,0.056,15.486,0.422,0.000,15.908,0,1,0
long-12s,613,0.047,16.439,0.364,0.000,16.803,0,1,0
long-12s,614,0.046,16.493,0.383,0.000,16.876,0,1,0
long-12s,615,0.040,15.335,0.303,0.000,15.638,0,1,0
long-12s,616,0.037,16.841,0.299,0.000,17.139,0,1,0
long-12s,617,0.039,15.521,0.424,0.000,15.945,0,1,0
long-12s,618,0.050,15.730,0.516,0.000,16.246,0,1,0
long-12s,619,0.036,16.508,0.336,0.000,16.844,0,1,0
long-12s,620,0.046,16.836,0.440,0.000,17.276,0,1,0
long-12s,621,0.069,17.886,0.294,0.000,18.180,0,1,0
long-12s,622,0.028,18.103,0.310,0.000,18.413,0,1,0
long-12s,623,0.031,14.645,0.250,0.000,14.895,0,1,0
long-12s,624,0.097,15.367,0.218,0.000,15.584,0,1,0
long-12s,625,0.024,17.437,0.406,0.000,17.843,0,1,0
long-12s,626,0.041,15.624,0.200,0.000,15.824,0,1,0
long-12s,627,0.036,16.387,0.255,0.000,16.643,0,1,0
long-12s,628,0.069,16.726,0.252,0.000,16.977,0,2,0
long-12s,629,0.475,16.631,0.484,0.000,17.115,0,4,0
long-12s,630,0.534,16.758,0.403,0.000,17.161,0,4,0
long-12s,631,0.479,13.606,0.287,0.000,13.892,0,3,0
long-12s,632,0.042,19.902,0.139,0.000,20.040,0,1,0
long-12s,633,0.068,11.849,0.200,0.000,12.048,0,4,0
long-12s,634,0.076,17.779,0.232,0.000,18.011,0,2,0
long-12s,635,0.194,15.589,0.248,0.000,15.837,0,2,0
long-12s,636,0.075,17.166,0.168,0.000,17.334,0,2,0
long-12s,637,0.023,17.003,0.222,0.000,17.225,0,1,0
long-12s,638,0.063,16.783,0.208,0.000,16.991,0,1,0
long-12s,639,0.065,16.951,0.172,0.000,17.123,0,2,0
long-12s,640,0.029,17.692,0.311,0.000,18.003,0,1,0
long-12s,641,0.062,16.516,0.251,0.000,16.767,0,3,0
long-12s,642,0.089,16.878,0.321,0.000,17.199,0,2,0
long-12s,643,0.046,15.150,0.209,0.000,15.359,0,1,0
long-12s,644,0.026,16.710,0.220,0.000,16.931,0,1,0
long-12s,645,0.075,16.790,0.849,0.000,17.639,0,2,0
long-12s,646,0.085,15.000,0.307,0.000,15.307,0,2,0
long-12s,647,0.597,17.275,0.301,0.000,17.576,0,3,0
long-12s,648,0.036,16.241,0.307,0.000,16.547,0,1,0
long-12s,649,0.045,16.485,0.317,0.000,16.802,0,1,0
long-12s,650,0.041,16.678,0.365,0.000,17.043,0,1,0
long-12s,651,0.036,16.615,0.253,0.000,16.867,0,1,0
long-12s,652,0.100,14.483,0.307,0.000,14.790,0,2,0
long-12s,653,0.035,17.446,0.323,0.000,17.769,0,1,0
long-12s,654,0.037,17.093,0.277,0.000,17.370,0,1,0
long-12s,655,0.057,16.907,0.320,0.000,17.227,0,1,0
long-12s,656,0.030,17.983,0.238,0.000,18.221,0,1,0
long-12s,657,0.217,15.812,0.147,0.000,15.960,0,1,0
long-12s,658,0.037,16.181,0.241,0.000,16.422,0,1,0
long-12s,659,0.031,15.942,0.185,0.000,16.127,0,1,0
long-12s,660,0.030,17.130,0.205,0.000,17.335,0,1,0
long-12s,661,0.024,17.290,0.207,0.000,17.497,0,1,0
long-12s,662,0.036,16.990,0.320,0.000,17.310,0,1,0
long-12s,663,0.043,17.199,0.365,0.000,17.563,0,1,0
long-12s,664,0.051,16.337,0.308,0.000,16.645,0,1,0
long-12s,665,0.043,15.402,0.323,0.000,15.725,0,1,0
long-12s,666,0.035,15.569,0.367,0.000,15.936,0,1,0
long-12s,667,0.032,17.489,0.427,0.000,17.916,0,1,0
long-12s,668,0.049,16.355,0.469,0.000,16.823,0,1,0
long-12s,669,0.115,15.556,0.326,0.000,15.882,0,1,0
long-12s,670,0.046,17.578,0.465,0.000,18.042,0,1,0
long-12s,671,0.036,14.589,0.230,0.000,14.819,0,1,0
long-12s,672,0.034,15.328,0.304,0.000,15.632,0,1,0
long-12s,673,0.031,17.873,0.554,0.000,18.426,0,1,0
long-12s,674,0.040,13.644,0.380,0.000,14.024,0,1,0
long-12s,675,0.037,15.996,0.168,0.000,16.163,0,1,0
long-12s,676,0.042,18.182,0.391,0.000,18.573,0,1,0
long-12s,677,0.040,16.427,0.270,0.000,16.697,0,1,0
long-12s,678,0.045,15.886,0.355,0.000,16.241,0,1,0
long-12s,679,0.034,15.893,0.296,0.000,16.189,0,1,0
long-12s,680,0.036,16.308,0.305,0.000,16.613,0,1,0
long-12s,681,0.035,17.388,0.360,0.000,17.747,0,1,0
long-12s,682,0.049,16.752,0.401,0.000,17.153,0,1,0
long-12s,683,0.051,15.076,0.439,0.000,15.514,0,1,0
long-12s,684,0.057,16.512,0.514,0.000,17.026,0,1,0
long-12s,685,0.098,15.531,0.297,0.000,15.828,0,1,0
long-12s,686,0.039,15.522,0.345,0.000,15.867,0,1,0
long-12s,687,0.034,14.805,0.311,0.000,15.115,0,2,0
long-12s,688,0.030,16.505,0.324,0.000,16.828,0,1,0
long-12s,689,0.047,17.971,0.414,0.000,18.385,0,1,0
long-12s,690,0.061,12.891,0.369,0.000,13.260,0,1,0
long-12s,691,0.054,21.017,0.279,0.000,21.296,0,1,0
long-12s,692,0.030,12.309,0.256,0.000,12.564,0,1,0
long-12s,693,0.037,18.042,0.319,0.000,18.361,0,1,0
long-12s,694,0.039,15.107,0.366,0.000,15.472,0,1,0
long-12s,695,0.048,17.593,0.381,0.000,17.974,0,1,0
long-12s,696,0.055,15.973,0.366,0.000,16.339,0,1,0
long-12s,697,0.049,16.407,0.343,0.000,16.750,0,1,0
long-12s,698,0.043,16.350,0.404,0.000,16.753,0,1,0
long-12s,699,0.049,15.729,0.337,0.000,16.066,0,1,0
long-12s,700,0.041,14.938,0.326,0.000,15.264,0,1,0
long-12s,701,0.035,17.846,0.643,0.000,18.489,0,1,0
long-12s,702,0.053,14.897,0.343,0.000,15.240,0,1,0
long-12s,703,0.037,16.208,0.309,0.000,16.517,0,1,0
long-12s,704,0.037,15.203,0.267,0.000,15.469,0,1,0
long-12s,705,0.039,15.786,0.318,0.000,16.104,0,1,0
long-12s,706,0.035,16.659,0.369,0.000,17.028,0,1,0
long-12s,707,2.210,4.723,0.123,0.000,4.846,0,1,0
empty-slow,0,0.862,0.705,0.240,0.000,0.944,0,1,0
empty-slow,1,2.080,22.290,0.345,0.000,22.635,0,1,0
empty-slow,2,0.024,10.380,0.241,0.000,10.621,0,1,0
empty-slow,3,0.113,1.506,0.463,0.000,1.969,0,2,0
empty-slow,4,0.377,1.293,0.368,0.000,1.661,0,2,0
empty-slow,5,0.155,0.962,0.256,0.000,1.218,0,1,0
empty-slow,6,0.025,0.580,0.226,0.000,0.806,0,1,0
empty-slow,7,0.159,1.090,0.346,0.000,1.436,0,2,0
empty-slow,8,0.089,1.398,0.398,0.000,1.796,0,2,0
empty-slow,9,0.095,1.220,0.311,0.000,1.531,0,1,0
empty-slow,10,0.024,15.310,0.410,0.000,15.721,0,1,0
empty-slow,11,1.661,16.624,0.346,0.000,16.970,0,1,0
empty-slow,12,0.035,16.274,0.449,0.000,16.723,0,1,0
empty-slow,13,0.047,16.405,0.398,0.000,16.803,0,1,0
empty-slow,14,0.209,1.705,0.403,0.000,2.108,0,1,0
empty-slow,15,0.160,2.069,0.304,0.000,2.373,0,1,0
empty-slow,16,0.026,15.882,0.418,0.000,16.299,0,1,0
empty-slow,17,0.123,15.263,0.347,0.000,15.610,0,1,0
empty-slow,18,0.040,1.082,0.351,0.000,1.433,0,1,0
empty-slow,19,0.064,1.397,0.342,0.000,1.739,0,1,0
empty-slow,20,0.060,1.176,0.402,0.000,1.577,0,2,0
empty-slow,21,0.058,1.341,0.400,0.000,1.741,0,1,0
empty-slow,22,0.126,1.464,0.354,0.000,1.818,0,1,0
empty-slow,23,0.148,1.260,0.357,0.000,1.618,0,1,0
empty-slow,24,0.031,16.876,0.430,0.000,17.306,0,1,0
empty-slow,25,1.792,15.136,0.443,0.000,15.580,0,1,0
empty-slow,26,0.145,1.681,0.487,0.000,2.167,0,1,0
empty-slow,27,0.095,11.632,0.177,0.000,11.808,0,1,0
empty-slow,28,0.034,0.570,0.192,0.000,0.763,0,2,0
empty-slow,29,0.213,0.851,0.264,0.000,1.115,0,1,0
empty-slow,30,0.036,0.967,0.259,0.000,1.226,0,1,0
empty-slow,31,0.155,1.364,0.416,0.000,1.779,0,2,0
empty-slow,32,0.041,1.001,0.362,0.000,1.363,0,1,0
empty-slow,33,0.049,4.398,0.218,0.000,4.616,0,1,0
empty-slow,34,0.046,0.986,0.276,0.000,1.262,0,2,0
empty-slow,35,0.039,1.012,0.258,0.000,1.270,0,1,0
empty-slow,36,0.048,1.022,0.245,0.000,1.268,0,1,0
empty-slow,37,0.044,1.039,0.264,0.000,1.303,0,2,0
empty-slow,38,0.027,0.728,0.201,0.000,0.929,0,2,0
empty-slow,39,0.053,0.564,0.171,0.000,0.734,0,1,0
empty-slow,40,0.047,1.710,0.238,0.000,1.948,0,1,0
empty-slow,41,0.023,15.916,0.338,0.000,16.254,0,1,0
empty-slow,42,0.036,16.966,0.277,0.000,17.243,0,1,0
empty-slow,43,0.041,15.950,0.341,0.000,16.291,0,1,0
empty-slow,44,0.036,16.363,0.306,0.000,16.669,0,1,0
empty-slow,45,0.047,1.344,0.385,0.000,1.729,0,2,0
empty-slow,46,0.049,1.085,0.306,0.000,1.392,0,2,0
empty-slow,47,0.056,1.492,0.373,0.000,1.865,0,2,0
empty-slow,48,0.042,1.183,0.297,0.000,1.480,0,2,0
empty-slow,49,0.042,16.004,0.414,0.000,16.419,0,1,0
empty-slow,50,0.046,17.139,0.345,0.000,17.483,0,1,0
empty-slow,51,0.055,1.365,0.240,0.000,1.604,0,3,0
empty-slow,52,0.088,16.145,0.278,0.000,16.423,0,1,0
empty-slow,53,0.057,1.571,0.373,0.000,1.944,0,2,0
empty-slow,54,13.588,1.220,0.315,0.000,1.535,0,1,0
empty-slow,55,0.165,1.338,0.197,0.000,1.535,0,1,0
empty-slow,56,0.042,1.164,0.339,0.000,1.503,0,1,0
empty-slow,57,0.023,17.056,0.330,0.000,17.386,0,1,0
empty-slow,58,0.060,1.303,0.306,0.000,1.609,0,2,0
empty-slow,59,0.025,0.657,0.186,0.000,0.844,0,2,0
empty-slow,60,0.182,1.273,0.406,0.000,1.679,0,1,0
empty-slow,61,0.037,1.309,0.297,0.000,1.607,0,1,0
empty-slow,62,0.048,0.696,0.231,0.000,0.927,0,2,0
empty-slow,63,0.017,16.705,0.283,0.000,16.988,0,1,0
empty-slow,64,0.032,1.075,0.222,0.000,1.296,0,2,0
empty-slow,65,0.026,0.606,0.157,0.000,0.763,0,1,0
empty-slow,66,0.013,17.915,0.258,0.000,18.172,0,1,0
empty-slow,67,0.035,1.013,0.349,0.000,1.362,0,2,0
empty-slow,68,0.055,1.320,0.330,0.000,1.649,0,2,0
empty-slow,69,0.050,1.572,0.344,0.000,1.916,0,2,0
empty-slow,70,0.117,1.133,0.384,0.000,1.517,0,2,0
empty-slow,71,0.023,16.088,0.385,0.000,16.473,0,1,0
empty-slow,72,0.039,1.155,0.255,0.000,1.410,0,2,0
empty-slow,73,0.044,1.228,0.467,0.000,1.695,0,2,0
empty-slow,74,0.039,1.274,0.285,0.000,1.559,0,1,0
empty-slow,75,0.020,0.581,0.167,0.000,0.748,0,1,0
empty-slow,76,0.186,1.150,0.250,0.000,1.400,0,1,0
empty-slow,77,0.059,1.091,0.152,0.000,1.243,0,1,0
empty-slow,78,0.026,0.897,0.233,0.000,1.130,0,1,0
empty-slow,79,0.098,1.308,0.389,0.000,1.697,0,1,0
empty-slow,80,15.267,1.224,0.291,0.000,1.515,0,1,0
empty-slow,81,0.067,1.185,0.361,0.000,1.546,0,1,0
empty-slow,82,0.058,1.082,0.297,0.000,1.379,0,2,0
empty-slow,83,0.044,1.584,0.265,0.000,1.848,0,1,0
empty-slow,84,0.041,1.255,0.312,0.000,1.567,0,1,0
empty-slow,85,0.056,1.489,0.404,0.000,1.893,0,1,0
empty-slow,86,0.038,1.168,0.286,0.000,1.454,0,1,0
empty-slow,87,0.132,1.381,0.282,0.000,1.663,0,3,0
empty-slow,88,0.033,1.501,0.246,0.000,1.747,0,2,0
empty-slow,89,0.046,1.447,0.524,0.000,1.971,0,1,0
empty-slow,90,0.086,16.341,0.377,0.000,16.718,0,1,0
empty-slow,91,0.050,1.238,0.269,0.000,1.507,0,2,0
empty-slow,92,0.107,1.526,0.254,0.000,1.780,0,1,0
empty-slow,93,0.020,15.782,0.291,0.000,16.073,0,1,0
empty-slow,94,0.037,0.919,0.206,0.000,1.125,0,2,0
empty-slow,95,1.435,16.354,0.361,0.000,16.715,0,1,0
empty-slow,96,0.035,16.473,0.340,0.000,16.812,0,1,0
empty-slow,97,0.048,1.128,0.354,0.000,1.482,0,1,0
empty-slow,98,0.051,1.387,0.346,0.000,1.733,0,1,0
empty-slow,99,0.043,15.802,0.334,0.000,16.136,0,1,0
empty-slow,100,0.051,15.698,0.636,0.000,16.334,0,1,0
empty-slow,101,0.032,1.530,0.272,0.000,1.802,0,2,0
empty-slow,102,0.131,1.399,0.318,0.000,1.716,0,1,0
empty-slow,103,0.044,15.918,0.349,0.000,16.267,0,1,0
empty-slow,104,0.054,1.635,0.403,0.000,2.038,0,2,0
empty-slow,105,13.739,1.193,0.371,0.000,1.564,0,1,0
empty-slow,106,0.054,17.541,0.282,0.000,17.823,0,1,0
empty-slow,107,0.118,1.161,0.248,0.000,1.409,0,3,0
empty-slow,108,0.040,1.332,0.398,0.000,1.730,0,1,0
empty-slow,109,0.038,1.377,0.433,0.000,1.810,0,1,0
empty-slow,110,0.044,15.329,0.371,0.000,15.701,0,1,0
empty-slow,111,0.128,1.553,0.267,0.000,1.820,0,2,0
empty-slow,112,0.047,1.327,0.475,0.000,1.802,0,2,0
empty-slow,113,0.033,1.134,0.367,0.000,1.501,0,3,0
empty-slow,114,0.017,15.043,0.397,0.000,15.440,0,1,0
empty-slow,115,0.161,1.791,0.408,0.000,2.198,0,1,0
empty-slow,116,0.044,1.258,0.412,0.000,1.669,0,1,0
empty-slow,117,14.407,1.193,0.268,0.000,1.461,0,1,0
empty-slow,118,0.050,1.348,0.367,0.000,1.715,0,1,0
empty-slow,119,0.026,0.825,0.231,0.000,1.056,0,1,0
empty-slow,120,0.041,1.628,0.461,0.000,2.089,0,1,0
empty-slow,121,0.035,1.242,0.343,0.000,1.584,0,1,0
empty-slow,122,0.025,15.877,0.284,0.000,16.161,0,1,0
empty-slow,123,0.046,1.612,0.295,0.000,1.907,0,1,0
empty-slow,124,0.056,2.004,0.489,0.000,2.492,0,1,0
empty-slow,125,12.197,0.809,0.236,0.000,1.045,0,1,0
empty-slow,126,0.036,1.239,0.343,0.000,1.582,0,1,0
empty-slow,127,0.236,1.187,0.299,0.000,1.487,0,1,0
empty-slow,128,0.023,15.989,0.246,0.000,16.235,0,1,0
empty-slow,129,0.038,1.407,0.333,0.000,1.740,0,2,0
empty-slow,130,0.043,1.420,0.396,0.000,1.816,0,1,0
empty-slow,131,0.040,1.429,0.346,0.000,1.775,0,1,0
empty-slow,132,0.040,4.293,0.191,0.000,4.484,0,2,0
empty-slow,133,0.037,1.477,0.277,0.000,1.754,0,2,0
empty-slow,134,13.767,1.561,0.623,0.000,2.184,0,1,0
empty-slow,135,0.043,17.570,0.272,0.000,17.842,0,1,0
empty-slow,136,0.050,1.654,0.286,0.000,1.940,0,2,0
empty-slow,137,0.123,1.474,0.229,0.000,1.704,0,2,0
empty-slow,138,0.037,1.773,0.269,0.000,2.042,0,1,0
empty-slow,139,0.037,1.407,0.321,0.000,1.727,0,2,0
empty-slow,140,0.042,1.662,0.291,0.000,1.953,0,2,0
empty-slow,141,0.059,1.525,0.252,0.000,1.777,0,2,0
empty-slow,142,0.049,1.353,0.278,0.000,1.632,0,2,0
empty-slow,143,0.061,1.592,0.337,0.000,1.928,0,2,0
empty-slow,144,2.032,14.631,0.369,0.000,15.000,0,1,0
empty-slow,145,0.033,17.136,0.365,0.000,17.501,0,1,0
empty-slow,146,1.145,6.704,0.189,0.000,6.894,0,2,0
empty-fast,0,0.030,0.819,0.200,0.000,1.019,0,3,0
empty-fast,1,0.015,17.922,0.277,0.000,18.199,0,1,0
empty-fast,2,0.038,0.967,0.277,0.000,1.244,0,2,0
empty-fast,3,0.112,1.032,0.340,0.000,1.372,0,2,0
empty-fast,4,0.091,1.835,0.257,0.000,2.092,0,2,0
empty-fast,5,0.019,0.491,0.152,0.000,0.643,0,1,0
empty-fast,6,0.019,0.612,0.203,0.000,0.815,0,1,0
empty-fast,7,0.020,0.696,0.122,0.000,0.818,0,2,0
empty-fast,8,0.027,0.823,0.231,0.000,1.053,0,2,0
empty-fast,9,0.043,4.406,0.336,0.000,4.742,0,2,0
empty-fast,10,0.034,0.971,0.259,0.000,1.230,0,1,0
empty-fast,11,0.033,0.923,0.289,0.000,1.212,0,1,0
empty-fast,12,0.054,1.247,0.439,0.000,1.687,0,2,0
empty-fast,13,0.137,1.614,0.394,0.000,2.008,0,2,0
empty-fast,14,0.433,1.015,0.239,0.000,1.254,0,1,0
empty-fast,15,0.033,0.988,0.365,0.000,1.353,0,1,0
empty-fast,16,0.038,1.051,0.262,0.000,1.313,0,2,0
empty-fast,17,0.050,1.492,0.319,0.000,1.811,0,2,0
empty-fast,18,0.116,1.354,0.335,0.000,1.690,0,2,0
empty-fast,19,0.043,1.271,0.412,0.000,1.682,0,1,0
empty-fast,20,0.034,1.056,0.288,0.000,1.343,0,1,0
empty-fast,21,0.049,1.262,0.304,0.000,1.566,0,2,0
empty-fast,22,1.621,16.345,0.348,0.000,16.693,0,1,0
empty-fast,23,0.145,16.402,0.409,0.000,16.811,0,1,0
empty-fast,24,0.041,2.188,0.589,0.000,2.777,0,2,0
empty-fast,25,0.025,0.769,0.333,0.000,1.102,0,1,0
empty-fast,26,0.217,15.909,0.262,0.000,16.171,0,2,0
empty-fast,27,0.036,0.694,0.232,0.000,0.926,0,2,0
empty-fast,28,0.122,0.899,0.236,0.000,1.135,0,2,0
empty-fast,29,0.019,0.680,0.203,0.000,0.883,0,1,0
empty-fast,30,0.031,0.618,0.170,0.000,0.788,0,1,0
empty-fast,31,0.034,0.969,0.358,0.000,1.327,0,2,0
empty-fast,32,0.048,1.163,0.380,0.000,1.544,0,2,0
empty-fast,33,0.049,1.350,0.454,0.000,1.804,0,2,0
empty-fast,34,0.030,0.879,0.206,0.000,1.085,0,1,0
empty-fast,35,0.021,0.867,0.207,0.000,1.074,0,1,0
empty-fast,36,0.024,0.722,0.295,0.000,1.017,0,1,0
empty-fast,37,0.061,0.934,0.182,0.000,1.117,0,1,0
empty-fast,38,0.054,0.774,0.188,0.000,0.962,0,1,0
empty-fast,39,0.021,0.755,0.352,0.000,1.108,0,1,0
empty-fast,40,0.055,0.875,0.317,0.000,1.193,0,2,0
empty-fast,41,0.094,0.783,0.170,0.000,0.953,0,2,0
empty-fast,42,0.040,1.328,0.402,0.000,1.730,0,2,0
empty-fast,43,0.052,1.441,0.348,0.000,1.788,0,1,0
empty-fast,44,0.047,1.456,0.288,0.000,1.744,0,1,0
empty-fast,45,0.096,1.722,0.430,0.000,2.152,0,2,0
empty-fast,46,0.057,1.259,0.382,0.000,1.641,0,2,0
empty-fast,47,0.049,1.314,0.319,0.000,1.633,0,2,0
empty-fast,48,1.921,15.283,0.362,0.000,15.646,0,1,0
empty-fast,49,0.149,1.401,0.345,0.000,1.747,0,2,0
empty-fast,50,0.042,4.923,0.283,0.000,5.206,0,1,0
empty-fast,51,0.039,1.214,0.266,0.000,1.479,0,1,0
empty-fast,52,0.125,1.156,0.322,0.000,1.478,0,3,0
empty-fast,53,0.173,1.387,0.399,0.000,1.786,0,1,0
empty-fast,54,0.028,15.885,0.456,0.000,16.341,0,1,0
empty-fast,55,0.175,1.480,0.326,0.000,1.806,0,1,0
empty-fast,56,0.288,1.698,0.409,0.000,2.107,0,3,0
empty-fast,57,0.038,0.825,0.224,0.000,1.049,0,1,0
empty-fast,58,0.042,1.102,0.365,0.000,1.467,0,2,0
empty-fast,59,0.088,1.437,0.423,0.000,1.860,0,1,0
empty-fast,60,0.027,15.818,0.271,0.000,16.089,0,1,0
empty-fast,61,1.572,15.232,0.292,0.000,15.524,0,1,0
empty-fast,62,0.064,1.222,0.303,0.000,1.526,0,1,0
empty-fast,63,0.056,1.441,0.443,0.000,1.884,0,2,0
empty-fast,64,0.050,1.285,0.458,0.000,1.743,0,3,0
empty-fast,65,0.038,1.300,0.564,0.000,1.863,0,1,0
empty-fast,66,0.033,15.728,0.308,0.000,16.036,0,1,0
empty-fast,67,0.057,1.444,0.335,0.000,1.779,0,2,0
empty-fast,68,0.393,1.429,0.311,0.000,1.740,0,1,0
empty-fast,69,0.065,1.682,0.609,0.000,2.291,0,1,0
empty-fast,70,0.156,1.470,0.318,0.000,1.788,0,2,0
empty-fast,71,0.055,1.261,0.308,0.000,1.569,0,1,0
empty-fast,72,0.169,1.423,0.321,0.000,1.743,0,1,0
empty-fast,73,0.099,1.438,0.367,0.000,1.806,0,2,0
empty-fast,74,0.042,1.959,0.321,0.000,2.280,0,1,0
empty-fast,75,0.032,16.536,0.370,0.000,16.906,0,1,0
empty-fast,76,0.053,1.518,0.391,0.000,1.909,0,2,0
empty-fast,77,0.043,1.306,0.349,0.000,1.655,0,2,0
empty-fast,78,0.041,1.245,0.295,0.000,1.540,0,2,0
empty-fast,79,0.040,1.903,0.443,0.000,2.346,0,1,0
empty-fast,80,0.049,1.183,0.528,0.000,1.710,0,1,0
empty-fast,81,0.140,14.987,0.384,0.000,15.371,0,2,0
empty-fast,82,0.031,1.528,0.377,0.000,1.905,0,2,0
empty-fast,83,0.034,1.406,0.414,0.000,1.819,0,2,0
empty-fast,84,0.039,1.266,0.344,0.000,1.609,0,2,0
empty-fast,85,0.043,1.477,0.299,0.000,1.776,0,2,0
empty-fast,86,0.050,14.134,0.286,0.000,14.420,0,1,0
empty-fast,87,0.082,1.060,0.253,0.000,1.313,0,2,0
empty-fast,88,0.041,1.482,0.472,0.000,1.953,0,1,0
empty-fast,89,0.385,1.440,0.389,0.000,1.829,0,1,0
empty-fast,90,0.078,1.194,0.245,0.000,1.439,0,2,0
empty-fast,91,0.038,1.260,0.253,0.000,1.513,0,1,0
empty-fast,92,0.040,0.934,0.349,0.000,1.283,0,2,0
empty-fast,93,0.054,1.682,0.342,0.000,2.023,0,2,0
empty-fast,94,0.050,1.536,0.434,0.000,1.970,0,2,0
empty-fast,95,0.036,11.415,0.334,0.000,11.749,0,1,0
empty-fast,96,0.033,17.460,0.298,0.000,17.758,0,1,0
empty-fast,97,0.034,15.844,0.467,0.000,16.311,0,1,0
empty-fast,98,0.248,15.282,0.344,0.000,15.626,0,2,0
empty-fast,99,0.037,0.821,0.296,0.000,1.117,0,2,0
empty-fast,100,0.058,1.055,0.422,0.000,1.477,0,1,0
empty-fast,101,0.186,1.066,0.319,0.000,1.385,0,2,0
empty-fast,102,0.028,17.792,0.294,0.000,18.086,0,1,0
empty-fast,103,0.081,1.356,0.258,0.000,1.615,0,2,0
empty-fast,104,0.031,1.143,0.232,0.000,1.375,0,1,0
empty-fast,105,0.046,1.592,0.300,0.000,1.892,0,1,0
empty-fast,106,0.032,1.261,0.334,0.000,1.595,0,2,0
empty-fast,107,0.128,1.628,0.330,0.000,1.958,0,2,0
empty-fast,108,1.309,2.764,0.154,0.000,2.918,0,1,0
dense,0,0.057,0.587,0.159,0.000,0.746,0,1,0
dense,1,4.156,18.947,0.329,0.000,19.276,0,1,0
dense,2,0.047,11.989,0.358,0.000,12.346,0,1,0
dense,3,0.067,0.886,0.320,0.000,1.206,0,2,0
dense,4,0.051,1.326,0.354,0.000,1.680,0,1,0
dense,5,0.083,1.194,0.397,0.000,1.591,0,2,0
dense,6,0.036,1.077,0.386,0.000,1.462,0,1,0
dense,7,0.050,1.513,0.391,0.000,1.904,0,1,0
dense,8,0.040,1.221,0.289,0.000,1.511,0,1,0
dense,9,0.023,15.289,0.192,0.000,15.481,0,1,0
dense,10,0.018,0.680,0.274,0.000,0.954,0,2,0
dense,11,0.019,0.951,0.152,0.000,1.103,0,2,0
dense,12,0.018,0.787,0.184,0.000,0.971,0,2,0
dense,13,0.040,0.786,0.155,0.000,0.941,0,2,0
dense,14,0.478,1.437,0.308,0.000,1.744,0,1,0
dense,15,0.042,15.663,0.266,0.000,15.929,0,1,0
dense,16,0.037,0.931,0.330,0.000,1.261,0,1,0
dense,17,0.066,15.797,0.232,0.000,16.030,0,1,0
dense,18,0.026,0.932,0.226,0.000,1.159,0,2,0
dense,19,0.044,1.446,0.435,0.000,1.880,0,2,0
dense,20,0.038,1.378,0.363,0.000,1.741,0,2,0
dense,21,0.040,1.588,0.312,0.000,1.900,0,1,0
dense,22,0.127,13.822,0.250,0.000,14.072,0,1,0
dense,23,0.126,1.530,0.322,0.000,1.852,0,2,0
dense,24,0.024,0.867,0.208,0.000,1.075,0,1,0
dense,25,0.021,1.240,0.208,0.000,1.448,0,1,0
dense,26,0.303,0.905,0.174,0.000,1.078,0,1,0
dense,27,0.022,0.906,0.325,0.000,1.231,0,1,0
dense,28,0.129,1.066,0.208,0.000,1.274,0,1,0
dense,29,0.031,0.913,0.177,0.000,1.090,0,1,0
dense,30,0.031,1.133,0.228,0.000,1.361,0,2,0
dense,31,0.041,1.387,0.326,0.000,1.713,0,2,0
dense,32,0.103,1.517,0.335,0.000,1.852,0,2,0
dense,33,0.191,2.130,0.334,0.000,2.463,0,2,0
dense,34,0.027,15.661,0.425,0.000,16.087,0,1,0
dense,35,0.052,1.512,0.429,0.000,1.940,0,2,0
dense,36,0.047,1.483,0.422,0.000,1.905,0,2,0
dense,37,0.020,0.931,0.261,0.000,1.192,0,2,0
dense,38,0.027,1.151,0.247,0.000,1.398,0,1,0
dense,39,0.027,16.879,0.328,0.000,17.207,0,1,0
dense,40,0.035,1.301,0.311,0.000,1.613,0,1,0
dense,41,0.048,16.747,0.408,0.000,17.154,0,1,0
dense,42,0.051,16.718,0.411,0.000,17.128,0,1,0
dense,43,0.037,15.217,0.422,0.000,15.639,0,1,0
dense,44,0.052,1.539,0.472,0.000,2.011,0,1,0
dense,45,0.042,1.554,0.281,0.000,1.834,0,2,0
dense,46,0.041,1.415,0.330,0.000,1.745,0,2,0
dense,47,0.033,1.522,0.274,0.000,1.796,0,3,0
dense,48,0.029,1.116,0.268,0.000,1.384,0,2,0
dense,49,0.017,0.702,0.171,0.000,0.873,0,1,0
dense,50,0.037,1.403,0.297,0.000,1.700,0,1,0
dense,51,0.028,1.211,0.272,0.000,1.482,0,2,0
dense,52,0.029,1.150,0.405,0.000,1.554,0,2,0
dense,53,0.034,1.230,0.215,0.000,1.445,0,1,0
dense,54,0.039,1.599,0.364,0.000,1.963,0,1,0
dense,55,0.042,1.682,0.286,0.000,1.968,0,2,0
dense,56,0.038,1.942,0.371,0.000,2.313,0,2,0
dense,57,0.050,1.551,0.346,0.000,1.897,0,1,0
dense,58,0.039,1.519,0.365,0.000,1.884,0,1,0
dense,59,0.061,1.796,0.350,0.000,2.146,0,2,0
dense,60,0.037,14.624,0.399,0.000,15.023,0,1,0
dense,61,0.159,17.136,0.345,0.000,17.481,0,2,0
dense,62,0.044,2.054,0.448,0.000,2.502,0,2,0
dense,63,0.116,1.627,0.263,0.000,1.889,0,1,0
dense,64,0.023,15.504,0.406,0.000,15.910,0,1,0
dense,65,1.912,16.234,0.399,0.000,16.633,0,1,0
dense,66,0.035,16.651,0.342,0.000,16.993,0,1,0
dense,67,0.044,1.702,0.322,0.000,2.024,0,2,0
dense,68,0.036,1.930,0.318,0.000,2.247,0,2,0
dense,69,0.092,1.887,0.436,0.000,2.323,0,3,0
dense,70,0.035,1.496,0.326,0.000,1.822,0,1,0
dense,71,0.047,1.556,0.316,0.000,1.872,0,1,0
dense,72,0.049,1.551,0.300,0.000,1.851,0,2,0
dense,73,0.132,1.624,0.328,0.000,1.952,0,2,0
dense,74,0.024,15.981,0.482,0.000,16.463,0,1,0
dense,75,0.046,13.646,0.213,0.000,13.859,0,1,0
dense,76,0.045,1.817,0.327,0.000,2.144,0,1,0
dense,77,0.046,1.711,0.368,0.000,2.079,0,1,0
dense,78,0.028,15.691,0.421,0.000,16.112,0,1,0
dense,79,0.052,1.646,0.270,0.000,1.917,0,2,0
dense,80,0.123,1.565,0.270,0.000,1.835,0,2,0
dense,81,0.154,1.387,0.228,0.000,1.616,0,1,0
dense,82,0.134,1.745,0.243,0.000,1.987,0,1,0
dense,83,0.023,16.328,0.314,0.000,16.643,0,1,0
dense,84,0.033,14.891,0.312,0.000,15.203,0,1,0
dense,85,0.049,1.788,1.137,0.000,2.925,0,1,0
dense,86,0.133,1.864,0.267,0.000,2.131,0,2,0
dense,87,0.022,15.160,0.347,0.000,15.508,0,1,0
dense,88,0.045,1.502,0.469,0.000,1.971,0,2,0
dense,89,0.039,1.756,0.412,0.000,2.168,0,1,0
dense,90,0.028,20.301,0.249,0.000,20.550,0,1,0
dense,91,0.035,1.360,0.237,0.000,1.597,0,2,0
dense,92,0.730,1.149,0.284,0.000,1.433,0,1,0
dense,93,0.036,16.282,0.334,0.000,16.615,0,1,0
dense,94,0.048,1.793,0.385,0.000,2.178,0,2,0
dense,95,0.049,1.921,0.402,0.000,2.323,0,2,0
dense,96,0.045,1.744,0.352,0.000,2.095,0,2,0
dense,97,0.044,1.704,0.311,0.000,2.015,0,2,0
dense,98,0.036,1.637,0.292,0.000,1.929,0,2,0
dense,99,0.043,1.806,0.330,0.000,2.136,0,2,0
dense,100,0.057,1.559,0.400,0.000,1.959,0,2,0
dense,101,0.043,1.602,0.307,0.000,1.909,0,2,0
dense,102,0.046,1.854,0.324,0.000,2.178,0,2,0
dense,103,0.055,1.503,0.378,0.000,1.881,0,1,0
dense,104,0.043,1.772,0.335,0.000,2.107,0,1,0
dense,105,0.129,1.968,0.350,0.000,2.318,0,2,0
dense,106,0.032,15.772,0.608,0.000,16.380,0,1,0
dense,107,0.057,2.081,0.356,0.000,2.437,0,1,0
dense,108,0.087,1.843,0.365,0.000,2.207,0,2,0
dense,109,0.051,1.855,0.333,0.000,2.188,0,2,0
dense,110,0.054,1.580,0.438,0.000,2.018,0,2,0
dense,111,0.029,1.555,0.519,0.000,2.074,0,2,0
dense,112,0.026,16.492,0.325,0.000,16.817,0,1,0
dense,113,0.049,1.393,0.325,0.000,1.717,0,1,0
dense,114,0.049,1.872,0.346,0.000,2.218,0,2,0
dense,115,0.049,14.390,0.307,0.000,14.697,0,1,0
dense,116,0.032,18.473,0.406,0.000,18.880,0,1,0
dense,117,2.726,15.571,0.397,0.000,15.968,0,1,0
dense,118,0.039,13.826,0.429,0.000,14.255,0,1,0
dense,119,0.053,1.963,0.344,0.000,2.307,0,2,0
dense,120,0.021,1.477,0.225,0.000,1.702,0,2,0
dense,121,0.036,1.673,0.303,0.000,1.976,0,1,0
dense,122,0.088,1.326,0.227,0.000,1.553,0,1,0
dense,123,15.131,1.352,0.249,0.000,1.601,0,1,0
dense,124,0.041,1.344,0.591,0.000,1.935,0,1,0
dense,125,0.044,1.907,0.343,0.000,2.249,0,1,0
dense,126,0.050,2.065,0.338,0.000,2.403,0,1,0
dense,127,0.032,15.298,0.473,0.000,15.771,0,1,0
dense,128,0.131,1.713,0.161,0.000,1.874,0,1,0
dense,129,0.053,1.855,0.258,0.000,2.112,0,1,0
dense,130,0.167,4.722,0.228,0.000,4.950,0,1,0
long-12s,0,2.369,16.853,0.327,0.000,17.180,0,2,0
long-12s,1,0.044,1.043,0.327,0.000,1.370,0,1,0
long-12s,2,0.020,15.795,0.428,0.000,16.224,0,1,0
long-12s,3,0.060,0.851,0.253,0.000,1.104,0,1,0
long-12s,4,0.162,1.274,0.356,0.000,1.630,0,2,0
long-12s,5,1.450,15.431,0.237,0.000,15.669,0,1,0
long-12s,6,0.036,0.872,0.372,0.000,1.244,0,1,0
long-12s,7,0.042,1.441,0.264,0.000,1.705,0,1,0
long-12s,8,0.036,1.457,0.349,0.000,1.806,0,1,0
long-12s,9,0.054,0.998,0.379,0.000,1.377,0,1,0
long-12s,10,1.430,15.454,0.276,0.000,15.730,0,1,0
long-12s,11,0.053,1.182,0.352,0.000,1.534,0,1,0
long-12s,12,0.062,0.992,0.330,0.000,1.322,0,1,0
long-12s,13,0.137,1.336,0.445,0.000,1.781,0,1,0
long-12s,14,13.636,1.233,0.362,0.000,1.595,0,1,0
long-12s,15,0.024,15.228,0.323,0.000,15.551,0,1,0
long-12s,16,0.052,1.107,0.294,0.000,1.402,0,1,0
long-12s,17,0.067,16.058,0.292,0.000,16.350,0,1,0
long-12s,18,0.050,0.971,0.270,0.000,1.241,0,2,0
long-12s,19,0.019,0.960,0.269,0.000,1.228,0,3,0
long-12s,20,0.044,1.140,0.380,0.000,1.520,0,1,0
long-12s,21,0.041,0.973,0.380,0.000,1.353,0,2,0
long-12s,22,0.028,0.616,0.161,0.000,0.776,0,2,0
long-12s,23,0.031,0.802,0.240,0.000,1.042,0,1,0
long-12s,24,0.054,0.976,0.382,0.000,1.357,0,1,0
long-12s,25,0.047,1.122,0.347,0.000,1.469,0,2,0
long-12s,26,0.051,1.060,0.295,0.000,1.356,0,2,0
long-12s,27,1.534,16.330,0.245,0.000,16.575,0,1,0
long-12s,28,0.023,13.309,0.174,0.000,13.483,0,1,0
long-12s,29,0.025,0.786,0.154,0.000,0.940,0,2,0
long-12s,30,0.052,1.051,0.207,0.000,1.258,0,1,0
long-12s,31,0.023,0.675,0.141,0.000,0.816,0,1,0
long-12s,32,1.266,16.386,0.421,0.000,16.806,0,1,0
long-12s,33,0.040,16.274,0.226,0.000,16.499,0,1,0
long-12s,34,0.022,0.555,0.163,0.000,0.718,0,2,0
long-12s,35,0.044,1.045,0.298,0.000,1.343,0,2,0
long-12s,36,1.748,16.252,0.416,0.000,16.667,0,1,0
long-12s,37,0.036,16.468,0.367,0.000,16.835,0,1,0
long-12s,38,0.032,12.645,0.311,0.000,12.957,0,1,0
long-12s,39,0.041,0.705,0.165,0.000,0.870,0,1,0
long-12s,40,0.172,0.762,0.227,0.000,0.989,0,2,0
long-12s,41,0.034,0.540,0.207,0.000,0.746,0,2,0
long-12s,42,0.021,0.675,0.241,0.000,0.916,0,2,0
long-12s,43,1.202,17.399,0.165,0.000,17.564,0,1,0
long-12s,44,0.026,0.698,0.229,0.000,0.927,0,1,0
long-12s,45,0.043,1.125,0.363,0.000,1.488,0,2,0
long-12s,46,1.523,13.961,0.245,0.000,14.206,0,1,0
long-12s,47,0.027,0.731,0.301,0.000,1.033,0,1,0
long-12s,48,0.023,0.696,0.247,0.000,0.943,0,2,0
long-12s,49,0.953,16.693,0.315,0.000,17.008,0,1,0
long-12s,50,0.080,1.410,0.351,0.000,1.760,0,2,0
long-12s,51,0.039,1.159,0.386,0.000,1.545,0,1,0
long-12s,52,0.036,0.995,0.267,0.000,1.262,0,1,0
long-12s,53,0.039,1.103,0.322,0.000,1.424,0,1,0
long-12s,54,0.066,1.246,0.465,0.000,1.710,0,3,0
long-12s,55,0.043,1.353,0.360,0.000,1.713,0,2,0
long-12s,56,17.984,1.287,0.449,0.000,1.736,0,1,0
long-12s,57,0.143,14.788,0.392,0.000,15.180,0,2,0
long-12s,58,0.056,1.255,0.436,0.000,1.692,0,1,0
long-12s,59,0.052,1.359,0.353,0.000,1.712,0,1,0
long-12s,60,2.278,13.646,0.289,0.000,13.935,0,1,0
long-12s,61,0.036,1.466,0.303,0.000,1.769,0,1,0
long-12s,62,0.081,0.820,0.338,0.000,1.157,0,1,0
long-12s,63,0.047,1.064,0.348,0.000,1.412,0,1,0
long-12s,64,0.040,1.178,0.323,0.000,1.501,0,2,0
long-12s,65,0.039,1.274,0.300,0.000,1.573,0,2,0
long-12s,66,15.496,1.120,0.418,0.000,1.538,0,1,0
long-12s,67,0.088,1.166,0.345,0.000,1.511,0,1,0
long-12s,68,0.104,1.473,0.411,0.000,1.884,0,1,0
long-12s,69,0.027,19.174,0.323,0.000,19.498,0,1,0
long-12s,70,0.067,1.478,0.370,0.000,1.847,0,1,0
long-12s,71,0.035,1.125,0.281,0.000,1.406,0,1,0
long-12s,72,0.042,1.179,0.330,0.000,1.509,0,1,0
long-12s,73,0.044,1.079,0.272,0.000,1.350,0,1,0
long-12s,74,0.048,1.216,0.351,0.000,1.567,0,2,0
long-12s,75,0.069,1.312,0.391,0.000,1.703,0,2,0
long-12s,76,0.040,1.163,0.457,0.000,1.620,0,2,0
long-12s,77,0.045,1.278,0.326,0.000,1.605,0,2,0
long-12s,78,1.651,14.831,0.379,0.000,15.210,0,1,0
long-12s,79,0.033,1.131,0.408,0.000,1.539,0,2,0
long-12s,80,0.040,1.381,0.291,0.000,1.672,0,1,0
long-12s,81,0.055,1.222,0.385,0.000,1.607,0,2,0
long-12s,82,0.059,1.811,0.485,0.000,2.296,0,1,0
long-12s,83,0.113,1.163,0.287,0.000,1.451,0,1,0
long-12s,84,0.175,1.208,0.271,0.000,1.479,0,2,0
long-12s,85,0.102,1.696,0.444,0.000,2.140,0,2,0
long-12s,86,0.041,16.547,0.441,0.000,16.988,0,1,0
long-12s,87,0.105,1.266,0.291,0.000,1.557,0,2,0
long-12s,88,0.034,14.998,0.226,0.000,15.224,0,1,0
long-12s,89,0.119,1.286,0.327,0.000,1.613,0,2,0
long-12s,90,0.058,1.453,0.359,0.000,1.812,0,2,0
long-12s,91,0.040,15.638,0.360,0.000,15.998,0,1,0
long-12s,92,0.133,16.951,0.318,0.000,17.270,0,1,0
long-12s,93,0.066,1.497,0.444,0.000,1.941,0,2,0
long-12s,94,0.141,0.968,0.230,0.000,1.198,0,2,0
long-12s,95,0.053,1.420,0.262,0.000,1.681,0,1,0
long-12s,96,0.024,0.685,0.214,0.000,0.899,0,1,0
long-12s,97,0.030,0.818,0.252,0.000,1.070,0,1,0
long-12s,98,1.452,17.461,0.449,0.000,17.910,0,1,0
long-12s,99,0.040,15.520,0.360,0.000,15.880,0,1,0
long-12s,100,0.056,1.340,0.388,0.000,1.728,0,2,0
long-12s,101,0.037,1.115,0.411,0.000,1.526,0,2,0
long-12s,102,0.043,1.092,0.302,0.000,1.394,0,1,0
long-12s,103,0.052,1.393,0.449,0.000,1.842,0,1,0
long-12s,104,9.275,1.287,0.439,0.000,1.726,0,1,0
long-12s,105,0.139,1.287,0.333,0.000,1.620,0,1,0
long-12s,106,1.612,1.224,0.283,0.000,1.507,0,1,0
long-12s,107,0.022,14.693,0.344,0.000,15.037,0,1,0
long-12s,108,0.053,1.098,0.342,0.000,1.439,0,1,0
long-12s,109,0.052,1.292,0.380,0.000,1.672,0,1,0
long-12s,110,0.046,16.558,0.381,0.000,16.940,0,1,0
long-12s,111,0.045,13.955,0.216,0.000,14.171,0,1,0
long-12s,112,1.899,15.133,0.443,0.000,15.576,0,1,0
long-12s,113,0.233,1.503,0.503,0.000,2.006,0,2,0
long-12s,114,0.037,1.115,0.289,0.000,1.403,0,2,0
long-12s,115,2.240,16.063,0.389,0.000,16.452,0,1,0
long-12s,116,0.049,14.713,0.467,0.000,15.179,0,1,0
long-12s,117,0.098,1.078,0.322,0.000,1.400,0,2,0
long-12s,118,0.045,1.102,0.301,0.000,1.404,0,2,0
long-12s,119,0.044,1.341,0.363,0.000,1.704,0,2,0
long-12s,120,0.053,1.339,0.393,0.000,1.732,0,2,0
long-12s,121,14.944,1.248,0.428,0.000,1.675,0,1,0
long-12s,122,0.034,15.665,0.329,0.000,15.994,0,1,0
long-12s,123,0.061,1.461,0.333,0.000,1.793,0,1,0
long-12s,124,0.037,15.990,0.324,0.000,16.314,0,1,0
long-12s,125,0.145,1.668,0.392,0.000,2.060,0,2,0
long-12s,126,0.309,1.162,0.280,0.000,1.442,0,1,0
long-12s,127,0.044,1.157,0.427,0.000,1.584,0,1,0
long-12s,128,14.603,1.338,0.340,0.000,1.678,0,1,0
long-12s,129,0.024,16.836,0.357,0.000,17.192,0,1,0
long-12s,130,0.134,1.353,0.390,0.000,1.743,0,2,0
long-12s,131,0.099,1.399,0.306,0.000,1.705,0,1,0
long-12s,132,0.053,1.423,0.306,0.000,1.729,0,1,0
long-12s,133,0.047,1.309,0.330,0.000,1.639,0,2,0
long-12s,134,0.129,1.628,0.422,0.000,2.051,0,1,0
long-12s,135,0.030,15.429,0.343,0.000,15.772,0,1,0
long-12s,136,0.174,1.547,0.329,0.000,1.875,0,3,0
long-12s,137,0.040,13.845,0.288,0.000,14.132,0,1,0
long-12s,138,0.165,1.925,0.345,0.000,2.270,0,1,0
long-12s,139,0.117,1.049,0.239,0.000,1.288,0,1,0
long-12s,140,0.065,1.375,0.355,0.000,1.730,0,1,0
long-12s,141,0.201,1.621,0.436,0.000,2.056,0,2,0
long-12s,142,0.049,1.607,0.361,0.000,1.968,0,1,0
long-12s,143,0.197,1.521,0.354,0.000,1.875,0,2,0
long-12s,144,0.048,1.377,0.380,0.000,1.757,0,2,0
long-12s,145,0.040,1.238,0.292,0.000,1.530,0,2,0
long-12s,146,0.073,0.924,0.263,0.000,1.187,0,2,0
long-12s,147,0.092,1.656,0.264,0.000,1.920,0,1,0
long-12s,148,0.053,1.499,0.435,0.000,1.934,0,2,0
long-12s,149,1.677,16.332,0.361,0.000,16.692,0,1,0
long-12s,150,0.041,17.332,0.398,0.000,17.730,0,1,0
long-12s,151,1.729,15.866,0.427,0.000,16.294,0,1,0
long-12s,152,0.243,1.754,0.590,0.000,2.345,0,2,0
long-12s,153,0.039,1.159,0.377,0.000,1.536,0,1,0
long-12s,154,0.053,1.531,0.349,0.000,1.880,0,1,0
long-12s,155,0.171,1.157,0.275,0.000,1.432,0,2,0
long-12s,156,0.047,1.143,0.356,0.000,1.499,0,2,0
long-12s,157,0.150,2.052,0.335,0.000,2.387,0,2,0
long-12s,158,0.020,13.837,0.358,0.000,14.195,0,1,0
long-12s,159,0.064,1.197,0.397,0.000,1.594,0,1,0
long-12s,160,16.017,1.573,0.443,0.000,2.015,0,1,0
long-12s,161,0.089,15.228,0.299,0.000,15.527,0,1,0
long-12s,162,0.044,1.462,0.354,0.000,1.816,0,2,0
long-12s,163,0.039,1.297,0.350,0.000,1.647,0,2,0
long-12s,164,0.051,1.407,0.332,0.000,1.739,0,2,0
long-12s,165,0.048,1.271,0.361,0.000,1.632,0,2,0
long-12s,166,0.014,0.726,0.151,0.000,0.877,0,3,0
long-12s,167,0.130,1.298,0.306,0.000,1.604,0,2,0
long-12s,168,0.053,1.185,0.281,0.000,1.466,0,1,0
long-12s,169,0.100,1.525,0.493,0.000,2.018,0,1,0
long-12s,170,0.045,1.468,0.313,0.000,1.781,0,1,0
long-12s,171,0.058,1.590,0.547,0.000,2.137,0,1,0
long-12s,172,0.112,1.411,0.306,0.000,1.717,0,3,0
long-12s,173,2.005,16.108,0.462,0.000,16.570,0,1,0
long-12s,174,0.054,16.801,0.373,0.000,17.175,0,1,0
long-12s,175,13.722,0.982,0.235,0.000,1.217,0,1,0
long-12s,176,0.038,1.478,0.343,0.000,1.821,0,1,0
long-12s,177,0.047,2.173,0.564,0.000,2.737,0,1,0
long-12s,178,0.031,14.433,0.288,0.000,14.721,0,1,0
long-12s,179,0.032,17.113,0.356,0.000,17.468,0,1,0
long-12s,180,0.039,1.292,0.320,0.000,1.612,0,2,0
long-12s,181,0.044,1.516,0.360,0.000,1.876,0,1,0
long-12s,182,0.116,1.369,0.312,0.000,1.681,0,1,0
long-12s,183,0.047,1.308,0.367,0.000,1.675,0,1,0
long-12s,184,0.128,1.387,0.409,0.000,1.795,0,1,0
long-12s,185,0.053,1.622,0.411,0.000,2.033,0,1,0
long-12s,186,0.053,1.765,0.550,0.000,2.315,0,1,0
long-12s,187,0.230,5.691,0.233,0.000,5.924,0,3,0
long-12s,188,0.122,0.881,0.273,0.000,1.154,0,2,0
long-12s,189,0.041,1.585,0.351,0.000,1.937,0,1,0
long-12s,190,0.046,1.108,0.296,0.000,1.404,0,1,0
long-12s,191,0.150,1.478,0.310,0.000,1.788,0,2,0
long-12s,192,0.053,1.489,0.456,0.000,1.945,0,2,0
long-12s,193,0.171,14.676,0.481,0.000,15.156,0,2,0
long-12s,194,0.058,1.616,0.511,0.000,2.127,0,1,0
long-12s,195,12.274,1.067,0.290,0.000,1.357,0,1,0
long-12s,196,0.047,1.473,0.352,0.000,1.825,0,1,0
long-12s,197,0.291,2.079,0.401,0.000,2.480,0,1,0
long-12s,198,0.048,1.356,0.421,0.000,1.778,0,1,0
long-12s,199,0.041,1.783,0.318,0.000,2.101,0,2,0
long-12s,200,0.036,1.579,0.302,0.000,1.881,0,1,0
long-12s,201,0.026,16.816,0.295,0.000,17.111,0,1,0
long-12s,202,0.043,1.216,0.288,0.000,1.504,0,2,0
long-12s,203,0.044,1.610,0.351,0.000,1.961,0,1,0
long-12s,204,0.046,1.555,0.304,0.000,1.859,0,1,0
long-12s,205,0.052,1.512,0.434,0.000,1.947,0,2,0
long-12s,206,0.191,1.608,0.359,0.000,1.967,0,1,0
long-12s,207,0.027,15.812,0.276,0.000,16.088,0,1,0
long-12s,208,1.781,15.565,0.301,0.000,15.866,0,1,0
long-12s,209,0.040,1.325,0.362,0.000,1.687,0,1,0
long-12s,210,0.035,1.135,0.267,0.000,1.401,0,1,0
long-12s,211,0.142,2.547,0.280,0.000,2.827,0,1,0
long-12s,212,0.031,1.068,0.248,0.000,1.316,0,1,0
long-12s,213,0.055,1.468,0.321,0.000,1.788,0,1,0
long-12s,214,1.726,17.594,0.418,0.000,18.012,0,1,0
long-12s,215,0.040,15.971,0.432,0.000,16.402,0,1,0
long-12s,216,0.047,1.991,0.434,0.000,2.425,0,2,0
long-12s,217,0.051,1.682,0.406,0.000,2.088,0,2,0
long-12s,218,0.056,1.424,0.352,0.000,1.776,0,2,0
long-12s,219,0.111,1.632,0.348,0.000,1.980,0,2,0
long-12s,220,0.150,1.979,0.694,0.000,2.673,0,1,0
long-12s,221,0.043,13.321,0.300,0.000,13.621,0,1,0
long-12s,222,1.495,16.835,0.288,0.000,17.123,0,1,0
long-12s,223,0.020,1.045,0.170,0.000,1.215,0,1,0
long-12s,224,0.029,1.094,0.219,0.000,1.313,0,1,0
long-12s,225,1.855,17.106,0.295,0.000,17.400,0,1,0
long-12s,226,0.044,1.574,0.301,0.000,1.875,0,1,0
long-12s,227,0.034,1.189,0.249,0.000,1.439,0,2,0
long-12s,228,0.039,1.239,0.301,0.000,1.540,0,2,0
long-12s,229,0.034,1.124,0.248,0.000,1.372,0,2,0
long-12s,230,0.037,1.587,0.535,0.000,2.122,0,2,0
long-12s,231,0.042,1.383,0.250,0.000,1.633,0,2,0
long-12s,232,0.038,1.356,0.354,0.000,1.709,0,1,0
long-12s,233,0.019,15.066,0.226,0.000,15.292,0,1,0
long-12s,234,1.237,16.493,0.250,0.000,16.743,0,1,0
long-12s,235,0.044,1.219,0.262,0.000,1.481,0,1,0
long-12s,236,0.037,1.389,0.521,0.000,1.910,0,1,0
long-12s,237,0.036,1.137,0.226,0.000,1.363,0,1,0
long-12s,238,0.050,1.389,0.303,0.000,1.691,0,2,0
long-12s,239,0.160,1.495,0.388,0.000,1.883,0,2,0
long-12s,240,0.081,1.242,0.238,0.000,1.479,0,2,0
long-12s,241,0.042,1.900,0.319,0.000,2.218,0,2,0
long-12s,242,0.034,1.269,0.246,0.000,1.514,0,1,0
long-12s,243,0.031,1.083,0.246,0.000,1.330,0,1,0
long-12s,244,0.045,1.497,0.370,0.000,1.867,0,2,0
long-12s,245,1.995,15.059,0.408,0.000,15.467,0,1,0
long-12s,246,0.040,14.323,0.307,0.000,14.631,0,1,0
long-12s,247,0.050,1.440,0.362,0.000,1.802,0,1,0
long-12s,248,0.040,15.748,0.295,0.000,16.043,0,1,0
long-12s,249,0.032,1.146,0.222,0.000,1.368,0,2,0
long-12s,250,0.033,1.047,0.246,0.000,1.293,0,2,0
long-12s,251,0.782,1.404,0.373,0.000,1.776,0,1,0
long-12s,252,0.031,1.179,0.232,0.000,1.411,0,1,0
long-12s,253,0.041,1.401,0.280,0.000,1.681,0,2,0
long-12s,254,0.044,1.544,0.378,0.000,1.922,0,2,0
long-12s,255,0.036,1.280,0.341,0.000,1.621,0,2,0
long-12s,256,1.625,16.724,0.304,0.000,17.028,0,1,0
long-12s,257,0.056,1.398,0.271,0.000,1.669,0,1,0
long-12s,258,0.048,1.432,0.305,0.000,1.737,0,2,0
long-12s,259,0.038,1.394,0.294,0.000,1.688,0,1,0
long-12s,260,0.038,1.894,0.346,0.000,2.240,0,1,0
long-12s,261,0.042,1.369,0.319,0.000,1.688,0,1,0
long-12s,262,0.050,1.475,0.372,0.000,1.847,0,1,0
long-12s,263,1.577,16.727,0.393,0.000,17.120,0,1,0
long-12s,264,0.051,1.611,0.320,0.000,1.931,0,2,0
long-12s,265,0.040,1.344,0.327,0.000,1.670,0,2,0
long-12s,266,1.718,14.802,0.360,0.000,15.163,0,1,0
long-12s,267,0.038,1.113,0.246,0.000,1.360,0,1,0
long-12s,268,0.044,1.387,0.421,0.000,1.808,0,1,0
long-12s,269,0.034,1.247,0.284,0.000,1.531,0,1,0
long-12s,270,0.022,0.890,0.166,0.000,1.056,0,2,0
long-12s,271,0.017,3.362,0.236,0.000,3.598,0,1,0
long-12s,272,0.021,0.799,0.271,0.000,1.070,0,1,0
long-12s,273,0.027,0.676,0.145,0.000,0.821,0,1,0
long-12s,274,0.020,0.870,0.203,0.000,1.073,0,1,0
long-12s,275,0.046,1.551,0.441,0.000,1.992,0,1,0
long-12s,276,0.051,1.475,0.436,0.000,1.910,0,2,0
long-12s,277,0.159,1.685,0.328,0.000,2.013,0,2,0
long-12s,278,0.044,1.694,0.415,0.000,2.109,0,2,0
long-12s,279,0.055,1.286,0.402,0.000,1.687,0,2,0
long-12s,280,15.829,1.881,0.344,0.000,2.225,0,1,0
long-12s,281,0.032,18.819,0.429,0.000,19.248,0,1,0
long-12s,282,0.179,2.163,0.406,0.000,2.569,0,3,0
long-12s,283,0.059,1.433,0.450,0.000,1.884,0,2,0
long-12s,284,0.093,1.754,0.495,0.000,2.248,0,2,0
long-12s,285,0.221,1.796,0.461,0.000,2.256,0,2,0
long-12s,286,0.054,2.054,0.548,0.000,2.602,0,1,0
long-12s,287,0.044,1.360,0.361,0.000,1.721,0,2,0
long-12s,288,0.210,1.772,0.349,0.000,2.120,0,2,0
long-12s,289,2.728,14.453,0.462,0.000,14.914,0,1,0
long-12s,290,3.073,2.032,0.386,0.000,2.418,0,2,0
long-12s,291,0.041,11.998,0.386,0.000,12.385,0,1,0
long-12s,292,0.044,17.168,0.523,0.000,17.691,0,1,0
long-12s,293,0.056,1.926,0.419,0.000,2.344,0,1,0
long-12s,294,0.033,16.840,0.454,0.000,17.295,0,1,0
long-12s,295,13.479,2.127,0.502,0.000,2.629,0,1,0
long-12s,296,0.052,16.497,0.438,0.000,16.935,0,1,0
long-12s,297,2.575,15.931,0.465,0.000,16.396,0,1,0
long-12s,298,0.049,15.833,0.499,0.000,16.332,0,1,0
long-12s,299,2.862,14.888,0.378,0.000,15.266,0,1,0
long-12s,300,0.049,1.600,0.342,0.000,1.942,0,1,0
long-12s,301,2.231,15.957,0.427,0.000,16.384,0,1,0
long-12s,302,0.058,1.994,0.471,0.000,2.465,0,1,0
long-12s,303,0.042,1.577,0.383,0.000,1.960,0,1,0
long-12s,304,0.035,1.287,0.312,0.000,1.599,0,1,0
long-12s,305,0.225,0.913,0.185,0.000,1.098,0,1,0
long-12s,306,0.175,1.644,0.383,0.000,2.027,0,1,0
long-12s,307,0.043,1.656,0.337,0.000,1.993,0,2,0
long-12s,308,13.078,1.894,0.389,0.000,2.282,0,1,0
long-12s,309,0.044,1.894,0.440,0.000,2.334,0,1,0
long-12s,310,0.046,1.641,0.381,0.000,2.022,0,2,0
long-12s,311,0.031,1.501,0.371,0.000,1.873,0,1,0
long-12s,312,0.018,0.664,0.140,0.000,0.805,0,1,0
long-12s,313,0.129,1.484,0.343,0.000,1.827,0,3,0
long-12s,314,0.069,5.128,0.326,0.000,5.454,0,1,0
long-12s,315,0.019,0.727,0.212,0.000,0.939,0,1,0
long-12s,316,0.015,0.826,0.144,0.000,0.970,0,2,0
long-12s,317,0.022,0.801,0.297,0.000,1.098,0,2,0
long-12s,318,0.024,0.966,0.184,0.000,1.150,0,1,0
long-12s,319,0.041,1.775,0.353,0.000,2.127,0,1,0
long-12s,320,0.045,1.838,0.249,0.000,2.087,0,1,0
long-12s,321,0.036,1.438,0.355,0.000,1.793,0,1,0
long-12s,322,0.033,1.271,0.435,0.000,1.706,0,2,0
long-12s,323,0.165,1.691,0.321,0.000,2.011,0,2,0
long-12s,324,0.146,2.246,0.398,0.000,2.644,0,1,0
long-12s,325,0.039,1.619,0.333,0.000,1.952,0,1,0
long-12s,326,0.053,1.584,0.281,0.000,1.865,0,1,0
long-12s,327,0.062,1.618,0.323,0.000,1.940,0,1,0
long-12s,328,0.028,15.657,0.373,0.000,16.031,0,1,0
long-12s,329,0.048,1.683,0.340,0.000,2.023,0,2,0
long-12s,330,0.041,15.495,0.400,0.000,15.895,0,1,0
long-12s,331,0.045,15.375,0.263,0.000,15.639,0,1,0
long-12s,332,0.117,1.032,0.178,0.000,1.210,0,2,0
long-12s,333,0.039,1.581,0.300,0.000,1.880,0,2,0
long-12s,334,0.034,14.616,0.255,0.000,14.870,0,1,0
long-12s,335,0.144,1.663,0.196,0.000,1.859,0,2,0
long-12s,336,0.012,11.509,0.247,0.000,11.756,0,1,0
long-12s,337,0.052,1.735,0.353,0.000,2.088,0,2,0
long-12s,338,0.047,1.706,0.412,0.000,2.118,0,2,0
long-12s,339,0.160,1.557,0.364,0.000,1.921,0,2,0
long-12s,340,0.038,1.510,0.403,0.000,1.913,0,1,0
long-12s,341,0.059,1.565,0.379,0.000,1.944,0,2,0
long-12s,342,13.440,1.815,0.445,0.000,2.260,0,1,0
long-12s,343,0.033,16.275,0.306,0.000,16.581,0,1,0
long-12s,344,0.037,1.422,0.315,0.000,1.737,0,2,0
long-12s,345,0.053,1.560,0.381,0.000,1.940,0,1,0
long-12s,346,0.030,15.974,0.344,0.000,16.318,0,1,0
long-12s,347,14.993,2.040,0.324,0.000,2.364,0,1,0
long-12s,348,0.032,15.231,0.373,0.000,15.604,0,1,0
long-12s,349,0.055,1.828,0.410,0.000,2.238,0,1,0
long-12s,350,0.040,15.808,0.410,0.000,16.218,0,1,0
long-12s,351,0.116,15.393,0.390,0.000,15.783,0,1,0
long-12s,352,0.041,17.008,0.289,0.000,17.298,0,1,0
long-12s,353,2.059,15.887,0.352,0.000,16.239,0,1,0
long-12s,354,0.059,1.604,0.295,0.000,1.899,0,1,0
long-12s,355,0.095,1.552,0.317,0.000,1.868,0,2,0
long-12s,356,1.019,7.351,0.225,0.000,7.576,0,1,0
long-12s,357,0.023,6.735,0.181,0.000,6.916,0,1,0
long-12s,358,0.192,1.789,0.353,0.000,2.142,0,2,0
long-12s,359,0.038,1.419,0.315,0.000,1.734,0,2,0
long-12s,360,1.809,14.942,0.316,0.000,15.258,0,1,0
long-12s,361,0.050,1.704,0.282,0.000,1.987,0,1,0
long-12s,362,0.168,1.764,0.401,0.000,2.165,0,2,0
long-12s,363,0.048,1.413,0.352,0.000,1.766,0,1,0
long-12s,364,0.039,15.881,0.434,0.000,16.315,0,1,0
long-12s,365,0.061,1.758,0.418,0.000,2.175,0,2,0
long-12s,366,0.079,2.743,0.304,0.000,3.046,0,1,0
long-12s,367,0.038,1.526,0.269,0.000,1.795,0,2,0
long-12s,368,0.046,1.686,0.408,0.000,2.094,0,2,0
long-12s,369,0.127,1.563,0.373,0.000,1.937,0,2,0
long-12s,370,0.052,1.598,0.346,0.000,1.944,0,2,0
long-12s,371,0.057,1.884,0.320,0.000,2.204,0,1,0
long-12s,372,0.038,15.756,0.381,0.000,16.137,0,1,0
long-12s,373,0.055,1.840,0.335,0.000,2.174,0,1,0
long-12s,374,0.029,15.988,0.439,0.000,16.427,0,1,0
long-12s,375,0.044,1.613,0.301,0.000,1.914,0,2,0
long-12s,376,0.768,1.072,0.209,0.000,1.281,0,1,0
long-12s,377,0.031,1.223,0.288,0.000,1.510,0,1,0
long-12s,378,0.046,1.833,0.329,0.000,2.161,0,2,0
long-12s,379,0.043,1.599,0.317,0.000,1.916,0,2,0
long-12s,380,0.032,1.171,0.200,0.000,1.370,0,2,0
long-12s,381,0.037,1.307,0.300,0.000,1.607,0,2,0
long-12s,382,0.038,1.743,0.301,0.000,2.044,0,2,0
long-12s,383,0.041,1.629,0.301,0.000,1.931,0,1,0
long-12s,384,0.048,1.547,0.384,0.000,1.931,0,1,0
long-12s,385,0.023,1.618,0.354,0.000,1.972,0,2,0
long-12s,386,0.045,1.040,0.242,0.000,1.281,0,1,0
long-12s,387,0.039,1.939,0.339,0.000,2.278,0,2,0
long-12s,388,0.058,1.910,0.373,0.000,2.283,0,2,0
long-12s,389,0.051,1.589,0.682,0.000,2.272,0,2,0
long-12s,390,0.052,1.645,0.341,0.000,1.986,0,2,0
long-12s,391,0.049,1.724,0.358,0.000,2.082,0,2,0
long-12s,392,0.056,1.608,0.397,0.000,2.005,0,2,0
long-12s,393,0.102,17.937,0.269,0.000,18.206,0,2,0
long-12s,394,0.034,14.253,0.340,0.000,14.593,0,1,0
long-12s,395,0.038,17.694,0.339,0.000,18.033,0,1,0
long-12s,396,0.055,1.766,0.384,0.000,2.149,0,2,0
long-12s,397,0.049,1.762,0.312,0.000,2.074,0,2,0
long-12s,398,0.040,1.768,0.315,0.000,2.083,0,1,0
long-12s,399,0.044,15.899,0.348,0.000,16.247,0,1,0
long-12s,400,0.058,2.194,0.535,0.000,2.729,0,2,0
long-12s,401,0.032,1.230,0.244,0.000,1.475,0,2,0
long-12s,402,0.142,2.633,0.310,0.000,2.942,0,2,0
long-12s,403,0.056,1.586,0.388,0.000,1.973,0,1,0
long-12s,404,0.026,15.871,0.326,0.000,16.197,0,1,0
long-12s,405,0.046,1.685,0.413,0.000,2.099,0,2,0
long-12s,406,0.042,2.031,0.423,0.000,2.454,0,2,0
long-12s,407,0.060,1.574,0.376,0.000,1.950,0,2,0
long-12s,408,0.038,16.206,0.339,0.000,16.545,0,1,0
long-12s,409,0.032,13.993,0.512,0.000,14.505,0,1,0
long-12s,410,0.044,1.464,0.353,0.000,1.817,0,2,0
long-12s,411,0.054,1.832,0.431,0.000,2.264,0,2,0
long-12s,412,1.206,1.665,0.367,0.000,2.032,0,1,0
long-12s,413,0.039,1.355,0.249,0.000,1.604,0,1,0
long-12s,414,1.874,16.441,0.354,0.000,16.795,0,1,0
long-12s,415,0.045,1.812,0.330,0.000,2.143,0,1,0
long-12s,416,0.026,16.261,0.405,0.000,16.666,0,1,0
long-12s,417,0.035,1.385,0.310,0.000,1.694,0,2,0
long-12s,418,0.058,1.827,0.307,0.000,2.134,0,1,0
long-12s,419,0.048,16.652,0.346,0.000,16.998,0,1,0
long-12s,420,0.058,1.516,0.240,0.000,1.756,0,1,0
long-12s,421,0.054,1.937,0.324,0.000,2.261,0,1,0
long-12s,422,2.088,15.820,0.355,0.000,16.175,0,1,0
long-12s,423,0.036,17.148,0.332,0.000,17.480,0,1,0
long-12s,424,0.107,2.306,0.283,0.000,2.589,0,2,0
long-12s,425,0.048,1.427,0.377,0.000,1.804,0,1,0
long-12s,426,0.053,1.853,0.352,0.000,2.205,0,1,0
long-12s,427,0.035,1.367,0.293,0.000,1.660,0,2,0
long-12s,428,0.035,1.628,0.309,0.000,1.937,0,2,0
long-12s,429,0.041,16.007,0.330,0.000,16.337,0,1,0
long-12s,430,0.038,15.992,0.425,0.000,16.417,0,1,0
long-12s,431,2.201,16.553,0.600,0.000,17.154,0,1,0
long-12s,432,0.056,15.014,0.539,0.000,15.553,0,1,0
long-12s,433,0.115,1.769,0.352,0.000,2.121,0,2,0
long-12s,434,0.250,4.181,0.178,0.000,4.359,0,2,0
long-12s,435,0.033,18.761,0.413,0.000,19.174,0,1,0
long-12s,436,0.194,1.868,0.351,0.000,2.219,0,2,0
long-12s,437,0.044,1.602,0.377,0.000,1.979,0,2,0
long-12s,438,0.038,16.026,0.366,0.000,16.392,0,1,0
long-12s,439,0.067,1.878,0.343,0.000,2.220,0,1,0
long-12s,440,2.534,15.915,0.369,0.000,16.284,0,1,0
long-12s,441,0.044,1.755,0.401,0.000,2.156,0,1,0
long-12s,442,0.030,13.599,0.469,0.000,14.068,0,1,0
long-12s,443,0.127,1.583,0.370,0.000,1.953,0,2,0
long-12s,444,0.074,1.088,0.237,0.000,1.325,0,1,0
long-12s,445,0.044,1.745,0.429,0.000,2.174,0,2,0
long-12s,446,0.052,1.559,0.359,0.000,1.918,0,2,0
long-12s,447,0.040,15.595,0.309,0.000,15.904,0,1,0
long-12s,448,0.037,16.553,0.295,0.000,16.848,0,1,0
long-12s,449,0.057,1.634,0.331,0.000,1.966,0,2,0
long-12s,450,2.074,16.273,0.402,0.000,16.674,0,1,0
long-12s,451,0.043,1.585,0.452,0.000,2.038,0,1,0
long-12s,452,14.053,1.378,0.397,0.000,1.775,0,1,0
long-12s,453,0.024,16.361,0.446,0.000,16.807,0,1,0
long-12s,454,13.470,1.818,0.468,0.000,2.287,0,1,0
long-12s,455,0.037,1.780,0.322,0.000,2.102,0,2,0
long-12s,456,2.052,16.117,0.358,0.000,16.475,0,1,0
long-12s,457,0.041,16.934,0.368,0.000,17.302,0,1,0
long-12s,458,0.045,1.949,0.383,0.000,2.331,0,2,0
long-12s,459,0.052,2.103,0.407,0.000,2.509,0,2,0
long-12s,460,0.127,1.906,0.307,0.000,2.213,0,1,0
long-12s,461,0.164,1.588,0.265,0.000,1.853,0,1,0
long-12s,462,0.037,1.410,0.291,0.000,1.701,0,1,0
long-12s,463,0.038,1.544,0.285,0.000,1.829,0,1,0
long-12s,464,0.040,1.683,0.293,0.000,1.976,0,2,0
long-12s,465,0.030,1.671,0.274,0.000,1.945,0,2,0
long-12s,466,0.048,1.483,0.250,0.000,1.733,0,1,0
long-12s,467,0.024,17.554,0.291,0.000,17.845,0,1,0
long-12s,468,2.051,16.521,0.359,0.000,16.880,0,1,0
long-12s,469,0.043,2.065,0.359,0.000,2.423,0,1,0
long-12s,470,0.140,1.984,0.338,0.000,2.322,0,2,0
long-12s,471,0.025,16.878,0.369,0.000,17.247,0,1,0
long-12s,472,0.033,1.379,0.247,0.000,1.626,0,2,0
long-12s,473,0.134,1.822,0.272,0.000,2.094,0,2,0
long-12s,474,0.037,1.770,0.398,0.000,2.168,0,2,0
long-12s,475,0.027,16.441,0.376,0.000,16.816,0,1,0
long-12s,476,0.565,3.791,0.173,0.000,3.964,0,2,0
long-12s,477,0.020,11.369,0.290,0.000,11.659,0,1,0
long-12s,478,0.054,1.741,0.310,0.000,2.051,0,2,0
long-12s,479,0.040,1.640,0.349,0.000,1.988,0,1,0
long-12s,480,0.107,15.875,0.348,0.000,16.222,0,1,0
long-12s,481,0.030,15.315,0.398,0.000,15.713,0,1,0
long-12s,482,0.031,17.415,0.419,0.000,17.835,0,1,0
long-12s,483,0.054,1.819,0.358,0.000,2.177,0,2,0
long-12s,484,13.998,2.013,0.341,0.000,2.354,0,1,0
long-12s,485,0.024,14.715,0.274,0.000,14.989,0,1,0
long-12s,486,0.090,1.532,0.285,0.000,1.817,0,3,0
long-12s,487,0.074,1.976,0.349,0.000,2.326,0,2,0
long-12s,488,0.212,15.518,0.399,0.000,15.917,0,1,0
long-12s,489,0.045,1.954,0.309,0.000,2.263,0,1,0
long-12s,490,1.455,5.029,0.248,0.000,5.277,0,2,0
empty-slow,0,1.192,0.695,0.218,0.000,0.914,0,1,0
empty-slow,1,0.023,3.955,0.191,0.000,4.146,0,2,0
empty-slow,2,0.025,0.828,0.268,0.000,1.095,0,1,0
empty-slow,3,0.146,0.550,0.148,0.000,0.698,0,1,0
empty-slow,4,0.054,1.319,0.228,0.000,1.548,0,1,0
empty-slow,5,0.054,1.124,0.289,0.000,1.413,0,1,0
empty-slow,6,0.043,0.840,0.448,0.000,1.288,0,1,0
empty-slow,7,0.084,0.691,0.306,0.000,0.997,0,2,0
empty-slow,8,0.030,0.754,0.429,0.000,1.183,0,2,0
empty-slow,9,0.020,0.844,0.330,0.000,1.174,0,2,0
empty-slow,10,0.055,0.853,0.483,0.000,1.336,0,1,0
empty-slow,11,0.019,15.979,0.229,0.000,16.208,0,1,0
empty-slow,12,0.051,0.807,0.245,0.000,1.052,0,2,0
empty-slow,13,0.017,0.612,0.212,0.000,0.824,0,2,0
empty-slow,14,0.110,0.491,0.127,0.000,0.618,0,1,0
empty-slow,15,0.030,0.796,0.211,0.000,1.008,0,1,0
empty-slow,16,0.049,0.658,0.246,0.000,0.904,0,2,0
empty-slow,17,0.070,0.713,0.291,0.000,1.004,0,3,0
empty-slow,18,0.043,1.162,0.278,0.000,1.440,0,2,0
empty-slow,19,0.031,0.924,0.232,0.000,1.157,0,3,0
empty-slow,20,0.021,0.593,0.217,0.000,0.810,0,3,0
empty-slow,21,0.032,0.801,0.213,0.000,1.013,0,2,0
empty-slow,22,0.028,1.060,0.302,0.000,1.362,0,2,0
empty-slow,23,0.148,1.131,0.360,0.000,1.491,0,1,0
empty-slow,24,0.036,0.913,0.260,0.000,1.173,0,1,0
empty-slow,25,0.046,4.308,0.334,0.000,4.642,0,2,0
empty-slow,26,0.028,0.887,0.198,0.000,1.085,0,2,0
empty-slow,27,0.082,0.757,0.243,0.000,1.000,0,2,0
empty-slow,28,0.046,1.487,0.401,0.000,1.888,0,2,0
empty-slow,29,0.061,1.647,0.343,0.000,1.989,0,1,0
empty-slow,30,0.030,15.169,0.197,0.000,15.366,0,1,0
empty-slow,31,0.160,0.897,0.263,0.000,1.159,0,2,0
empty-slow,32,0.036,1.165,0.304,0.000,1.469,0,2,0
empty-slow,33,0.027,0.810,0.174,0.000,0.984,0,1,0
empty-slow,34,0.040,1.096,0.290,0.000,1.386,0,2,0
empty-slow,35,0.132,1.179,0.368,0.000,1.547,0,2,0
empty-slow,36,0.579,0.961,0.274,0.000,1.234,0,3,0
empty-slow,37,0.057,16.499,0.314,0.000,16.812,0,3,0
empty-slow,38,0.026,0.838,0.235,0.000,1.073,0,2,0
empty-slow,39,0.807,1.082,0.475,0.000,1.557,0,3,0
empty-slow,40,0.028,0.909,0.224,0.000,1.133,0,1,0
empty-slow,41,0.021,0.766,0.227,0.000,0.993,0,2,0
empty-slow,42,0.092,0.926,0.182,0.000,1.107,0,4,0
empty-slow,43,0.040,0.895,0.252,0.000,1.147,0,2,0
empty-slow,44,0.099,0.772,0.169,0.000,0.941,0,2,0
empty-slow,45,0.016,0.571,0.169,0.000,0.740,0,1,0
empty-slow,46,0.163,1.653,0.411,0.000,2.064,0,2,0
empty-slow,47,0.120,1.739,0.418,0.000,2.157,0,1,0
empty-slow,48,0.040,16.082,0.349,0.000,16.431,0,1,0
empty-slow,49,0.044,1.307,0.382,0.000,1.689,0,2,0
empty-slow,50,0.145,1.253,0.278,0.000,1.531,0,2,0
empty-slow,51,0.115,1.300,0.333,0.000,1.634,0,1,0
empty-slow,52,0.035,15.157,0.335,0.000,15.492,0,1,0
empty-slow,53,0.039,1.184,0.340,0.000,1.524,0,2,0
empty-slow,54,0.045,1.154,0.283,0.000,1.437,0,2,0
empty-slow,55,0.249,1.175,0.315,0.000,1.490,0,1,0
empty-slow,56,0.052,1.340,0.362,0.000,1.701,0,1,0
empty-slow,57,0.050,1.330,0.345,0.000,1.675,0,2,0
empty-slow,58,0.062,1.461,0.405,0.000,1.866,0,2,0
empty-slow,59,13.253,0.996,0.219,0.000,1.215,0,1,0
empty-slow,60,0.016,15.619,0.570,0.000,16.189,0,1,0
empty-slow,61,0.035,1.149,0.249,0.000,1.398,0,1,0
empty-slow,62,0.021,18.214,0.438,0.000,18.652,0,1,0
empty-slow,63,0.040,1.515,0.315,0.000,1.830,0,2,0
empty-slow,64,0.025,0.900,0.387,0.000,1.286,0,2,0
empty-slow,65,0.032,0.981,0.236,0.000,1.217,0,2,0
empty-slow,66,0.134,0.645,0.177,0.000,0.822,0,1,0
empty-slow,67,0.029,0.807,0.187,0.000,0.994,0,1,0
empty-slow,68,0.048,1.373,0.320,0.000,1.694,0,2,0
empty-slow,69,0.036,3.326,0.245,0.000,3.571,0,2,0
empty-slow,70,0.094,0.796,0.172,0.000,0.968,0,2,0
empty-slow,71,0.008,17.046,0.346,0.000,17.392,0,1,0
empty-slow,72,0.023,0.706,0.235,0.000,0.940,0,2,0
empty-slow,73,0.042,0.494,0.179,0.000,0.673,0,2,0
empty-slow,74,0.030,0.806,0.209,0.000,1.015,0,2,0
empty-slow,75,0.043,1.475,0.345,0.000,1.820,0,2,0
empty-slow,76,0.256,1.169,0.299,0.000,1.468,0,1,0
empty-slow,77,0.053,1.455,0.349,0.000,1.804,0,1,0
empty-slow,78,0.040,1.248,0.325,0.000,1.573,0,2,0
empty-slow,79,0.147,1.449,0.339,0.000,1.789,0,2,0
empty-slow,80,0.128,1.539,0.327,0.000,1.865,0,1,0
empty-slow,81,0.036,16.431,0.342,0.000,16.773,0,1,0
empty-slow,82,0.043,1.441,0.373,0.000,1.814,0,2,0
empty-slow,83,0.039,1.370,0.324,0.000,1.694,0,2,0
empty-slow,84,0.032,1.030,0.232,0.000,1.261,0,2,0
empty-slow,85,0.050,1.407,0.364,0.000,1.771,0,2,0
empty-slow,86,0.308,1.557,0.347,0.000,1.904,0,1,0
empty-slow,87,0.059,1.681,0.355,0.000,2.036,0,1,0
empty-slow,88,0.129,1.659,0.399,0.000,2.059,0,1,0
empty-slow,89,0.031,16.216,0.431,0.000,16.648,0,1,0
empty-slow,90,0.044,1.664,0.326,0.000,1.990,0,2,0
empty-slow,91,0.028,1.076,0.240,0.000,1.315,0,2,0
empty-slow,92,0.031,1.087,0.237,0.000,1.324,0,2,0
empty-slow,93,0.055,1.520,0.451,0.000,1.970,0,2,0
empty-slow,94,0.050,1.453,0.337,0.000,1.790,0,2,0
empty-slow,95,0.024,1.208,0.348,0.000,1.556,0,4,0
empty-slow,96,0.039,16.962,0.354,0.000,17.316,0,1,0
empty-slow,97,0.047,1.829,0.358,0.000,2.187,0,2,0
empty-slow,98,0.027,0.675,0.177,0.000,0.852,0,2,0
empty-slow,99,0.050,1.607,0.327,0.000,1.934,0,2,0
empty-slow,100,0.054,1.622,0.319,0.000,1.940,0,2,0
empty-slow,101,0.034,0.910,0.201,0.000,1.111,0,2,0
empty-slow,102,0.047,1.468,0.384,0.000,1.852,0,2,0
empty-slow,103,0.037,1.353,0.283,0.000,1.637,0,1,0
empty-slow,104,0.103,2.681,0.365,0.000,3.046,0,1,0
empty-slow,105,0.046,1.486,0.402,0.000,1.887,0,1,0
empty-slow,106,0.039,1.346,0.308,0.000,1.655,0,1,0
empty-slow,107,0.041,1.528,0.476,0.000,2.004,0,2,0
empty-slow,108,0.034,4.510,0.285,0.000,4.795,0,2,0
empty-slow,109,0.038,1.203,0.263,0.000,1.466,0,2,0
empty-slow,110,0.052,2.027,0.292,0.000,2.319,0,2,0
empty-slow,111,0.171,1.927,0.631,0.000,2.558,0,1,0
empty-slow,112,0.027,14.267,0.301,0.000,14.568,0,1,0
empty-slow,113,0.034,1.022,0.234,0.000,1.256,0,2,0
empty-slow,114,0.036,1.737,0.345,0.000,2.083,0,2,0
empty-slow,115,0.219,1.091,0.241,0.000,1.332,0,1,0
empty-slow,116,0.043,1.156,0.285,0.000,1.441,0,1,0
empty-slow,117,0.048,1.593,0.409,0.000,2.002,0,2,0
empty-slow,118,0.041,1.200,0.300,0.000,1.500,0,2,0
empty-slow,119,0.049,1.420,0.359,0.000,1.779,0,2,0
empty-slow,120,0.157,1.390,0.231,0.000,1.621,0,1,0
empty-slow,121,0.018,16.872,0.351,0.000,17.223,0,1,0
empty-slow,122,0.038,1.575,0.363,0.000,1.938,0,2,0
empty-slow,123,0.112,1.360,0.391,0.000,1.751,0,2,0
empty-slow,124,0.809,7.261,0.180,0.000,7.441,0,1,0
empty-fast,0,0.114,0.473,0.246,0.000,0.719,0,1,0
empty-fast,1,0.018,0.694,0.176,0.000,0.870,0,2,0
empty-fast,2,0.017,0.415,0.125,0.000,0.540,0,1,0
empty-fast,3,0.040,1.145,0.303,0.000,1.448,0,2,0
empty-fast,4,0.023,0.504,0.179,0.000,0.682,0,2,0
empty-fast,5,0.058,1.584,0.259,0.000,1.843,0,2,0
empty-fast,6,0.052,1.440,0.379,0.000,1.818,0,1,0
empty-fast,7,0.049,1.232,0.397,0.000,1.629,0,1,0
empty-fast,8,0.055,1.355,0.417,0.000,1.772,0,1,0
empty-fast,9,0.027,15.608,0.249,0.000,15.858,0,1,0
empty-fast,10,0.031,4.027,0.355,0.000,4.382,0,2,0
empty-fast,11,0.042,1.107,0.269,0.000,1.376,0,2,0
empty-fast,12,0.036,1.045,0.296,0.000,1.341,0,2,0
empty-fast,13,0.037,1.063,0.299,0.000,1.363,0,2,0
empty-fast,14,0.155,1.250,0.359,0.000,1.609,0,3,0
empty-fast,15,0.039,1.007,0.376,0.000,1.382,0,1,0
empty-fast,16,0.024,16.076,0.366,0.000,16.442,0,1,0
empty-fast,17,0.142,1.332,0.331,0.000,1.663,0,3,0
empty-fast,18,0.039,1.079,0.299,0.000,1.378,0,2,0
empty-fast,19,0.042,1.129,0.289,0.000,1.417,0,2,0
empty-fast,20,0.045,0.928,0.264,0.000,1.192,0,2,0
empty-fast,21,0.066,0.918,0.256,0.000,1.174,0,2,0
empty-fast,22,0.045,1.103,0.289,0.000,1.391,0,2,0
empty-fast,23,0.192,1.257,0.281,0.000,1.537,0,1,0
empty-fast,24,0.023,17.103,0.367,0.000,17.471,0,1,0
empty-fast,25,0.045,1.318,0.342,0.000,1.661,0,2,0
empty-fast,26,0.019,0.600,0.147,0.000,0.747,0,2,0
empty-fast,27,0.019,0.559,0.191,0.000,0.750,0,1,0
empty-fast,28,0.035,0.661,0.162,0.000,0.823,0,1,0
empty-fast,29,0.019,0.848,0.191,0.000,1.040,0,2,0
empty-fast,30,0.019,0.569,0.207,0.000,0.776,0,2,0
empty-fast,31,0.033,0.754,0.197,0.000,0.951,0,2,0
empty-fast,32,0.052,1.051,0.272,0.000,1.323,0,2,0
empty-fast,33,0.038,1.095,0.265,0.000,1.360,0,2,0
empty-fast,34,0.039,1.285,0.343,0.000,1.628,0,2,0
empty-fast,35,0.286,1.333,0.397,0.000,1.730,0,1,0
empty-fast,36,0.042,1.302,0.480,0.000,1.782,0,1,0
empty-fast,37,0.039,1.371,0.393,0.000,1.764,0,2,0
empty-fast,38,0.042,1.197,0.294,0.000,1.491,0,1,0
empty-fast,39,0.022,16.589,0.389,0.000,16.977,0,1,0
empty-fast,40,0.052,1.502,0.348,0.000,1.849,0,2,0
empty-fast,41,0.026,0.713,0.191,0.000,0.904,0,2,0
empty-fast,42,0.041,1.162,0.294,0.000,1.456,0,1,0
empty-fast,43,0.043,1.333,0.362,0.000,1.695,0,1,0
empty-fast,44,0.032,1.016,0.238,0.000,1.255,0,2,0
empty-fast,45,0.035,1.190,0.289,0.000,1.479,0,2,0
empty-fast,46,0.253,1.373,0.360,0.000,1.732,0,1,0
empty-fast,47,0.059,1.549,0.592,0.000,2.141,0,1,0
empty-fast,48,0.175,1.654,0.493,0.000,2.147,0,3,0
empty-fast,49,11.725,0.715,0.217,0.000,0.932,0,1,0
empty-fast,50,0.018,23.699,0.244,0.000,23.943,0,1,0
empty-fast,51,0.025,0.735,0.178,0.000,0.913,0,2,0
empty-fast,52,0.036,1.157,0.285,0.000,1.442,0,2,0
empty-fast,53,0.041,1.299,0.345,0.000,1.645,0,2,0
empty-fast,54,0.041,1.427,0.373,0.000,1.799,0,1,0
empty-fast,55,0.165,1.505,0.307,0.000,1.812,0,1,0
empty-fast,56,0.028,0.708,0.281,0.000,0.989,0,2,0
empty-fast,57,0.197,1.038,0.244,0.000,1.282,0,1,0
empty-fast,58,0.052,1.304,0.346,0.000,1.650,0,1,0
empty-fast,59,0.056,1.403,0.350,0.000,1.753,0,2,0
empty-fast,60,0.170,1.420,0.346,0.000,1.766,0,3,0
empty-fast,61,0.165,1.601,0.276,0.000,1.877,0,1,0
empty-fast,62,0.024,15.801,0.467,0.000,16.268,0,1,0
empty-fast,63,0.188,1.523,0.378,0.000,1.901,0,2,0
empty-fast,64,0.044,1.516,0.394,0.000,1.909,0,1,0
empty-fast,65,0.037,1.160,0.310,0.000,1.470,0,1,0
empty-fast,66,0.050,1.391,0.341,0.000,1.732,0,2,0
empty-fast,67,0.046,1.265,0.323,0.000,1.588,0,2,0
empty-fast,68,0.314,1.467,0.347,0.000,1.814,0,1,0
empty-fast,69,0.052,1.428,0.362,0.000,1.790,0,1,0
empty-fast,70,13.589,1.454,0.530,0.000,1.984,0,1,0
empty-fast,71,0.170,16.156,0.392,0.000,16.548,0,2,0
empty-fast,72,0.087,15.564,0.343,0.000,15.907,0,1,0
empty-fast,73,0.038,16.231,0.388,0.000,16.619,0,1,0
empty-fast,74,0.050,1.298,0.386,0.000,1.684,0,2,0
empty-fast,75,0.036,1.335,0.313,0.000,1.648,0,2,0
empty-fast,76,0.042,1.256,0.339,0.000,1.595,0,2,0
empty-fast,77,0.026,1.038,0.194,0.000,1.232,0,2,0
empty-fast,78,0.059,1.621,0.320,0.000,1.940,0,2,0
empty-fast,79,0.228,1.432,0.433,0.000,1.865,0,1,0
empty-fast,80,0.190,16.721,0.353,0.000,17.074,0,2,0
empty-fast,81,0.170,1.354,0.407,0.000,1.761,0,2,0
empty-fast,82,0.146,1.511,0.268,0.000,1.779,0,1,0
empty-fast,83,0.026,17.085,0.349,0.000,17.433,0,1,0
empty-fast,84,0.029,1.170,0.255,0.000,1.426,0,2,0
empty-fast,85,0.048,1.307,0.296,0.000,1.602,0,2,0
empty-fast,86,0.050,1.461,0.334,0.000,1.795,0,2,0
empty-fast,87,0.104,1.705,0.392,0.000,2.097,0,1,0
empty-fast,88,0.026,16.653,0.379,0.000,17.032,0,1,0
empty-fast,89,0.036,1.368,0.329,0.000,1.696,0,2,0
empty-fast,90,0.135,2.045,0.419,0.000,2.463,0,2,0
empty-fast,91,0.042,1.378,0.368,0.000,1.746,0,1,0
empty-fast,92,0.036,1.299,0.289,0.000,1.588,0,1,0
empty-fast,93,0.037,1.439,0.322,0.000,1.760,0,2,0
empty-fast,94,0.054,1.623,0.342,0.000,1.964,0,2,0
empty-fast,95,0.031,1.283,0.249,0.000,1.533,0,2,0
empty-fast,96,0.036,1.356,0.550,0.000,1.906,0,2,0
empty-fast,97,0.038,0.932,0.269,0.000,1.200,0,1,0
empty-fast,98,0.038,1.526,0.297,0.000,1.823,0,1,0
empty-fast,99,0.058,1.139,0.304,0.000,1.443,0,2,0
empty-fast,100,0.045,2.198,0.323,0.000,2.521,0,2,0
empty-fast,101,0.049,1.310,0.351,0.000,1.662,0,1,0
empty-fast,102,0.049,1.642,0.311,0.000,1.953,0,1,0
empty-fast,103,0.098,1.194,0.383,0.000,1.577,0,2,0
empty-fast,104,0.059,1.766,0.304,0.000,2.070,0,2,0
empty-fast,105,11.685,2.888,0.221,0.000,3.109,0,1,0
dense,0,0.330,18.599,0.170,0.000,18.769,0,2,0
dense,1,0.018,10.794,0.309,0.000,11.103,0,1,0
dense,2,0.026,0.986,0.191,0.000,1.177,0,1,0
dense,3,0.042,1.312,0.329,0.000,1.641,0,1,0
dense,4,0.033,16.801,0.326,0.000,17.127,0,1,0
dense,5,0.043,1.525,0.487,0.000,2.012,0,2,0
dense,6,0.036,1.112,0.225,0.000,1.337,0,2,0
dense,7,0.045,1.252,0.298,0.000,1.550,0,2,0
dense,8,0.050,1.371,0.324,0.000,1.694,0,2,0
dense,9,0.028,0.959,0.240,0.000,1.199,0,2,0
dense,10,0.065,0.857,0.246,0.000,1.103,0,2,0
dense,11,0.040,0.965,0.143,0.000,1.107,0,2,0
dense,12,0.019,0.708,0.233,0.000,0.941,0,1,0
dense,13,0.022,0.746,0.128,0.000,0.875,0,1,0
dense,14,0.071,0.834,0.228,0.000,1.062,0,2,0
dense,15,0.021,0.723,0.191,0.000,0.914,0,2,0
dense,16,0.045,1.137,0.260,0.000,1.396,0,2,0
dense,17,0.054,1.434,0.456,0.000,1.891,0,2,0
dense,18,0.053,1.388,0.352,0.000,1.740,0,1,0
dense,19,0.025,16.371,0.347,0.000,16.718,0,1,0
dense,20,0.040,1.359,0.344,0.000,1.703,0,2,0
dense,21,0.050,1.399,0.353,0.000,1.752,0,2,0
dense,22,0.051,1.540,0.339,0.000,1.879,0,1,0
dense,23,0.055,1.565,0.347,0.000,1.913,0,1,0
dense,24,0.053,1.424,0.511,0.000,1.935,0,2,0
dense,25,0.045,1.252,0.327,0.000,1.579,0,2,0
dense,26,0.052,1.290,0.386,0.000,1.676,0,2,0
dense,27,0.203,1.710,0.265,0.000,1.975,0,2,0
dense,28,0.020,15.063,0.352,0.000,15.415,0,1,0
dense,29,0.040,1.393,0.325,0.000,1.718,0,2,0
dense,30,0.037,1.344,0.258,0.000,1.602,0,2,0
dense,31,0.043,1.591,0.387,0.000,1.978,0,2,0
dense,32,0.400,1.058,0.255,0.000,1.312,0,1,0
dense,33,0.037,1.365,0.349,0.000,1.714,0,1,0
dense,34,0.037,1.110,0.268,0.000,1.378,0,2,0
dense,35,0.049,1.454,0.316,0.000,1.771,0,2,0
dense,36,0.099,15.599,0.560,0.000,16.158,0,2,0
dense,37,0.135,14.081,0.330,0.000,14.411,0,2,0
dense,38,0.036,1.197,0.347,0.000,1.544,0,2,0
dense,39,0.034,1.192,0.236,0.000,1.427,0,1,0
dense,40,0.028,1.107,0.239,0.000,1.346,0,1,0
dense,41,0.028,0.948,0.187,0.000,1.135,0,2,0
dense,42,0.045,1.739,0.312,0.000,2.050,0,2,0
dense,43,0.042,1.169,0.217,0.000,1.386,0,1,0
dense,44,0.037,1.214,0.254,0.000,1.468,0,1,0
dense,45,0.157,1.587,0.516,0.000,2.103,0,2,0
dense,46,0.048,1.583,0.513,0.000,2.096,0,2,0
dense,47,0.048,1.507,0.372,0.000,1.879,0,1,0
dense,48,0.027,16.995,0.269,0.000,17.264,0,1,0
dense,49,0.029,14.617,0.504,0.000,15.121,0,1,0
dense,50,0.057,16.242,0.305,0.000,16.547,0,1,0
dense,51,0.040,1.492,0.357,0.000,1.849,0,2,0
dense,52,0.042,1.520,0.363,0.000,1.883,0,2,0
dense,53,0.039,1.654,0.298,0.000,1.952,0,2,0
dense,54,0.030,1.094,0.244,0.000,1.338,0,1,0
dense,55,0.042,1.064,0.250,0.000,1.314,0,1,0
dense,56,0.047,1.457,0.320,0.000,1.777,0,2,0
dense,57,0.046,1.666,0.458,0.000,2.125,0,2,0
dense,58,0.159,1.716,0.391,0.000,2.107,0,2,0
dense,59,0.037,1.163,0.256,0.000,1.419,0,1,0
dense,60,0.018,17.258,0.448,0.000,17.707,0,1,0
dense,61,0.041,1.534,0.345,0.000,1.879,0,2,0
dense,62,0.044,1.452,0.385,0.000,1.837,0,2,0
dense,63,0.061,2.429,0.368,0.000,2.797,0,2,0
dense,64,0.062,1.704,0.299,0.000,2.003,0,1,0
dense,65,0.049,1.640,0.354,0.000,1.994,0,1,0
dense,66,0.044,1.324,0.266,0.000,1.590,0,2,0
dense,67,0.047,1.572,0.408,0.000,1.980,0,2,0
dense,68,0.050,1.686,0.302,0.000,1.988,0,2,0
dense,69,0.039,1.529,0.306,0.000,1.835,0,2,0
dense,70,0.035,1.475,0.320,0.000,1.796,0,2,0
dense,71,0.038,1.534,0.345,0.000,1.879,0,2,0
dense,72,0.381,0.988,0.250,0.000,1.238,0,1,0
dense,73,0.043,1.383,0.240,0.000,1.623,0,1,0
dense,74,0.036,1.386,0.310,0.000,1.696,0,2,0
dense,75,0.237,1.705,0.271,0.000,1.976,0,2,0
dense,76,0.121,1.653,0.314,0.000,1.966,0,1,0
dense,77,0.025,16.987,0.312,0.000,17.298,0,1,0
dense,78,0.043,1.678,0.276,0.000,1.954,0,2,0
dense,79,0.040,1.606,0.320,0.000,1.926,0,2,0
dense,80,0.043,5.241,0.255,0.000,5.496,0,2,0
dense,81,0.035,1.617,0.323,0.000,1.939,0,2,0
dense,82,0.478,1.277,0.276,0.000,1.553,0,1,0
dense,83,0.042,1.609,0.302,0.000,1.912,0,1,0
dense,84,0.190,1.729,0.415,0.000,2.144,0,2,0
dense,85,0.051,1.476,0.385,0.000,1.861,0,2,0
dense,86,0.041,1.401,0.312,0.000,1.713,0,1,0
dense,87,0.040,16.851,0.319,0.000,17.169,0,1,0
dense,88,13.377,1.260,0.246,0.000,1.506,0,1,0
dense,89,0.034,15.895,0.200,0.000,16.095,0,1,0
dense,90,0.034,1.369,0.266,0.000,1.635,0,1,0
dense,91,0.029,1.324,0.355,0.000,1.679,0,1,0
dense,92,0.048,1.898,0.347,0.000,2.245,0,2,0
dense,93,0.035,1.951,0.355,0.000,2.306,0,2,0
dense,94,0.053,1.166,0.208,0.000,1.374,0,1,0
dense,95,0.037,1.591,0.289,0.000,1.880,0,1,0
dense,96,0.063,1.766,0.330,0.000,2.096,0,2,0
dense,97,0.039,1.789,0.420,0.000,2.209,0,2,0
dense,98,0.038,15.306,0.317,0.000,15.623,0,1,0
dense,99,0.039,16.351,0.333,0.000,16.684,0,1,0
dense,100,0.045,1.793,0.278,0.000,2.070,0,2,0
dense,101,0.043,1.843,0.325,0.000,2.168,0,2,0
dense,102,0.136,1.925,0.252,0.000,2.177,0,2,0
dense,103,0.037,1.572,0.297,0.000,1.869,0,1,0
dense,104,0.041,1.482,0.305,0.000,1.786,0,1,0
dense,105,0.038,1.700,0.320,0.000,2.020,0,2,0
dense,106,0.013,0.754,0.113,0.000,0.867,0,2,0
dense,107,0.015,0.849,0.214,0.000,1.063,0,2,0
dense,108,0.018,0.932,0.214,0.000,1.146,0,1,0
dense,109,0.021,0.883,0.190,0.000,1.072,0,1,0
dense,110,0.042,1.507,0.307,0.000,1.814,0,2,0
dense,111,0.051,2.001,0.421,0.000,2.421,0,2,0
dense,112,0.034,1.892,0.262,0.000,2.155,0,2,0
dense,113,0.043,1.103,0.227,0.000,1.330,0,1,0
dense,114,0.049,1.782,0.312,0.000,2.094,0,1,0
dense,115,0.037,15.630,0.282,0.000,15.912,0,1,0
dense,116,0.034,16.768,0.335,0.000,17.102,0,1,0
dense,117,0.036,1.542,0.268,0.000,1.809,0,2,0
dense,118,0.039,1.672,0.243,0.000,1.915,0,1,0
dense,119,0.034,1.596,0.283,0.000,1.879,0,1,0
dense,120,0.024,1.329,0.272,0.000,1.600,0,2,0
dense,121,7.982,3.945,0.210,0.000,4.155,0,2,0
long-12s,0,0.336,17.586,0.382,0.000,17.968,0,2,0
long-12s,1,0.157,1.576,0.529,0.000,2.104,0,1,0
long-12s,2,0.035,15.163,0.437,0.000,15.600,0,1,0
long-12s,3,0.060,1.073,0.435,0.000,1.508,0,1,0
long-12s,4,0.026,16.667,0.361,0.000,17.028,0,1,0
long-12s,5,0.054,1.099,0.399,0.000,1.498,0,2,0
long-12s,6,0.046,1.611,0.388,0.000,1.998,0,2,0
long-12s,7,0.039,0.997,0.320,0.000,1.317,0,1,0
long-12s,8,0.038,1.023,0.305,0.000,1.329,0,1,0
long-12s,9,0.054,1.260,0.468,0.000,1.728,0,2,0
long-12s,10,0.043,0.902,0.364,0.000,1.265,0,2,0
long-12s,11,0.041,0.873,0.360,0.000,1.232,0,2,0
long-12s,12,0.050,1.114,0.337,0.000,1.451,0,2,0
long-12s,13,0.044,0.827,0.259,0.000,1.086,0,2,0
long-12s,14,0.073,15.019,0.417,0.000,15.436,0,1,0
long-12s,15,0.044,15.492,0.270,0.000,15.762,0,1,0
long-12s,16,0.058,0.998,0.247,0.000,1.245,0,2,0
long-12s,17,0.048,0.918,0.247,0.000,1.165,0,2,0
long-12s,18,0.023,0.655,0.166,0.000,0.821,0,2,0
long-12s,19,0.035,0.743,0.180,0.000,0.924,0,2,0
long-12s,20,0.037,0.760,0.291,0.000,1.051,0,2,0
long-12s,21,0.043,0.797,0.307,0.000,1.105,0,1,0
long-12s,22,0.038,0.769,0.311,0.000,1.080,0,1,0
long-12s,23,0.201,4.035,0.271,0.000,4.306,0,3,0
long-12s,24,9.488,0.658,0.166,0.000,0.825,0,1,0
long-12s,25,0.023,0.926,0.178,0.000,1.104,0,2,0
long-12s,26,0.027,0.686,0.311,0.000,0.997,0,1,0
long-12s,27,0.019,0.516,0.135,0.000,0.651,0,1,0
long-12s,28,0.023,0.559,0.144,0.000,0.703,0,1,0
long-12s,29,0.019,0.534,0.150,0.000,0.684,0,2,0
long-12s,30,0.020,0.699,0.167,0.000,0.866,0,2,0
long-12s,31,0.020,0.453,0.188,0.000,0.641,0,2,0
long-12s,32,0.049,0.476,0.180,0.000,0.656,0,2,0
long-12s,33,0.036,0.999,0.285,0.000,1.284,0,2,0
long-12s,34,0.237,0.986,0.396,0.000,1.382,0,1,0
long-12s,35,0.042,1.039,0.309,0.000,1.347,0,1,0
long-12s,36,0.057,1.591,0.594,0.000,2.185,0,2,0
long-12s,37,0.163,1.214,0.284,0.000,1.498,0,2,0
long-12s,38,0.041,1.029,0.300,0.000,1.329,0,1,0
long-12s,39,0.030,0.860,0.328,0.000,1.188,0,2,0
long-12s,40,0.127,1.304,0.289,0.000,1.593,0,2,0
long-12s,41,0.103,1.242,0.327,0.000,1.569,0,1,0
long-12s,42,0.062,1.232,0.513,0.000,1.745,0,1,0
long-12s,43,0.053,1.703,0.408,0.000,2.112,0,2,0
long-12s,44,0.021,0.619,0.221,0.000,0.840,0,1,0
long-12s,45,0.012,16.211,0.310,0.000,16.521,0,1,0
long-12s,46,0.034,0.918,0.269,0.000,1.187,0,2,0
long-12s,47,0.042,0.952,0.296,0.000,1.248,0,2,0
long-12s,48,0.023,0.777,0.200,0.000,0.977,0,2,0
long-12s,49,0.037,0.881,0.243,0.000,1.123,0,2,0
long-12s,50,0.036,1.049,0.344,0.000,1.393,0,2,0
long-12s,51,0.141,1.029,0.259,0.000,1.288,0,1,0
long-12s,52,0.023,15.888,0.292,0.000,16.180,0,1,0
long-12s,53,0.051,1.981,0.699,0.000,2.679,0,2,0
long-12s,54,0.044,0.707,0.183,0.000,0.890,0,1,0
long-12s,55,0.018,0.572,0.168,0.000,0.740,0,1,0
long-12s,56,0.058,1.131,0.387,0.000,1.518,0,2,0
long-12s,57,0.048,1.105,0.317,0.000,1.422,0,2,0
long-12s,58,0.042,0.948,0.267,0.000,1.215,0,2,0
long-12s,59,0.031,0.903,0.243,0.000,1.145,0,2,0
long-12s,60,0.022,0.586,0.229,0.000,0.815,0,2,0
long-12s,61,0.043,1.181,0.312,0.000,1.493,0,1,0
long-12s,62,0.052,4.724,0.351,0.000,5.075,0,1,0
long-12s,63,0.148,0.580,0.150,0.000,0.731,0,1,0
long-12s,64,0.110,0.919,0.267,0.000,1.186,0,1,0
long-12s,65,0.029,0.849,0.433,0.000,1.282,0,2,0
long-12s,66,0.049,1.210,0.301,0.000,1.511,0,2,0
long-12s,67,0.050,1.265,0.408,0.000,1.673,0,2,0
long-12s,68,0.171,1.362,0.377,0.000,1.739,0,1,0
long-12s,69,0.101,15.618,0.363,0.000,15.981,0,1,0
long-12s,70,0.029,0.829,0.222,0.000,1.051,0,1,0
long-12s,71,0.055,1.129,0.309,0.000,1.439,0,1,0
long-12s,72,0.036,0.880,0.265,0.000,1.145,0,1,0
long-12s,73,0.041,1.115,0.289,0.000,1.404,0,1,0
long-12s,74,0.049,1.089,0.316,0.000,1.405,0,2,0
long-12s,75,1.539,15.876,0.301,0.000,16.177,0,1,0
long-12s,76,0.053,1.068,0.294,0.000,1.363,0,1,0
long-12s,77,0.031,0.706,0.260,0.000,0.966,0,2,0
long-12s,78,0.963,16.657,0.196,0.000,16.853,0,1,0
long-12s,79,0.044,1.032,0.424,0.000,1.456,0,1,0
long-12s,80,0.074,1.189,0.351,0.000,1.540,0,1,0
long-12s,81,0.027,16.248,0.383,0.000,16.631,0,1,0
long-12s,82,1.431,16.246,0.357,0.000,16.602,0,1,0
long-12s,83,0.044,1.440,0.333,0.000,1.773,0,1,0
long-12s,84,0.027,0.813,0.205,0.000,1.018,0,1,0
long-12s,85,0.048,1.119,0.291,0.000,1.410,0,1,0
long-12s,86,0.041,0.865,0.318,0.000,1.183,0,2,0
long-12s,87,0.045,1.159,0.287,0.000,1.446,0,2,0
long-12s,88,0.043,1.230,0.357,0.000,1.588,0,2,0
long-12s,89,0.042,1.108,0.574,0.000,1.682,0,2,0
long-12s,90,0.054,1.038,0.267,0.000,1.305,0,2,0
long-12s,91,0.032,0.822,0.161,0.000,0.983,0,2,0
long-12s,92,0.071,0.788,0.219,0.000,1.006,0,1,0
long-12s,93,0.105,0.756,0.254,0.000,1.010,0,1,0
long-12s,94,0.043,1.036,0.299,0.000,1.335,0,2,0
long-12s,95,0.047,1.504,0.330,0.000,1.834,0,2,0
long-12s,96,0.117,1.163,0.275,0.000,1.438,0,3,0
long-12s,97,0.049,1.180,0.321,0.000,1.501,0,2,0
long-12s,98,0.041,1.179,0.339,0.000,1.518,0,2,0
long-12s,99,0.043,1.228,0.401,0.000,1.629,0,2,0
long-12s,100,0.271,3.918,0.230,0.000,4.148,0,1,0
long-12s,101,0.032,0.734,0.164,0.000,0.897,0,1,0
long-12s,102,0.041,1.157,0.310,0.000,1.468,0,2,0
long-12s,103,0.035,0.748,0.315,0.000,1.062,0,2,0
long-12s,104,0.108,15.521,0.399,0.000,15.920,0,2,0
long-12s,105,0.055,16.864,0.311,0.000,17.176,0,1,0
long-12s,106,0.034,1.021,0.270,0.000,1.291,0,2,0
long-12s,107,0.040,1.229,0.328,0.000,1.557,0,2,0
long-12s,108,0.048,1.193,0.391,0.000,1.583,0,2,0
long-12s,109,0.049,1.799,0.362,0.000,2.161,0,2,0
long-12s,110,0.048,1.147,0.384,0.000,1.531,0,1,0
long-12s,111,0.023,0.672,0.212,0.000,0.884,0,1,0
long-12s,112,0.033,0.749,0.232,0.000,0.981,0,2,0
long-12s,113,0.032,0.707,0.247,0.000,0.953,0,2,0
long-12s,114,0.025,0.550,0.215,0.000,0.765,0,2,0
long-12s,115,0.045,1.109,0.272,0.000,1.381,0,2,0
long-12s,116,16.600,1.450,0.388,0.000,1.838,0,1,0
long-12s,117,0.039,14.202,0.230,0.000,14.432,0,1,0
long-12s,118,0.048,1.371,0.454,0.000,1.825,0,2,0
long-12s,119,0.048,1.575,0.271,0.000,1.846,0,2,0
long-12s,120,0.044,1.383,0.356,0.000,1.739,0,1,0
long-12s,121,0.033,0.963,0.246,0.000,1.209,0,1,0
long-12s,122,0.051,1.266,0.403,0.000,1.669,0,2,0
long-12s,123,0.033,0.804,0.207,0.000,1.011,0,2,0
long-12s,124,0.048,1.206,0.303,0.000,1.508,0,2,0
long-12s,125,0.041,0.813,0.235,0.000,1.048,0,2,0
long-12s,126,0.036,0.867,0.284,0.000,1.151,0,2,0
long-12s,127,0.042,1.514,0.251,0.000,1.765,0,2,0
long-12s,128,0.046,1.270,0.292,0.000,1.562,0,2,0
long-12s,129,0.039,1.115,0.298,0.000,1.413,0,2,0
long-12s,130,0.039,1.200,0.317,0.000,1.517,0,2,0
long-12s,131,0.031,0.852,0.233,0.000,1.085,0,2,0
long-12s,132,0.034,1.135,0.298,0.000,1.433,0,2,0
long-12s,133,0.036,1.063,0.264,0.000,1.328,0,2,0
long-12s,134,0.041,1.378,0.385,0.000,1.764,0,2,0
long-12s,135,15.402,1.923,0.357,0.000,2.281,0,1,0
long-12s,136,0.045,1.308,0.360,0.000,1.668,0,1,0
long-12s,137,0.024,19.495,0.307,0.000,19.802,0,1,0
long-12s,138,0.030,0.730,0.231,0.000,0.961,0,2,0
long-12s,139,0.033,1.065,0.284,0.000,1.349,0,1,0
long-12s,140,0.039,0.947,0.264,0.000,1.210,0,1,0
long-12s,141,0.039,0.967,0.249,0.000,1.216,0,2,0
long-12s,142,0.025,0.865,0.228,0.000,1.093,0,2,0
long-12s,143,0.176,1.547,0.316,0.000,1.863,0,2,0
long-12s,144,14.209,1.222,0.562,0.000,1.784,0,1,0
long-12s,145,0.076,16.078,0.367,0.000,16.445,0,1,0
long-12s,146,0.242,15.649,0.415,0.000,16.064,0,1,0
long-12s,147,0.096,15.946,0.270,0.000,16.216,0,1,0
long-12s,148,0.066,1.360,0.330,0.000,1.690,0,2,0
long-12s,149,0.049,1.235,0.272,0.000,1.507,0,2,0
long-12s,150,0.040,0.871,0.337,0.000,1.208,0,2,0
long-12s,151,0.026,0.889,0.216,0.000,1.106,0,2,0
long-12s,152,0.043,1.169,0.301,0.000,1.470,0,2,0
long-12s,153,0.054,1.320,0.305,0.000,1.625,0,2,0
long-12s,154,0.033,0.822,0.183,0.000,1.005,0,2,0
long-12s,155,0.196,0.747,0.272,0.000,1.019,0,1,0
long-12s,156,0.016,17.374,0.239,0.000,17.613,0,1,0
long-12s,157,0.040,1.338,0.405,0.000,1.743,0,2,0
long-12s,158,0.043,1.265,0.365,0.000,1.631,0,2,0
long-12s,159,0.051,1.331,0.357,0.000,1.688,0,2,0
long-12s,160,0.028,0.930,0.230,0.000,1.159,0,2,0
long-12s,161,0.051,1.269,0.327,0.000,1.596,0,2,0
long-12s,162,0.049,1.369,0.334,0.000,1.703,0,2,0
long-12s,163,1.592,16.986,0.372,0.000,17.358,0,1,0
long-12s,164,0.050,1.657,0.385,0.000,2.042,0,1,0
long-12s,165,0.050,1.348,0.261,0.000,1.608,0,1,0
long-12s,166,0.033,0.879,0.323,0.000,1.202,0,1,0
long-12s,167,0.027,0.864,0.205,0.000,1.069,0,2,0
long-12s,168,0.052,16.075,0.426,0.000,16.501,0,1,0
long-12s,169,0.090,16.769,0.411,0.000,17.180,0,1,0
long-12s,170,0.043,15.492,0.342,0.000,15.834,0,1,0
long-12s,171,0.034,17.058,0.342,0.000,17.400,0,1,0
long-12s,172,0.044,1.483,0.348,0.000,1.831,0,2,0
long-12s,173,0.044,1.452,0.344,0.000,1.796,0,1,0
long-12s,174,0.047,1.574,0.408,0.000,1.982,0,1,0
long-12s,175,0.253,1.304,0.430,0.000,1.734,0,1,0
long-12s,176,0.057,3.931,0.285,0.000,4.216,0,1,0
long-12s,177,0.038,0.708,0.313,0.000,1.021,0,2,0
long-12s,178,0.040,1.068,0.252,0.000,1.320,0,2,0
long-12s,179,1.589,14.941,0.263,0.000,15.204,0,1,0
long-12s,180,0.065,1.247,0.332,0.000,1.579,0,1,0
long-12s,181,0.232,1.621,0.423,0.000,2.044,0,2,0
long-12s,182,0.029,15.540,0.359,0.000,15.899,0,1,0
long-12s,183,0.162,1.475,0.333,0.000,1.808,0,1,0
long-12s,184,0.035,1.167,0.279,0.000,1.446,0,1,0
long-12s,185,0.159,1.916,0.273,0.000,2.189,0,2,0
long-12s,186,0.036,1.220,0.302,0.000,1.522,0,1,0
long-12s,187,0.050,1.298,0.343,0.000,1.641,0,1,0
long-12s,188,0.037,1.093,0.250,0.000,1.343,0,2,0
long-12s,189,0.037,1.304,0.317,0.000,1.621,0,2,0
long-12s,190,0.121,16.423,0.359,0.000,16.782,0,1,0
long-12s,191,0.035,14.623,0.247,0.000,14.870,0,1,0
long-12s,192,0.087,1.406,0.320,0.000,1.725,0,2,0
long-12s,193,0.040,1.323,0.353,0.000,1.676,0,2,0
long-12s,194,0.043,1.276,0.319,0.000,1.594,0,2,0
long-12s,195,0.109,2.361,0.353,0.000,2.714,0,2,0
long-12s,196,0.053,1.371,0.304,0.000,1.675,0,2,0
long-12s,197,0.057,1.491,0.340,0.000,1.830,0,2,0
long-12s,198,0.042,1.650,0.353,0.000,2.003,0,2,0
long-12s,199,0.053,1.549,0.371,0.000,1.921,0,2,0
long-12s,200,0.044,1.430,0.354,0.000,1.784,0,2,0
long-12s,201,0.040,1.335,0.328,0.000,1.663,0,2,0
long-12s,202,0.062,1.843,0.470,0.000,2.313,0,2,0
long-12s,203,0.060,1.534,0.342,0.000,1.877,0,1,0
long-12s,204,0.048,1.462,0.371,0.000,1.833,0,1,0
long-12s,205,0.195,15.392,0.448,0.000,15.840,0,1,0
long-12s,206,0.042,16.517,0.299,0.000,16.816,0,1,0
long-12s,207,0.037,1.160,0.269,0.000,1.429,0,2,0
long-12s,208,1.420,16.407,0.322,0.000,16.729,0,1,0
long-12s,209,0.017,0.538,0.158,0.000,0.696,0,1,0
long-12s,210,0.031,1.165,0.263,0.000,1.428,0,2,0
long-12s,211,1.308,15.582,0.211,0.000,15.793,0,1,0
long-12s,212,0.041,1.395,0.304,0.000,1.699,0,1,0
long-12s,213,0.054,1.910,0.504,0.000,2.415,0,2,0
long-12s,214,0.106,1.852,0.520,0.000,2.373,0,1,0
long-12s,215,0.047,1.446,0.286,0.000,1.732,0,1,0
long-12s,216,0.043,4.737,0.277,0.000,5.014,0,1,0
long-12s,217,0.025,1.006,0.226,0.000,1.232,0,2,0
long-12s,218,16.151,1.347,0.320,0.000,1.666,0,1,0
long-12s,219,0.044,1.284,0.320,0.000,1.604,0,1,0
long-12s,220,0.058,1.607,0.329,0.000,1.936,0,2,0
long-12s,221,0.030,1.082,0.209,0.000,1.291,0,2,0
long-12s,222,0.046,1.308,0.340,0.000,1.648,0,2,0
long-12s,223,0.176,1.411,0.369,0.000,1.780,0,2,0
long-12s,224,0.039,15.807,0.304,0.000,16.111,0,1,0
long-12s,225,0.041,1.484,0.355,0.000,1.839,0,2,0
long-12s,226,0.071,1.375,0.298,0.000,1.673,0,2,0
long-12s,227,0.041,1.403,0.314,0.000,1.717,0,2,0
long-12s,228,0.036,1.300,0.366,0.000,1.666,0,2,0
long-12s,229,0.048,1.429,0.338,0.000,1.767,0,2,0
long-12s,230,0.046,1.437,0.416,0.000,1.852,0,2,0
long-12s,231,0.038,15.261,0.323,0.000,15.584,0,1,0
long-12s,232,0.325,1.425,0.237,0.000,1.662,0,2,0
long-12s,233,0.153,1.902,0.352,0.000,2.255,0,1,0
long-12s,234,0.044,1.300,0.341,0.000,1.641,0,2,0
long-12s,235,0.092,1.542,0.334,0.000,1.876,0,2,0
long-12s,236,0.040,1.390,0.331,0.000,1.721,0,2,0
long-12s,237,0.124,1.366,0.262,0.000,1.628,0,3,0
long-12s,238,0.030,0.845,0.206,0.000,1.052,0,2,0
long-12s,239,0.039,1.344,0.247,0.000,1.591,0,1,0
long-12s,240,0.047,1.902,0.413,0.000,2.315,0,1,0
long-12s,241,0.042,1.358,0.338,0.000,1.696,0,1,0
long-12s,242,0.171,1.628,0.311,0.000,1.939,0,1,0
long-12s,243,0.043,1.272,0.291,0.000,1.563,0,1,0
long-12s,244,0.048,1.346,0.332,0.000,1.678,0,1,0
long-12s,245,0.033,1.100,0.224,0.000,1.324,0,2,0
long-12s,246,0.041,1.371,0.338,0.000,1.709,0,1,0
long-12s,247,0.048,1.594,0.330,0.000,1.924,0,1,0
long-12s,248,0.036,1.194,0.270,0.000,1.464,0,2,0
long-12s,249,0.058,1.104,0.303,0.000,1.408,0,2,0
long-12s,250,0.237,2.315,0.263,0.000,2.578,0,2,0
long-12s,251,0.023,14.578,0.388,0.000,14.966,0,1,0
long-12s,252,0.039,19.552,0.264,0.000,19.816,0,1,0
long-12s,253,0.158,1.407,0.317,0.000,1.724,0,2,0
long-12s,254,0.036,1.187,0.317,0.000,1.504,0,1,0
long-12s,255,0.043,1.435,0.422,0.000,1.858,0,1,0
long-12s,256,0.049,1.582,0.381,0.000,1.963,0,2,0
long-12s,257,0.064,1.309,0.319,0.000,1.628,0,2,0
long-12s,258,0.035,1.230,0.288,0.000,1.518,0,2,0
long-12s,259,0.167,1.383,0.318,0.000,1.702,0,2,0
long-12s,260,0.032,1.290,0.234,0.000,1.525,0,2,0
long-12s,261,0.048,1.140,0.322,0.000,1.462,0,1,0
long-12s,262,0.043,1.289,0.304,0.000,1.594,0,2,0
long-12s,263,0.021,0.871,0.162,0.000,1.033,0,2,0
long-12s,264,0.028,0.941,0.226,0.000,1.167,0,2,0
long-12s,265,0.028,1.123,0.253,0.000,1.376,0,2,0
long-12s,266,0.017,0.652,0.205,0.000,0.857,0,2,0
long-12s,267,0.044,0.614,0.195,0.000,0.808,0,2,0
long-12s,268,0.040,1.416,0.391,0.000,1.807,0,2,0
long-12s,269,0.042,1.555,0.429,0.000,1.984,0,2,0
long-12s,270,0.177,1.721,0.447,0.000,2.168,0,2,0
long-12s,271,0.034,1.262,0.302,0.000,1.564,0,1,0
long-12s,272,0.023,17.716,0.424,0.000,18.140,0,1,0
long-12s,273,2.041,16.627,0.384,0.000,17.011,0,1,0
long-12s,274,0.039,1.319,0.346,0.000,1.665,0,1,0
long-12s,275,0.041,1.432,0.340,0.000,1.772,0,1,0
long-12s,276,0.050,1.529,0.438,0.000,1.967,0,1,0
long-12s,277,0.052,1.759,0.350,0.000,2.109,0,2,0
long-12s,278,0.326,1.716,0.363,0.000,2.079,0,1,0
long-12s,279,0.052,1.960,0.505,0.000,2.465,0,1,0
long-12s,280,0.127,17.274,0.365,0.000,17.639,0,1,0
long-12s,281,0.043,13.980,0.379,0.000,14.358,0,1,0
long-12s,282,0.128,1.992,0.361,0.000,2.353,0,1,0
long-12s,283,0.120,13.974,0.283,0.000,14.256,0,1,0
long-12s,284,0.040,1.358,0.365,0.000,1.723,0,2,0
long-12s,285,0.040,1.600,0.328,0.000,1.929,0,1,0
long-12s,286,0.052,1.505,0.421,0.000,1.926,0,1,0
long-12s,287,0.043,1.630,0.339,0.000,1.968,0,2,0
long-12s,288,0.364,1.535,0.364,0.000,1.900,0,1,0
long-12s,289,0.031,15.228,0.343,0.000,15.570,0,1,0
long-12s,290,0.055,1.784,0.372,0.000,2.156,0,1,0
long-12s,291,0.116,5.554,0.363,0.000,5.917,0,1,0
long-12s,292,0.038,1.651,0.289,0.000,1.940,0,2,0
long-12s,293,0.048,1.664,0.344,0.000,2.008,0,2,0
long-12s,294,0.052,2.029,0.366,0.000,2.395,0,1,0
long-12s,295,0.046,1.569,0.334,0.000,1.903,0,1,0
long-12s,296,0.044,1.485,0.372,0.000,1.857,0,2,0
long-12s,297,0.098,1.851,0.416,0.000,2.268,0,2,0
long-12s,298,14.424,1.898,0.600,0.000,2.498,0,1,0
long-12s,299,0.362,2.038,0.359,0.000,2.397,0,2,0
long-12s,300,0.049,1.801,0.379,0.000,2.180,0,1,0
long-12s,301,0.050,1.685,0.343,0.000,2.027,0,2,0
long-12s,302,2.355,13.891,0.434,0.000,14.325,0,1,0
long-12s,303,0.127,1.925,0.403,0.000,2.328,0,2,0
long-12s,304,0.135,1.838,0.348,0.000,2.186,0,2,0
long-12s,305,0.146,2.140,0.415,0.000,2.554,0,1,0
long-12s,306,0.036,14.373,0.352,0.000,14.725,0,1,0
long-12s,307,0.055,1.784,0.420,0.000,2.204,0,2,0
long-12s,308,0.070,1.993,0.382,0.000,2.375,0,2,0
long-12s,309,0.087,2.345,0.430,0.000,2.775,0,1,0
long-12s,310,0.051,1.996,0.410,0.000,2.407,0,2,0
long-12s,311,0.045,1.596,0.336,0.000,1.932,0,2,0
long-12s,312,0.047,1.736,0.337,0.000,2.073,0,2,0
long-12s,313,0.039,1.504,0.343,0.000,1.847,0,2,0
long-12s,314,0.037,12.072,0.365,0.000,12.437,0,1,0
long-12s,315,0.052,1.639,0.341,0.000,1.980,0,1,0
long-12s,316,0.056,1.527,0.421,0.000,1.948,0,1,0
long-12s,317,0.040,16.888,0.376,0.000,17.264,0,1,0
long-12s,318,0.046,2.191,0.358,0.000,2.549,0,2,0
long-12s,319,0.045,1.639,0.356,0.000,1.994,0,2,0
long-12s,320,0.043,1.602,0.436,0.000,2.038,0,2,0
long-12s,321,0.035,1.587,0.412,0.000,2.000,0,2,0
long-12s,322,0.049,1.626,0.345,0.000,1.972,0,2,0
long-12s,323,0.201,2.162,0.429,0.000,2.590,0,3,0
long-12s,324,12.170,1.630,0.420,0.000,2.050,0,1,0
long-12s,325,0.042,16.701,0.366,0.000,17.067,0,1,0
long-12s,326,0.052,2.362,0.425,0.000,2.788,0,2,0
long-12s,327,0.044,1.802,0.319,0.000,2.121,0,2,0
long-12s,328,0.267,1.698,0.339,0.000,2.037,0,1,0
long-12s,329,0.043,1.643,0.317,0.000,1.960,0,1,0
long-12s,330,0.050,5.981,0.481,0.000,6.462,0,2,0
long-12s,331,9.860,1.769,0.407,0.000,2.176,0,1,0
long-12s,332,0.114,16.110,0.332,0.000,16.442,0,1,0
long-12s,333,0.046,1.784,0.349,0.000,2.133,0,2,0
long-12s,334,2.259,15.551,0.431,0.000,15.982,0,1,0
long-12s,335,0.042,1.728,0.345,0.000,2.073,0,1,0
long-12s,336,0.043,1.694,0.323,0.000,2.017,0,2,0
long-12s,337,0.181,1.707,0.361,0.000,2.068,0,2,0
long-12s,338,0.128,1.850,0.345,0.000,2.195,0,2,0
long-12s,339,0.030,16.102,0.348,0.000,16.450,0,1,0
long-12s,340,0.041,1.690,0.329,0.000,2.019,0,2,0
long-12s,341,0.127,2.025,0.509,0.000,2.533,0,2,0
long-12s,342,0.297,2.290,0.422,0.000,2.711,0,2,0
long-12s,343,0.044,1.703,0.342,0.000,2.045,0,1,0
long-12s,344,0.134,2.044,0.345,0.000,2.388,0,1,0
long-12s,345,0.043,1.776,0.386,0.000,2.162,0,2,0
long-12s,346,0.243,1.922,0.538,0.000,2.460,0,2,0
long-12s,347,0.136,2.170,0.466,0.000,2.635,0,2,0
long-12s,348,0.049,2.927,0.512,0.000,3.439,0,1,0
long-12s,349,0.048,1.877,0.382,0.000,2.258,0,1,0
long-12s,350,0.043,1.744,0.365,0.000,2.110,0,1,0
long-12s,351,2.019,16.468,0.407,0.000,16.875,0,1,0
long-12s,352,0.091,16.698,0.344,0.000,17.042,0,1,0
long-12s,353,0.044,1.684,0.340,0.000,2.024,0,1,0
long-12s,354,0.026,17.746,0.362,0.000,18.108,0,1,0
long-12s,355,0.046,1.784,0.373,0.000,2.157,0,2,0
long-12s,356,0.164,2.405,0.581,0.000,2.986,0,2,0
long-12s,357,0.052,2.361,0.728,0.000,3.090,0,1,0
long-12s,358,0.045,1.634,0.362,0.000,1.996,0,1,0
long-12s,359,0.043,1.762,0.343,0.000,2.105,0,2,0
long-12s,360,0.180,3.177,0.403,0.000,3.580,0,2,0
long-12s,361,0.048,1.637,0.355,0.000,1.992,0,1,0
long-12s,362,0.045,1.953,0.325,0.000,2.278,0,1,0
long-12s,363,0.045,1.839,0.379,0.000,2.219,0,2,0
long-12s,364,0.038,1.646,0.330,0.000,1.976,0,2,0
long-12s,365,0.048,1.552,0.354,0.000,1.906,0,2,0
long-12s,366,0.036,0.982,0.431,0.000,1.414,0,2,0
long-12s,367,0.026,1.156,0.257,0.000,1.412,0,2,0
long-12s,368,0.043,1.464,0.316,0.000,1.779,0,2,0
long-12s,369,0.246,1.656,0.312,0.000,1.969,0,1,0
long-12s,370,0.051,1.791,0.342,0.000,2.134,0,1,0
long-12s,371,0.048,1.837,0.350,0.000,2.187,0,1,0
long-12s,372,0.045,5.929,0.425,0.000,6.354,0,1,0
long-12s,373,0.050,1.881,0.340,0.000,2.221,0,2,0
long-12s,374,0.054,1.641,0.334,0.000,1.975,0,2,0
long-12s,375,0.046,1.735,0.323,0.000,2.059,0,2,0
long-12s,376,0.056,1.843,0.364,0.000,2.207,0,2,0
long-12s,377,0.047,1.815,0.340,0.000,2.155,0,2,0
long-12s,378,0.052,2.277,0.374,0.000,2.651,0,2,0
long-12s,379,0.045,1.658,0.345,0.000,2.003,0,1,0
long-12s,380,0.052,1.805,0.339,0.000,2.145,0,1,0
long-12s,381,0.052,1.827,0.337,0.000,2.164,0,2,0
long-12s,382,2.158,16.559,0.343,0.000,16.902,0,1,0
long-12s,383,0.059,1.767,0.344,0.000,2.111,0,1,0
long-12s,384,0.047,1.984,0.344,0.000,2.327,0,2,0
long-12s,385,0.049,1.823,0.354,0.000,2.177,0,2,0
long-12s,386,0.050,1.768,0.336,0.000,2.103,0,2,0
long-12s,387,0.045,2.373,0.389,0.000,2.762,0,2,0
long-12s,388,0.058,1.882,0.352,0.000,2.233,0,1,0
long-12s,389,0.057,1.794,0.346,0.000,2.140,0,1,0
long-12s,390,0.061,1.777,0.343,0.000,2.120,0,2,0
long-12s,391,0.052,1.805,0.345,0.000,2.150,0,2,0
long-12s,392,0.249,1.951,0.589,0.000,2.540,0,2,0
long-12s,393,0.051,2.185,0.364,0.000,2.549,0,1,0
long-12s,394,0.052,1.990,0.373,0.000,2.363,0,1,0
long-12s,395,0.048,1.732,0.356,0.000,2.088,0,2,0
long-12s,396,0.056,1.870,0.325,0.000,2.195,0,2,0
long-12s,397,0.303,1.705,0.369,0.000,2.074,0,1,0
long-12s,398,0.057,1.765,0.521,0.000,2.286,0,1,0
long-12s,399,0.037,1.701,0.324,0.000,2.025,0,2,0
long-12s,400,0.153,2.075,0.444,0.000,2.518,0,2,0
long-12s,401,13.252,1.676,0.394,0.000,2.070,0,1,0
long-12s,402,0.046,1.887,0.360,0.000,2.247,0,1,0
long-12s,403,0.057,1.767,0.319,0.000,2.086,0,2,0
long-12s,404,0.049,1.788,0.352,0.000,2.140,0,2,0
long-12s,405,0.147,1.774,0.402,0.000,2.176,0,2,0
long-12s,406,0.045,2.299,0.529,0.000,2.827,0,2,0
long-12s,407,0.052,1.892,0.372,0.000,2.264,0,1,0
long-12s,408,0.038,1.602,0.323,0.000,1.926,0,1,0
long-12s,409,0.054,5.657,0.429,0.000,6.086,0,2,0
long-12s,410,0.049,1.745,0.328,0.000,2.073,0,2,0
long-12s,411,0.054,1.493,0.422,0.000,1.915,0,2,0
long-12s,412,0.054,2.056,0.376,0.000,2.432,0,2,0
long-12s,413,14.209,1.883,0.453,0.000,2.336,0,1,0
long-12s,414,0.032,15.831,0.371,0.000,16.201,0,1,0
long-12s,415,15.378,2.177,0.769,0.000,2.946,0,1,0
long-12s,416,0.040,14.687,0.326,0.000,15.013,0,1,0
long-12s,417,0.047,2.392,0.508,0.000,2.901,0,2,0
long-12s,418,0.046,1.928,0.341,0.000,2.270,0,1,0
long-12s,419,0.057,1.896,0.345,0.000,2.240,0,1,0
long-12s,420,0.058,1.933,0.341,0.000,2.274,0,2,0
long-12s,421,0.053,1.590,0.397,0.000,1.987,0,2,0
long-12s,422,0.044,1.848,0.352,0.000,2.200,0,2,0
long-12s,423,0.054,1.802,0.359,0.000,2.162,0,2,0
long-12s,424,2.359,15.750,0.351,0.000,16.101,0,1,0
long-12s,425,0.053,1.899,0.362,0.000,2.260,0,1,0
long-12s,426,0.050,1.796,0.340,0.000,2.135,0,2,0
long-12s,427,0.057,1.916,0.351,0.000,2.266,0,1,0
long-12s,428,0.055,1.944,0.356,0.000,2.300,0,1,0
long-12s,429,0.055,1.912,0.417,0.000,2.329,0,2,0
long-12s,430,0.066,1.936,0.350,0.000,2.285,0,2,0
long-12s,431,0.050,1.886,0.356,0.000,2.242,0,2,0
long-12s,432,0.045,2.039,0.377,0.000,2.417,0,2,0
long-12s,433,0.042,1.437,0.299,0.000,1.736,0,2,0
long-12s,434,0.051,1.908,0.366,0.000,2.274,0,2,0
long-12s,435,0.276,1.685,0.406,0.000,2.091,0,1,0
long-12s,436,0.052,1.874,0.348,0.000,2.223,0,1,0
long-12s,437,0.056,2.065,0.370,0.000,2.435,0,1,0
long-12s,438,0.058,2.102,0.370,0.000,2.472,0,1,0
long-12s,439,0.032,1.497,0.297,0.000,1.794,0,2,0
long-12s,440,0.050,1.821,0.336,0.000,2.156,0,2,0
long-12s,441,0.053,1.942,0.355,0.000,2.297,0,2,0
long-12s,442,0.042,1.842,0.322,0.000,2.164,0,2,0
long-12s,443,0.053,1.999,0.447,0.000,2.446,0,2,0
long-12s,444,0.209,2.847,0.505,0.000,3.352,0,2,0
long-12s,445,0.153,2.667,0.688,0.000,3.355,0,2,0
long-12s,446,0.045,1.979,0.365,0.000,2.344,0,1,0
long-12s,447,0.044,6.087,0.352,0.000,6.439,0,2,0
long-12s,448,0.047,2.097,0.379,0.000,2.476,0,2,0
long-12s,449,0.050,1.860,0.360,0.000,2.219,0,2,0
long-12s,450,0.053,2.049,0.446,0.000,2.495,0,2,0
long-12s,451,0.060,2.069,0.579,0.000,2.649,0,2,0
long-12s,452,0.043,1.927,0.361,0.000,2.288,0,2,0
long-12s,453,0.339,1.962,0.320,0.000,2.283,0,1,0
long-12s,454,0.053,1.867,0.324,0.000,2.191,0,1,0
long-12s,455,0.063,1.902,0.348,0.000,2.250,0,2,0
long-12s,456,1.575,6.710,0.378,0.000,7.088,0,2,0
